# Blender 4.3.2
# www.blender.org
o femur
v -1.562118 0.898920 -5.258588
v -1.610279 0.908601 -5.258298
v -1.678896 0.919258 -5.258311
v -1.757934 0.930262 -5.258554
v -1.842297 0.942373 -5.258512
v -1.928655 0.957476 -5.256227
v -2.014466 0.977322 -5.254226
v -2.098725 1.002957 -5.254939
v -2.180340 1.035551 -5.254752
v -2.259108 1.074537 -5.253644
v -2.334545 1.119665 -5.256857
v -2.408445 1.170520 -5.263062
v -2.479472 1.227268 -5.263318
v -2.544633 1.285865 -5.259059
v -2.604635 1.342432 -5.252813
v -2.657263 1.391833 -5.242260
v -2.696858 1.424822 -5.234581
v -1.536614 0.931397 -5.257481
v -1.596457 0.964954 -5.256047
v -1.667325 0.989412 -5.254282
v -1.745373 1.009549 -5.255383
v -1.827236 1.028017 -5.255209
v -1.910173 1.047219 -5.253263
v -1.992286 1.069441 -5.253014
v -2.072439 1.096038 -5.252121
v -2.149913 1.128141 -5.252453
v -2.224554 1.165908 -5.252377
v -2.296328 1.209056 -5.257377
v -2.366198 1.257183 -5.262736
v -2.434454 1.308744 -5.262044
v -2.500364 1.360831 -5.256954
v -2.564576 1.409630 -5.251560
v -2.627390 1.449432 -5.242094
v -2.690515 1.472540 -5.232088
v -1.501285 0.974496 -5.255791
v -1.570919 1.018759 -5.253901
v -1.646273 1.052794 -5.251587
v -1.725651 1.080340 -5.250397
v -1.806968 1.104410 -5.249164
v -1.888347 1.127684 -5.247550
v -1.968333 1.152537 -5.247931
v -2.046008 1.180547 -5.248728
v -2.120905 1.212768 -5.249863
v -2.192950 1.249711 -5.252467
v -2.262709 1.291211 -5.255521
v -2.331076 1.336643 -5.257183
v -2.398744 1.384673 -5.258305
v -2.466737 1.432550 -5.253360
v -2.535873 1.476965 -5.248035
v -2.607454 1.513250 -5.240107
v -2.683355 1.536129 -5.228431
v -1.461966 1.021785 -5.254836
v -1.539232 1.071220 -5.251823
v -1.619156 1.111245 -5.248451
v -1.700743 1.144269 -5.245092
v -1.782697 1.173075 -5.243423
v -1.863764 1.200137 -5.242461
v -1.942961 1.227628 -5.242371
v -2.019604 1.257190 -5.242676
v -2.093373 1.289978 -5.244074
v -2.164433 1.326596 -5.247267
v -2.233549 1.366974 -5.250307
v -2.301833 1.410571 -5.251823
v -2.370401 1.456288 -5.253637
v -2.440936 1.501776 -5.249365
v -2.514511 1.544294 -5.244261
v -2.592552 1.580240 -5.237233
v -2.675357 1.605459 -5.221029
v -1.421630 1.071033 -5.255639
v -1.504733 1.122602 -5.249206
v -1.588632 1.166075 -5.244386
v -1.672567 1.203018 -5.240550
v -1.755697 1.235598 -5.238583
v -1.837215 1.265977 -5.238078
v -1.916502 1.296030 -5.237614
v -1.993089 1.327337 -5.237766
v -2.066837 1.361018 -5.239082
v -2.138057 1.397726 -5.242322
v -2.207609 1.437536 -5.245466
v -2.276780 1.480088 -5.247544
v -2.346947 1.524482 -5.249600
v -2.419982 1.568773 -5.244691
v -2.497081 1.610965 -5.239823
v -2.579679 1.648303 -5.233293
v -2.666494 1.676576 -5.212955
v -1.381841 1.121445 -5.253042
v -1.469521 1.173394 -5.246367
v -1.556661 1.218585 -5.240723
v -1.642700 1.258097 -5.236568
v -1.727105 1.293606 -5.234851
v -1.809433 1.326755 -5.233992
v -1.889316 1.359190 -5.233410
v -1.966443 1.392318 -5.234712
v -2.040856 1.427107 -5.235917
v -2.112914 1.464272 -5.239075
v -2.183587 1.503964 -5.241506
v -2.254143 1.546046 -5.243638
v -2.326153 1.589851 -5.245079
v -2.401133 1.633740 -5.240127
v -2.480677 1.676562 -5.237309
v -2.565892 1.715867 -5.229172
v -2.654909 1.748309 -5.206833
v -1.343790 1.173262 -5.251262
v -1.434939 1.224221 -5.243652
v -1.524579 1.269841 -5.237177
v -1.612329 1.311008 -5.234345
v -1.697849 1.348637 -5.232392
v -1.781000 1.384084 -5.231097
v -1.861624 1.418694 -5.231347
v -1.939589 1.453546 -5.232510
v -2.014992 1.489554 -5.233653
v -2.088234 1.527356 -5.235737
v -2.160216 1.567249 -5.237918
v -2.232192 1.609199 -5.239920
v -2.305649 1.652783 -5.240702
v -2.382132 1.697045 -5.239269
v -2.463019 1.740872 -5.237766
v -2.549162 1.782600 -5.226382
v -2.638594 1.819432 -5.201799
v -1.308162 1.226749 -5.249801
v -1.401915 1.275734 -5.241588
v -1.493384 1.320980 -5.235716
v -1.582290 1.362867 -5.232469
v -1.668578 1.402040 -5.230121
v -1.752353 1.439447 -5.229567
v -1.833621 1.475961 -5.230433
v -1.912389 1.512433 -5.231444
v -1.988761 1.549646 -5.232773
v -2.063139 1.588182 -5.234303
v -2.136326 1.628387 -5.236326
v -2.209444 1.670351 -5.238874
v -2.283974 1.713893 -5.238555
v -2.361240 1.758523 -5.237316
v -2.442549 1.803658 -5.235689
v -2.528235 1.847906 -5.223737
v -2.617225 1.888554 -5.199057
v -1.275533 1.282112 -5.248915
v -1.371038 1.328438 -5.239954
v -1.463642 1.372610 -5.234899
v -1.553095 1.414726 -5.231187
v -1.639667 1.455111 -5.229435
v -1.723671 1.494138 -5.229387
v -1.805278 1.532362 -5.229595
v -1.884593 1.570331 -5.230384
v -1.961700 1.608673 -5.231936
v -2.036950 1.647866 -5.233860
v -2.111037 1.688293 -5.236035
v -2.184951 1.730145 -5.238645
v -2.260056 1.773452 -5.236332
v -2.337461 1.818068 -5.233777
v -2.418223 1.863861 -5.231845
v -2.502095 1.909079 -5.214478
v -2.590045 1.954159 -5.194258
v -1.246352 1.339427 -5.248776
v -1.342834 1.382692 -5.240681
v -1.435618 1.425411 -5.234692
v -1.524925 1.467506 -5.231070
v -1.611165 1.508798 -5.230682
v -1.694850 1.549300 -5.230544
v -1.776312 1.589117 -5.230779
v -1.855724 1.628505 -5.231153
v -1.933198 1.667830 -5.232171
v -2.008988 1.707502 -5.233791
v -2.083643 1.747914 -5.235716
v -2.158035 1.789393 -5.236838
v -2.233216 1.832063 -5.234179
v -2.310288 1.876270 -5.231437
v -2.390123 1.922326 -5.228397
v -2.472527 1.969296 -5.211224
v -2.559591 2.018240 -5.196668
v -1.220655 1.398695 -5.249995
v -1.317109 1.438748 -5.242509
v -1.409235 1.479922 -5.236977
v -1.497518 1.521851 -5.234054
v -1.582629 1.564071 -5.232157
v -1.665351 1.606020 -5.231735
v -1.746100 1.647402 -5.232129
v -1.825117 1.688119 -5.232642
v -1.902514 1.728296 -5.233535
v -1.978485 1.768224 -5.234733
v -2.053417 1.808297 -5.235938
v -2.127947 1.848938 -5.235405
v -2.202997 1.890569 -5.233576
v -2.279508 1.933800 -5.231749
v -2.358221 1.979503 -5.227268
v -2.439004 2.028038 -5.213211
v -2.523901 2.080832 -5.198302
v -1.198081 1.459910 -5.251768
v -1.293558 1.496645 -5.246477
v -1.383835 1.536379 -5.240737
v -1.470082 1.578377 -5.237323
v -1.553261 1.621656 -5.235654
v -1.634238 1.665247 -5.234352
v -1.713671 1.708291 -5.234262
v -1.791803 1.750358 -5.234657
v -1.868770 1.791332 -5.235647
v -1.944665 1.831315 -5.237524
v -2.019756 1.870709 -5.239234
v -2.094411 1.910069 -5.238064
v -2.169315 1.950018 -5.237274
v -2.245044 1.991642 -5.234428
v -2.322039 2.036209 -5.228923
v -2.400337 2.084910 -5.214686
v -2.480794 2.139096 -5.196980
v -1.178193 1.522682 -5.252903
v -1.271184 1.556190 -5.250923
v -1.358255 1.594858 -5.245425
v -1.441296 1.637389 -5.241720
v -1.521636 1.682171 -5.240024
v -1.600252 1.727666 -5.239283
v -1.677809 1.772663 -5.238507
v -1.754693 1.816295 -5.238334
v -1.831010 1.858120 -5.239788
v -1.906787 1.898180 -5.241408
v -1.982093 1.936805 -5.241775
v -2.057094 1.974531 -5.240557
v -2.132102 2.012236 -5.239407
v -2.207277 2.051381 -5.236284
v -2.282638 2.093705 -5.230343
v -2.358124 2.141208 -5.218301
v -2.433028 2.195082 -5.197056
v -1.160687 1.586181 -5.254842
v -1.248555 1.616823 -5.253201
v -1.330771 1.654992 -5.250674
v -1.409366 1.698825 -5.247578
v -1.485981 1.745878 -5.245563
v -1.561661 1.793908 -5.244621
v -1.637091 1.841266 -5.244234
v -1.712619 1.886830 -5.244151
v -1.788403 1.929888 -5.245162
v -1.864359 1.970279 -5.246117
v -1.940337 2.008234 -5.244940
v -2.016315 2.044166 -5.243680
v -2.092119 2.079073 -5.242371
v -2.167210 2.114742 -5.235883
v -2.241228 2.153361 -5.228951
v -2.313577 2.197492 -5.219214
v -2.382367 2.248914 -5.196204
v -1.145114 1.648427 -5.256989
v -1.224214 1.676791 -5.255611
v -1.298952 1.715825 -5.254649
v -1.371869 1.762207 -5.253824
v -1.444191 1.812604 -5.252197
v -1.516671 1.864041 -5.250355
v -1.590052 1.914439 -5.250639
v -1.664555 1.962551 -5.251061
v -1.740325 2.007458 -5.251754
v -1.817251 2.048750 -5.252501
v -1.894821 2.086455 -5.249870
v -1.972904 2.120766 -5.248458
v -2.050730 2.152724 -5.245293
v -2.127165 2.183996 -5.238528
v -2.200622 2.216964 -5.228383
v -2.269841 2.254828 -5.219485
v -2.331865 2.300510 -5.194951
v -1.131521 1.705265 -5.259184
v -1.195615 1.733192 -5.258222
v -1.259890 1.775564 -5.257695
v -1.326042 1.826606 -5.257349
v -1.394007 1.881990 -5.257390
v -1.463538 1.937671 -5.256670
v -1.535333 1.991967 -5.257065
v -1.609455 2.043598 -5.256262
v -1.686194 2.091350 -5.254628
v -1.765316 2.134408 -5.256012
v -1.846127 2.172535 -5.255292
v -1.927969 2.205940 -5.252467
v -2.009708 2.234844 -5.247294
v -2.089640 2.261012 -5.241159
v -2.165050 2.286571 -5.230973
v -2.232385 2.314083 -5.217387
v -2.285678 2.346719 -5.190644
v -1.120524 1.747727 -5.255687
v -1.157710 1.782004 -5.257972
v -1.209589 1.832215 -5.260964
v -1.269370 1.890687 -5.261476
v -1.333749 1.953750 -5.259960
v -1.400572 2.014452 -5.255645
v -1.471633 2.073485 -5.255507
v -1.546295 2.129457 -5.255181
v -1.625742 2.181129 -5.254697
v -1.708900 2.227185 -5.250965
v -1.794829 2.266953 -5.246906
v -1.882343 2.300808 -5.249649
v -1.971083 2.326928 -5.248105
v -2.056284 2.347411 -5.234130
v -2.137358 2.364571 -5.223847
v -2.206972 2.376536 -5.207138
v -2.253402 2.383392 -5.189660
v -1.539862 0.848834 -5.250507
v -1.487546 0.876104 -5.255826
v -1.436996 0.915650 -5.258249
v -1.387567 0.961125 -5.259094
v -1.339607 1.010276 -5.259849
v -1.294112 1.062253 -5.257799
v -1.251629 1.116695 -5.257010
v -1.212532 1.173900 -5.256940
v -1.177085 1.233570 -5.256089
v -1.146035 1.295594 -5.254454
v -1.119395 1.359786 -5.254198
v -1.096759 1.426186 -5.255576
v -1.078200 1.494367 -5.256691
v -1.064607 1.563724 -5.257612
v -1.056415 1.633027 -5.255092
v -1.056298 1.699601 -5.251082
v -1.066505 1.761043 -5.248576
v -1.508202 0.772171 -5.238112
v -1.438789 0.802667 -5.244206
v -1.374404 0.842969 -5.252890
v -1.314297 0.890265 -5.254191
v -1.258242 0.941611 -5.254981
v -1.206508 0.996600 -5.256574
v -1.158908 1.055169 -5.259398
v -1.115781 1.117782 -5.261525
v -1.076178 1.183096 -5.259710
v -1.042234 1.251096 -5.255015
v -1.013635 1.321492 -5.250210
v -0.989357 1.394638 -5.249330
v -0.969684 1.469992 -5.247571
v -0.958120 1.547465 -5.245903
v -0.955668 1.626365 -5.243881
v -0.965079 1.705729 -5.240148
v -0.985334 1.782731 -5.237808
v -1.435666 0.652733 -5.248056
v -1.347467 0.690815 -5.263131
v -1.266510 0.738787 -5.271953
v -1.194348 0.791775 -5.271538
v -1.127144 0.848163 -5.271939
v -1.066892 0.909176 -5.274210
v -1.011786 0.974649 -5.277292
v -0.961575 1.044526 -5.278622
v -0.916246 1.118661 -5.278788
v -0.876858 1.195408 -5.269578
v -0.843925 1.274903 -5.264024
v -0.815083 1.357660 -5.264523
v -0.788416 1.443380 -5.259627
v -0.776693 1.532591 -5.255265
v -0.776354 1.624696 -5.255819
v -0.797446 1.722099 -5.244490
v -0.829861 1.814065 -5.227504
v -1.097610 1.820575 -5.248638
v -1.142524 1.885660 -5.250570
v -1.199348 1.953909 -5.247599
v -1.261968 2.023939 -5.245716
v -1.327849 2.092403 -5.241568
v -1.398924 2.156893 -5.236554
v -1.474583 2.218640 -5.237330
v -1.559203 2.274799 -5.243493
v -1.648275 2.326021 -5.238998
v -1.741807 2.369605 -5.234622
v -1.838780 2.406008 -5.230211
v -1.935808 2.429372 -5.221216
v -2.029111 2.441435 -5.210974
v -2.119139 2.452507 -5.192846
v -2.200006 2.448823 -5.176316
v -2.267542 2.435327 -5.166996
v -1.016024 1.860364 -5.235023
v -1.060099 1.938301 -5.221368
v -1.118274 2.013780 -5.207983
v -1.183857 2.087611 -5.195899
v -1.251629 2.162218 -5.188795
v -1.321908 2.235010 -5.189141
v -1.399381 2.304817 -5.184294
v -1.487934 2.367264 -5.193254
v -1.582913 2.427731 -5.191038
v -1.686402 2.475615 -5.184799
v -1.797398 2.508133 -5.173872
v -1.907382 2.525514 -5.146561
v -2.005782 2.523257 -5.122837
v -2.105054 2.528824 -5.109500
v -2.197783 2.515307 -5.098532
v -2.277520 2.489160 -5.088871
v -0.873057 1.898747 -5.206958
v -0.921010 1.988374 -5.181780
v -0.984080 2.068527 -5.163707
v -1.052122 2.157343 -5.158492
v -1.132074 2.237288 -5.135287
v -1.215669 2.306494 -5.122068
v -1.304908 2.375463 -5.115393
v -1.393744 2.447355 -5.108642
v -1.487844 2.526373 -5.095678
v -1.609386 2.578744 -5.085112
v -1.737520 2.601727 -5.076158
v -1.856604 2.605238 -5.054816
v -1.970743 2.600529 -5.037719
v -2.079779 2.595516 -5.028114
v -2.184917 2.579457 -5.017028
v -2.280242 2.553026 -5.011571
v -2.326623 2.401791 -5.163769
v -2.387304 2.359135 -5.163651
v -2.448242 2.309520 -5.165050
v -2.506173 2.254378 -5.161858
v -2.559770 2.195823 -5.160279
v -2.607689 2.133591 -5.160348
v -2.647790 2.067578 -5.158520
v -2.679962 1.998179 -5.157758
v -2.710057 1.927547 -5.165729
v -2.734764 1.852373 -5.174855
v -2.751979 1.773999 -5.184744
v -2.761230 1.695501 -5.192389
v -2.765558 1.618118 -5.202187
v -2.768238 1.541094 -5.209333
v -2.763723 1.467250 -5.213100
v -2.749417 1.400697 -5.220184
v -2.356510 2.462880 -5.090908
v -2.434316 2.422454 -5.096406
v -2.506097 2.372652 -5.097050
v -2.575164 2.316375 -5.099425
v -2.636178 2.253568 -5.096800
v -2.689449 2.185886 -5.097299
v -2.734466 2.115538 -5.102631
v -2.767615 2.038868 -5.104736
v -2.802965 1.961506 -5.117304
v -2.833039 1.878174 -5.130856
v -2.853869 1.788970 -5.138951
v -2.859761 1.700757 -5.146568
v -2.857026 1.615299 -5.154199
v -2.851071 1.528997 -5.159842
v -2.839728 1.442563 -5.158133
v -2.816122 1.359363 -5.161082
v -2.376862 2.527771 -5.014999
v -2.468739 2.488654 -5.017159
v -2.557208 2.441407 -5.021577
v -2.637237 2.382145 -5.022027
v -2.712030 2.317067 -5.024659
v -2.772850 2.238562 -5.022990
v -2.817507 2.155452 -5.027263
v -2.863688 2.078872 -5.040350
v -2.912715 1.995360 -5.064989
v -2.948370 1.899357 -5.074067
v -2.965889 1.790896 -5.070002
v -2.958286 1.692745 -5.072391
v -2.944236 1.599788 -5.076428
v -2.931058 1.505391 -5.082473
v -2.909405 1.407698 -5.085638
v -2.869075 1.318549 -5.088837
v -2.710001 1.340203 -5.237877
v -2.658011 1.272542 -5.236111
v -2.599719 1.206792 -5.236762
v -2.534911 1.139518 -5.250971
v -2.457520 1.076262 -5.251726
v -2.376931 1.022976 -5.242786
v -2.296903 0.975355 -5.241048
v -2.211937 0.934680 -5.242669
v -2.124700 0.901600 -5.244497
v -2.034506 0.876360 -5.248250
v -1.943058 0.858196 -5.252640
v -1.851334 0.846764 -5.258471
v -1.761867 0.841099 -5.256026
v -1.677995 0.838537 -5.252696
v -1.603001 0.840012 -5.248361
v -2.770350 1.281468 -5.166961
v -2.717999 1.203773 -5.172736
v -2.659992 1.126112 -5.184280
v -2.589512 1.050315 -5.203351
v -2.510287 0.977460 -5.213322
v -2.419199 0.924362 -5.208571
v -2.333257 0.874248 -5.205158
v -2.243299 0.828552 -5.210185
v -2.149296 0.793499 -5.213135
v -2.052420 0.767975 -5.221611
v -1.953314 0.749659 -5.236388
v -1.853550 0.744348 -5.243485
v -1.758107 0.744140 -5.244317
v -1.667186 0.747589 -5.241069
v -1.583674 0.755988 -5.237025
v -2.825422 1.227109 -5.095782
v -2.769477 1.138965 -5.105629
v -2.704760 1.053002 -5.121992
v -2.634571 0.965695 -5.136943
v -2.553441 0.882578 -5.151630
v -2.461932 0.818324 -5.158077
v -2.368421 0.752865 -5.173255
v -2.266676 0.704413 -5.180277
v -2.164489 0.660993 -5.189549
v -2.054172 0.633362 -5.204507
v -1.939153 0.614479 -5.217823
v -1.828095 0.617052 -5.219208
v -1.722743 0.623189 -5.218883
v -1.621497 0.627404 -5.225821
v -1.524939 0.637434 -5.234311
v -1.430867 0.600724 -5.154524
v -1.332329 0.620709 -5.176102
v -1.246318 0.676545 -5.187867
v -1.170451 0.733386 -5.190297
v -1.094487 0.789933 -5.207159
v -1.032754 0.855475 -5.205137
v -0.975514 0.926003 -5.203648
v -0.924535 0.999896 -5.201550
v -0.877302 1.077660 -5.198898
v -0.833330 1.158818 -5.195131
v -0.798125 1.245203 -5.191370
v -0.770530 1.335078 -5.185305
v -0.740712 1.426519 -5.169869
v -0.732285 1.522986 -5.156491
v -0.738351 1.622176 -5.145869
v -0.774574 1.723144 -5.120670
v -0.819647 1.812750 -5.097216
v -0.870661 1.899904 -5.073582
v -0.930566 1.984932 -5.050737
v -0.992923 2.070265 -5.030538
v -1.063091 2.154580 -5.008926
v -1.141208 2.232662 -4.988768
v -1.225634 2.305081 -4.972641
v -1.314623 2.370581 -4.959989
v -1.396743 2.444516 -4.950281
v -1.504491 2.501388 -4.935068
v -1.618831 2.548622 -4.920962
v -1.735664 2.583453 -4.907736
v -1.850863 2.599490 -4.891878
v -1.964594 2.584685 -4.881574
v -2.072474 2.578024 -4.872551
v -2.178096 2.560705 -4.863882
v -2.278047 2.536060 -4.859651
v -2.375830 2.508479 -4.857961
v -2.470546 2.473628 -4.858273
v -2.558905 2.427779 -4.859720
v -2.643608 2.374404 -4.862074
v -2.716421 2.306666 -4.863404
v -2.775405 2.226860 -4.866644
v -2.822999 2.143576 -4.870162
v -2.863674 2.058735 -4.880577
v -2.899156 1.969192 -4.893215
v -2.924154 1.873486 -4.901615
v -2.937941 1.773639 -4.906822
v -2.937000 1.679464 -4.912555
v -2.930206 1.583792 -4.919515
v -2.918372 1.487615 -4.928427
v -2.889718 1.392055 -4.933765
v -2.853592 1.297858 -4.940843
v -2.805610 1.207166 -4.951126
v -2.750455 1.117436 -4.962143
v -2.690723 1.027879 -4.975847
v -2.624059 0.939568 -4.990375
v -2.554778 0.851556 -5.006184
v -2.477332 0.769360 -5.022443
v -2.381855 0.701318 -5.038682
v -2.276295 0.651725 -5.054130
v -2.171421 0.615739 -5.064739
v -2.065888 0.578243 -5.084765
v -1.949484 0.559372 -5.096461
v -1.838579 0.560610 -5.100886
v -1.732063 0.565073 -5.108510
v -1.629301 0.565790 -5.123529
v -1.528298 0.580438 -5.141167
v -1.394084 0.543234 -5.058812
v -1.294860 0.575071 -5.074690
v -1.199805 0.616740 -5.090935
v -1.108081 0.663353 -5.111425
v -1.025171 0.723124 -5.118211
v -0.962170 0.796248 -5.114735
v -0.903754 0.873057 -5.111903
v -0.851071 0.951880 -5.109002
v -0.797744 1.032290 -5.108538
v -0.748537 1.119125 -5.104681
v -0.716559 1.213280 -5.098199
v -0.696083 1.308342 -5.084357
v -0.677516 1.404969 -5.064268
v -0.679907 1.506187 -5.046991
v -0.697952 1.609718 -5.027643
v -0.737167 1.706151 -5.003822
v -0.786228 1.796844 -4.980390
v -0.841820 1.885445 -4.957060
v -0.903158 1.972842 -4.933904
v -0.969760 2.058618 -4.911891
v -1.044269 2.140758 -4.890120
v -1.122352 2.221278 -4.869643
v -1.205178 2.298426 -4.850427
v -1.295213 2.366378 -4.834542
v -1.391224 2.428582 -4.820519
v -1.492421 2.489132 -4.804904
v -1.601699 2.540977 -4.789711
v -1.717819 2.572498 -4.774747
v -1.833704 2.582504 -4.763093
v -1.948411 2.574139 -4.753406
v -2.058839 2.562090 -4.745379
v -2.166255 2.544273 -4.738566
v -2.271503 2.528907 -4.732409
v -2.372070 2.500350 -4.729398
v -2.468302 2.462631 -4.727320
v -2.556620 2.414241 -4.727764
v -2.640734 2.358830 -4.728470
v -2.714371 2.289306 -4.730865
v -2.770967 2.209070 -4.736433
v -2.818117 2.125704 -4.742388
v -2.867060 2.044006 -4.749458
v -2.898443 1.950371 -4.759119
v -2.918774 1.854062 -4.768252
v -2.923967 1.757442 -4.776956
v -2.928240 1.661335 -4.784830
v -2.918316 1.564832 -4.793569
v -2.899848 1.468960 -4.802930
v -2.876297 1.371904 -4.811420
v -2.835567 1.278317 -4.821288
v -2.793742 1.182479 -4.832263
v -2.742686 1.087798 -4.844520
v -2.684671 0.994613 -4.858134
v -2.619420 0.903124 -4.872856
v -2.548774 0.814059 -4.888402
v -2.465920 0.732977 -4.904294
v -2.371627 0.664376 -4.919785
v -2.266386 0.614392 -4.935967
v -2.162460 0.565626 -4.953861
v -2.052385 0.531885 -4.970072
v -1.936785 0.513269 -4.983797
v -1.823580 0.505146 -4.996593
v -1.712342 0.506484 -5.011925
v -1.603804 0.511360 -5.026397
v -1.498044 0.524124 -5.042435
v -1.364384 0.511753 -4.948287
v -1.262729 0.537676 -4.964705
v -1.167148 0.583672 -4.978215
v -1.074212 0.631322 -4.990486
v -0.991663 0.688268 -4.998885
v -0.921841 0.761320 -5.000145
v -0.856624 0.837035 -4.999709
v -0.803436 0.919141 -4.996517
v -0.751203 1.003407 -4.993429
v -0.709981 1.093968 -4.987931
v -0.683840 1.190346 -4.976727
v -0.668492 1.287305 -4.962752
v -0.658896 1.385303 -4.945600
v -0.659164 1.485559 -4.926626
v -0.680907 1.587234 -4.906372
v -0.721392 1.682677 -4.885286
v -0.770939 1.774096 -4.862587
v -0.822694 1.866347 -4.839168
v -0.885819 1.954463 -4.816178
v -0.955772 2.039457 -4.793555
v -1.032075 2.120905 -4.771763
v -1.112166 2.200421 -4.750815
v -1.196689 2.276406 -4.731087
v -1.286626 2.346096 -4.712972
v -1.383461 2.408224 -4.696131
v -1.482699 2.469099 -4.678827
v -1.591222 2.515792 -4.662027
v -1.705521 2.545443 -4.648143
v -1.820852 2.552493 -4.637237
v -1.935178 2.550401 -4.627591
v -2.046430 2.538200 -4.619773
v -2.155390 2.525057 -4.612017
v -2.261109 2.506554 -4.604808
v -2.363027 2.477672 -4.600557
v -2.459799 2.439786 -4.597628
v -2.546330 2.389105 -4.597884
v -2.626247 2.329996 -4.599407
v -2.695127 2.258720 -4.603666
v -2.755310 2.182964 -4.608423
v -2.806642 2.101758 -4.614171
v -2.853460 2.018662 -4.620438
v -2.882855 1.925525 -4.629717
v -2.905727 1.831273 -4.638463
v -2.912507 1.734875 -4.648863
v -2.916855 1.638649 -4.658309
v -2.909481 1.541358 -4.668744
v -2.888083 1.445638 -4.679062
v -2.861091 1.349004 -4.689359
v -2.823033 1.253423 -4.700826
v -2.781859 1.156075 -4.713055
v -2.730706 1.059982 -4.726406
v -2.673051 0.965169 -4.740650
v -2.606200 0.873756 -4.755608
v -2.532037 0.785875 -4.771271
v -2.447452 0.705763 -4.787184
v -2.349641 0.644766 -4.803207
v -2.247648 0.589445 -4.819529
v -2.140107 0.548520 -4.836301
v -2.031092 0.511037 -4.853127
v -1.917146 0.490623 -4.868632
v -1.803173 0.477806 -4.884226
v -1.690128 0.476939 -4.900043
v -1.579125 0.481699 -4.915789
v -1.469888 0.490682 -4.932492
v -1.337128 0.489184 -4.835033
v -1.236194 0.518860 -4.848987
v -1.141160 0.563679 -4.860960
v -1.050190 0.611095 -4.871319
v -0.965515 0.668401 -4.878715
v -0.893145 0.738316 -4.881429
v -0.829071 0.815527 -4.881041
v -0.775467 0.897688 -4.878057
v -0.731246 0.985964 -4.872663
v -0.692357 1.075777 -4.865751
v -0.671083 1.172300 -4.854582
v -0.652559 1.268068 -4.841723
v -0.650687 1.366329 -4.825214
v -0.654880 1.464909 -4.807467
v -0.678094 1.563226 -4.787696
v -0.712709 1.658967 -4.766957
v -0.759942 1.751619 -4.744777
v -0.815083 1.842304 -4.722023
v -0.875958 1.932242 -4.698853
v -0.947206 2.016509 -4.676528
v -1.022485 2.099369 -4.654632
v -1.104459 2.177334 -4.633525
v -1.189722 2.252709 -4.613104
v -1.278525 2.324484 -4.593307
v -1.375006 2.386841 -4.574749
v -1.473122 2.448595 -4.555927
v -1.582857 2.488183 -4.539599
v -1.695189 2.519926 -4.524288
v -1.809627 2.522647 -4.513901
v -1.923455 2.523769 -4.503265
v -2.035157 2.514026 -4.494761
v -2.143743 2.496597 -4.487414
v -2.248582 2.473496 -4.481155
v -2.349426 2.443630 -4.476328
v -2.441587 2.399367 -4.475061
v -2.531075 2.354793 -4.472554
v -2.606179 2.293039 -4.475379
v -2.679387 2.228632 -4.477533
v -2.736322 2.151692 -4.483246
v -2.788229 2.072148 -4.488523
v -2.828836 1.986047 -4.496084
v -2.864283 1.897092 -4.503549
v -2.883866 1.803353 -4.513444
v -2.901199 1.708769 -4.522758
v -2.904093 1.612966 -4.533097
v -2.895991 1.516041 -4.544169
v -2.874393 1.419989 -4.556087
v -2.843696 1.324442 -4.568260
v -2.809862 1.226860 -4.580925
v -2.768501 1.128889 -4.594380
v -2.718796 1.031092 -4.608832
v -2.657588 0.937519 -4.623845
v -2.589498 0.846958 -4.639605
v -2.511332 0.763044 -4.655892
v -2.424074 0.687707 -4.672733
v -2.329019 0.622874 -4.689692
v -2.226403 0.569583 -4.706325
v -2.118107 0.529250 -4.722916
v -2.007991 0.495203 -4.739549
v -1.894745 0.474166 -4.755649
v -1.780675 0.460575 -4.771763
v -1.666957 0.456797 -4.787759
v -1.554729 0.460138 -4.803838
v -1.444474 0.471790 -4.819626
v -1.314311 0.479772 -4.720527
v -1.214146 0.511032 -4.733185
v -1.120393 0.554903 -4.743662
v -1.030829 0.601833 -4.752657
v -0.948598 0.659686 -4.758543
v -0.876471 0.728283 -4.761452
v -0.811940 0.802875 -4.761611
v -0.760974 0.885597 -4.758066
v -0.716905 0.972232 -4.752623
v -0.680242 1.061602 -4.745047
v -0.657935 1.156283 -4.734245
v -0.643017 1.251975 -4.721102
v -0.639148 1.348519 -4.705591
v -0.648334 1.446088 -4.688057
v -0.666392 1.544488 -4.669118
v -0.703471 1.638130 -4.648857
v -0.747575 1.731828 -4.627272
v -0.804281 1.821863 -4.605100
v -0.868029 1.909917 -4.582656
v -0.939665 1.994072 -4.560310
v -1.012458 2.079315 -4.538117
v -1.092161 2.159808 -4.516457
v -1.175928 2.237157 -4.495246
v -1.266379 2.307387 -4.474659
v -1.362729 2.369833 -4.454827
v -1.463400 2.427045 -4.435203
v -1.570850 2.472416 -4.416907
v -1.684248 2.495530 -4.402033
v -1.798658 2.498688 -4.390884
v -1.912444 2.494720 -4.380774
v -2.024091 2.484049 -4.371869
v -2.132192 2.465706 -4.364335
v -2.236312 2.441116 -4.357903
v -2.336076 2.412212 -4.351974
v -2.428208 2.368255 -4.350410
v -2.513500 2.318259 -4.349641
v -2.594699 2.267016 -4.348069
v -2.662069 2.196876 -4.353312
v -2.721372 2.121708 -4.358962
v -2.766818 2.039028 -4.365810
v -2.808249 1.954415 -4.372659
v -2.839590 1.865343 -4.381135
v -2.867656 1.774512 -4.389229
v -2.880667 1.680454 -4.399492
v -2.887772 1.584845 -4.409816
v -2.875238 1.489554 -4.422281
v -2.857352 1.393204 -4.434718
v -2.826184 1.298142 -4.448075
v -2.794101 1.200054 -4.461786
v -2.750504 1.102582 -4.476418
v -2.700639 1.004667 -4.491784
v -2.637763 0.912292 -4.508085
v -2.570185 0.820866 -4.525015
v -2.488308 0.741543 -4.542092
v -2.404526 0.663413 -4.559812
v -2.307955 0.599681 -4.577699
v -2.203489 0.550608 -4.594713
v -2.097126 0.504556 -4.611893
v -1.984641 0.480108 -4.627799
v -1.872074 0.456554 -4.644224
v -1.757470 0.446881 -4.659811
v -1.643421 0.443076 -4.675634
v -1.530694 0.446902 -4.691208
v -1.420155 0.457584 -4.706532
v -1.292090 0.470572 -4.606339
v -1.192382 0.502772 -4.618070
v -1.099515 0.546110 -4.627653
v -1.011343 0.593556 -4.635644
v -0.934991 0.656118 -4.640124
v -0.860578 0.719343 -4.643137
v -0.800431 0.794815 -4.642306
v -0.747492 0.874940 -4.639037
v -0.705604 0.960689 -4.633241
v -0.670555 1.049518 -4.625423
v -0.649920 1.142434 -4.614517
v -0.632654 1.236416 -4.602129
v -0.630872 1.331983 -4.586604
v -0.639962 1.427786 -4.569590
v -0.663721 1.523305 -4.551032
v -0.696394 1.617813 -4.531352
v -0.743565 1.709565 -4.510231
v -0.795417 1.801767 -4.488363
v -0.859055 1.889676 -4.466308
v -0.927187 1.976858 -4.444004
v -1.000872 2.061519 -4.421671
v -1.077473 2.145169 -4.399596
v -1.161622 2.222372 -4.377783
v -1.252654 2.292125 -4.356476
v -1.349232 2.353962 -4.335875
v -1.453248 2.404651 -4.315786
v -1.560304 2.450478 -4.295919
v -1.673010 2.470297 -4.280851
v -1.788188 2.472873 -4.269204
v -1.902085 2.467333 -4.258893
v -2.013669 2.455762 -4.249656
v -2.121632 2.437820 -4.241679
v -2.224277 2.408106 -4.236228
v -2.321935 2.373753 -4.231749
v -2.414207 2.333105 -4.228577
v -2.496603 2.279937 -4.229117
v -2.577844 2.228757 -4.227676
v -2.646890 2.163589 -4.230495
v -2.709191 2.093096 -4.234324
v -2.756369 2.011266 -4.241180
v -2.794441 1.925117 -4.248991
v -2.826973 1.836723 -4.257252
v -2.852504 1.745560 -4.266178
v -2.869581 1.651848 -4.276226
v -2.874615 1.556267 -4.287520
v -2.864955 1.459993 -4.300420
v -2.841065 1.365270 -4.314277
v -2.812501 1.269287 -4.328535
v -2.776672 1.172321 -4.343416
v -2.734681 1.074302 -4.359142
v -2.679921 0.979337 -4.375782
v -2.616864 0.886948 -4.393357
v -2.550616 0.794746 -4.411714
v -2.468185 0.715936 -4.429192
v -2.385158 0.637021 -4.448692
v -2.289175 0.572366 -4.467326
v -2.185796 0.520501 -4.485039
v -2.076829 0.480087 -4.501749
v -1.964435 0.450338 -4.518160
v -1.849146 0.438368 -4.533374
v -1.734127 0.433047 -4.548428
v -1.619925 0.433579 -4.563468
v -1.507475 0.437587 -4.578537
v -1.397968 0.452398 -4.592718
v -1.270201 0.463812 -4.492345
v -1.170811 0.494986 -4.503459
v -1.077584 0.534755 -4.512911
v -0.992632 0.585972 -4.519483
v -0.914002 0.643531 -4.524406
v -0.843391 0.709184 -4.526387
v -0.782738 0.783098 -4.525597
v -0.732700 0.863750 -4.521872
v -0.692368 0.949027 -4.515598
v -0.656057 1.036036 -4.508043
v -0.638823 1.128432 -4.496278
v -0.622526 1.220870 -4.484569
v -0.625305 1.315488 -4.468746
v -0.632441 1.410744 -4.452050
v -0.654616 1.505730 -4.433555
v -0.689443 1.599352 -4.413937
v -0.733781 1.691824 -4.393357
v -0.786955 1.782717 -4.371890
v -0.848966 1.871526 -4.349967
v -0.914799 1.960398 -4.327683
v -0.988415 2.045045 -4.305115
v -1.062800 2.130558 -4.282797
v -1.148022 2.206882 -4.260396
v -1.237994 2.278261 -4.238334
v -1.333839 2.341228 -4.217033
v -1.440825 2.385712 -4.196799
v -1.550145 2.423403 -4.177175
v -1.663745 2.439890 -4.161858
v -1.778355 2.446829 -4.148410
v -1.892245 2.441988 -4.137206
v -2.003857 2.428838 -4.127872
v -2.112007 2.411098 -4.119520
v -2.214894 2.382270 -4.113489
v -2.313210 2.350216 -4.108406
v -2.403418 2.304111 -4.106225
v -2.488474 2.254046 -4.105179
v -2.570490 2.201640 -4.103905
v -2.634439 2.132580 -4.108018
v -2.696948 2.062419 -4.111619
v -2.744694 1.981989 -4.118038
v -2.783611 1.896587 -4.125697
v -2.813235 1.807238 -4.134436
v -2.837471 1.716074 -4.143985
v -2.854152 1.622536 -4.154240
v -2.857061 1.527044 -4.166047
v -2.848398 1.430923 -4.179890
v -2.823338 1.336685 -4.194674
v -2.797654 1.239961 -4.209597
v -2.759347 1.143708 -4.225572
v -2.717709 1.045481 -4.242315
v -2.665337 0.949048 -4.260022
v -2.607045 0.853003 -4.278732
v -2.535832 0.763993 -4.297879
v -2.458587 0.678899 -4.317947
v -2.372271 0.601655 -4.337897
v -2.275471 0.535423 -4.357833
v -2.167937 0.488724 -4.374695
v -2.056519 0.454689 -4.391009
v -1.941743 0.433164 -4.406603
v -1.826218 0.419645 -4.422267
v -1.710811 0.416347 -4.437100
v -1.596450 0.419357 -4.451725
v -1.484035 0.425324 -4.466329
v -1.375359 0.443493 -4.479500
v -1.247031 0.450345 -4.379327
v -1.148514 0.483632 -4.389652
v -1.055924 0.522978 -4.398578
v -0.973402 0.577252 -4.403965
v -0.893485 0.631337 -4.409311
v -0.824169 0.697662 -4.410786
v -0.762608 0.770198 -4.410073
v -0.711365 0.849603 -4.406528
v -0.669844 0.933703 -4.400503
v -0.637279 1.022014 -4.391944
v -0.613587 1.113260 -4.381321
v -0.603786 1.205864 -4.368220
v -0.612063 1.300289 -4.351843
v -0.623017 1.395150 -4.334746
v -0.648604 1.488377 -4.316444
v -0.682121 1.581853 -4.297062
v -0.724280 1.674879 -4.276655
v -0.777025 1.765690 -4.255403
v -0.836813 1.855794 -4.233493
v -0.899391 1.947109 -4.211161
v -0.971920 2.032754 -4.188407
v -1.047919 2.117145 -4.165590
v -1.132414 2.194078 -4.142739
v -1.223882 2.264024 -4.119949
v -1.320634 2.327046 -4.097770
v -1.425577 2.374695 -4.077321
v -1.537965 2.404228 -4.057710
v -1.653371 2.416783 -4.041790
v -1.768667 2.419809 -4.028294
v -1.882758 2.415820 -4.016349
v -1.994883 2.405592 -4.005706
v -2.103607 2.387900 -3.996753
v -2.206903 2.360118 -3.990195
v -2.304243 2.323812 -3.985728
v -2.392629 2.274681 -3.984579
v -2.479008 2.226513 -3.982910
v -2.559016 2.172466 -3.982301
v -2.628034 2.107450 -3.984607
v -2.693285 2.038764 -3.987868
v -2.739265 1.956084 -3.994523
v -2.771049 1.867649 -4.003331
v -2.796657 1.777032 -4.012797
v -2.822624 1.686506 -4.022678
v -2.834348 1.592753 -4.033848
v -2.835359 1.497400 -4.046333
v -2.832541 1.401306 -4.060113
v -2.807903 1.306867 -4.075430
v -2.782939 1.209693 -4.091060
v -2.746148 1.112616 -4.107838
v -2.705293 1.013628 -4.125483
v -2.654576 0.916177 -4.144082
v -2.592227 0.822313 -4.163326
v -2.520417 0.733116 -4.183359
v -2.442882 0.647718 -4.203918
v -2.357715 0.568267 -4.225066
v -2.257598 0.506059 -4.244524
v -2.147946 0.462627 -4.262203
v -2.035087 0.430208 -4.279078
v -1.919196 0.413107 -4.294714
v -1.803263 0.400591 -4.310676
v -1.687468 0.401297 -4.325045
v -1.573004 0.400568 -4.340209
v -1.460851 0.412563 -4.353775
v -1.351386 0.425898 -4.367500
v -1.223286 0.434132 -4.266309
v -1.124540 0.467603 -4.276343
v -1.033239 0.510598 -4.284272
v -0.948252 0.559969 -4.290726
v -0.870945 0.617958 -4.294611
v -0.800154 0.682119 -4.296654
v -0.740705 0.756037 -4.295130
v -0.690443 0.835927 -4.291266
v -0.647496 0.918967 -4.285553
v -0.618622 1.008199 -4.276135
v -0.597610 1.099508 -4.264897
v -0.590318 1.192153 -4.251144
v -0.598033 1.286038 -4.235259
v -0.613158 1.379736 -4.218059
v -0.638927 1.472859 -4.199812
v -0.672133 1.566148 -4.180458
v -0.714592 1.658662 -4.160057
v -0.765253 1.750615 -4.138854
v -0.822008 1.842609 -4.116917
v -0.885036 1.933426 -4.094349
v -0.955502 2.020920 -4.071428
v -1.030482 2.106190 -4.048321
v -1.116750 2.181683 -4.024922
v -1.208994 2.250757 -4.001240
v -1.309630 2.307477 -3.978631
v -1.416367 2.348893 -3.957635
v -1.529011 2.376585 -3.938301
v -1.643511 2.391293 -3.921765
v -1.759090 2.393689 -3.908144
v -1.873396 2.392235 -3.895112
v -1.985922 2.382000 -3.883804
v -2.095609 2.367901 -3.873500
v -2.199971 2.340251 -3.866658
v -2.299423 2.307830 -3.861022
v -2.391681 2.263387 -3.858439
v -2.479790 2.215288 -3.857013
v -2.560588 2.157682 -3.857331
v -2.625853 2.087230 -3.860267
v -2.683937 2.011426 -3.864865
v -2.731225 1.929251 -3.871450
v -2.767504 1.841584 -3.880009
v -2.796020 1.751009 -3.889891
v -2.818019 1.658509 -3.900541
v -2.831890 1.563856 -3.912410
v -2.832610 1.467271 -3.925809
v -2.819051 1.371565 -3.940462
v -2.797862 1.275602 -3.956098
v -2.770946 1.178338 -3.972502
v -2.734958 1.080569 -3.989980
v -2.691180 0.982543 -4.008247
v -2.639612 0.885362 -4.027477
v -2.575933 0.792121 -4.047566
v -2.503556 0.703049 -4.068181
v -2.425397 0.617934 -4.089107
v -2.336463 0.541971 -4.109874
v -2.237288 0.479547 -4.130351
v -2.127234 0.437656 -4.148576
v -2.012818 0.408963 -4.165854
v -1.897217 0.387386 -4.182749
v -1.780661 0.378668 -4.198323
v -1.664437 0.375836 -4.213620
v -1.549439 0.379462 -4.228272
v -1.437273 0.393442 -4.241408
v -1.327904 0.409539 -4.254517
v -1.199569 0.418868 -4.152343
v -1.102167 0.455431 -4.161705
v -1.010110 0.496867 -4.169981
v -0.924473 0.544637 -4.176552
v -0.846798 0.602606 -4.180492
v -0.777462 0.668535 -4.181773
v -0.717826 0.742160 -4.180582
v -0.668851 0.822701 -4.176219
v -0.626805 0.906524 -4.170091
v -0.598828 0.994862 -4.160805
v -0.584325 1.086926 -4.148451
v -0.579348 1.179557 -4.134512
v -0.588029 1.272334 -4.118523
v -0.603785 1.365408 -4.101474
v -0.628521 1.458359 -4.083255
v -0.662055 1.551066 -4.063867
v -0.703721 1.643843 -4.043438
v -0.752443 1.736800 -4.022145
v -0.808200 1.829210 -4.000049
v -0.871651 1.919743 -3.977252
v -0.939000 2.009639 -3.954090
v -1.014161 2.094667 -3.930643
v -1.101585 2.168955 -3.906621
v -1.196633 2.233722 -3.883077
v -1.298966 2.286848 -3.860198
v -1.406714 2.325439 -3.839223
v -1.520383 2.347467 -3.820395
v -1.634564 2.363663 -3.803069
v -1.749694 2.368414 -3.787994
v -1.864131 2.366731 -3.774249
v -1.976830 2.358456 -3.761819
v -2.086614 2.340805 -3.751882
v -2.193413 2.320537 -3.742880
v -2.292935 2.286259 -3.736994
v -2.390039 2.251837 -3.731683
v -2.480760 2.204389 -3.730554
v -2.560636 2.141319 -3.731087
v -2.625361 2.067820 -3.734826
v -2.684879 1.990430 -3.740089
v -2.728650 1.904606 -3.747312
v -2.761410 1.814703 -3.756833
v -2.789697 1.723186 -3.767158
v -2.810818 1.629980 -3.778507
v -2.820235 1.533997 -3.791470
v -2.822922 1.436968 -3.805361
v -2.805520 1.341650 -3.820658
v -2.787883 1.244538 -3.836515
v -2.757262 1.147613 -3.853668
v -2.722424 1.049041 -3.871783
v -2.675191 0.952372 -3.890749
v -2.623166 0.855073 -3.910637
v -2.560331 0.761043 -3.931446
v -2.487622 0.671896 -3.952684
v -2.407587 0.587946 -3.973943
v -2.315045 0.516385 -3.994987
v -2.214935 0.455668 -4.015463
v -2.105151 0.414046 -4.034561
v -1.990887 0.384850 -4.052448
v -1.874809 0.365233 -4.069371
v -1.757941 0.354188 -4.085644
v -1.641267 0.352485 -4.100955
v -1.525929 0.357904 -4.115441
v -1.413459 0.372145 -4.128695
v -1.304520 0.393563 -4.140793
v -1.176323 0.405751 -4.037601
v -1.078671 0.442238 -4.047019
v -0.985597 0.481684 -4.055598
v -0.900444 0.530680 -4.061554
v -0.822680 0.588060 -4.065778
v -0.756577 0.657750 -4.066276
v -0.694178 0.729335 -4.066034
v -0.644348 0.808948 -4.061983
v -0.604658 0.893720 -4.055273
v -0.577264 0.982100 -4.045807
v -0.565704 1.074800 -4.032892
v -0.557672 1.168235 -4.019279
v -0.567954 1.260756 -4.003019
v -0.585075 1.353727 -3.985721
v -0.612629 1.446116 -3.967039
v -0.648595 1.537951 -3.947283
v -0.690744 1.630527 -3.926695
v -0.738275 1.724135 -3.905312
v -0.792003 1.817895 -3.883167
v -0.854021 1.909702 -3.860128
v -0.921599 1.999903 -3.836571
v -1.001094 2.080458 -3.812680
v -1.088006 2.154857 -3.788493
v -1.186073 2.214360 -3.765053
v -1.290830 2.260867 -3.742658
v -1.399056 2.298412 -3.721448
v -1.511990 2.319990 -3.701976
v -1.625846 2.338091 -3.684013
v -1.740567 2.338423 -3.669236
v -1.854526 2.339268 -3.654140
v -1.967170 2.328368 -3.641634
v -2.077363 2.314187 -3.630063
v -2.183643 2.292789 -3.620479
v -2.285636 2.263782 -3.612897
v -2.381737 2.225939 -3.607475
v -2.473233 2.178193 -3.603763
v -2.550422 2.114521 -3.605736
v -2.619863 2.043813 -3.609628
v -2.678425 1.965709 -3.614925
v -2.719724 1.877142 -3.623831
v -2.755427 1.787523 -3.633567
v -2.780481 1.694448 -3.644826
v -2.800258 1.600356 -3.656868
v -2.811448 1.504255 -3.670053
v -2.813006 1.407483 -3.684366
v -2.795770 1.310821 -3.700390
v -2.778009 1.213100 -3.716898
v -2.744569 1.116452 -3.734639
v -2.708153 1.018260 -3.753392
v -2.658814 0.922194 -3.772947
v -2.606436 0.824653 -3.793485
v -2.543276 0.730471 -3.814855
v -2.472263 0.639873 -3.836917
v -2.387062 0.560632 -3.858238
v -2.294805 0.487626 -3.879524
v -2.191544 0.433407 -3.900250
v -2.081774 0.391571 -3.919799
v -1.968160 0.361816 -3.938156
v -1.851937 0.342119 -3.955447
v -1.734639 0.331941 -3.971768
v -1.617543 0.330692 -3.987182
v -1.502178 0.338758 -4.001329
v -1.389603 0.356183 -4.014216
v -1.280630 0.377913 -4.026432
v -1.150480 0.387677 -3.923475
v -1.052544 0.424671 -3.933066
v -0.960896 0.468246 -3.940856
v -0.878257 0.521624 -3.945995
v -0.800756 0.579242 -3.950101
v -0.732874 0.646043 -3.951327
v -0.667562 0.714876 -3.951895
v -0.614708 0.793908 -3.948522
v -0.580148 0.880937 -3.940808
v -0.553668 0.970023 -3.931044
v -0.539895 1.062654 -3.918607
v -0.539469 1.156297 -3.903532
v -0.548917 1.249614 -3.887121
v -0.571149 1.341228 -3.869179
v -0.599062 1.433409 -3.850344
v -0.631409 1.526677 -3.830789
v -0.673628 1.619544 -3.810014
v -0.719474 1.714232 -3.788541
v -0.773882 1.807972 -3.766105
v -0.836287 1.899724 -3.742734
v -0.905250 1.988935 -3.718934
v -0.984745 2.070043 -3.694892
v -1.076608 2.138307 -3.670357
v -1.173069 2.199528 -3.646329
v -1.278878 2.245681 -3.623678
v -1.387450 2.284390 -3.601838
v -1.500620 2.306805 -3.581687
v -1.616193 2.313653 -3.565068
v -1.731260 2.311922 -3.549924
v -1.845365 2.309436 -3.534779
v -1.957517 2.296944 -3.521899
v -2.067578 2.284265 -3.509137
v -2.174038 2.263983 -3.498577
v -2.274903 2.232468 -3.491050
v -2.371634 2.198282 -3.484506
v -2.460775 2.147032 -3.481889
v -2.542486 2.088643 -3.481702
v -2.613465 2.018627 -3.484769
v -2.673501 1.939139 -3.490690
v -2.716517 1.850309 -3.499637
v -2.749410 1.759326 -3.510294
v -2.775454 1.665766 -3.522052
v -2.796200 1.571376 -3.534585
v -2.799717 1.473974 -3.548864
v -2.804121 1.376086 -3.563558
v -2.787669 1.278670 -3.579900
v -2.768273 1.180596 -3.596970
v -2.735816 1.082999 -3.615251
v -2.699400 0.984329 -3.634668
v -2.650615 0.887093 -3.654763
v -2.592670 0.791983 -3.676112
v -2.525985 0.699891 -3.697980
v -2.450942 0.612379 -3.720229
v -2.366620 0.532892 -3.742541
v -2.272071 0.463886 -3.764305
v -2.169800 0.406958 -3.785605
v -2.059815 0.364037 -3.805486
v -1.945994 0.333345 -3.824245
v -1.828787 0.315617 -3.841439
v -1.710583 0.308680 -3.857379
v -1.592926 0.308548 -3.872822
v -1.476937 0.317590 -3.887072
v -1.363712 0.334335 -3.900409
v -1.254662 0.357935 -3.912472
v -1.123425 0.371057 -3.808498
v -1.025566 0.409542 -3.817999
v -0.934098 0.453034 -3.826094
v -0.851043 0.507031 -3.831620
v -0.774117 0.565957 -3.835601
v -0.706394 0.632606 -3.837000
v -0.646740 0.705923 -3.835913
v -0.597274 0.785584 -3.831897
v -0.554925 0.868978 -3.826260
v -0.529372 0.958424 -3.815970
v -0.517340 1.051347 -3.802640
v -0.521101 1.144934 -3.787315
v -0.533388 1.238008 -3.770662
v -0.554794 1.329781 -3.752699
v -0.585408 1.421076 -3.733455
v -0.617293 1.514615 -3.713803
v -0.656966 1.608582 -3.692987
v -0.702883 1.703458 -3.671182
v -0.756694 1.797654 -3.648448
v -0.818483 1.889960 -3.624814
v -0.888956 1.978596 -3.600612
v -0.969123 2.060543 -3.575988
v -1.061020 2.129415 -3.551537
v -1.161338 2.185498 -3.527494
v -1.267764 2.230391 -3.504699
v -1.377548 2.265693 -3.482810
v -1.491645 2.284660 -3.463351
v -1.606955 2.293191 -3.445458
v -1.722355 2.291487 -3.429469
v -1.836612 2.284002 -3.414643
v -1.948328 2.266670 -3.401936
v -2.058361 2.251027 -3.389354
v -2.165604 2.234726 -3.376814
v -2.265631 2.202395 -3.368982
v -2.363927 2.174045 -3.360637
v -2.452251 2.119562 -3.358380
v -2.535500 2.060937 -3.357667
v -2.596970 1.982834 -3.363574
v -2.657519 1.904806 -3.368614
v -2.706532 1.819674 -3.376786
v -2.745290 1.730394 -3.386709
v -2.772504 1.636163 -3.398896
v -2.788742 1.539807 -3.412192
v -2.799918 1.442847 -3.426207
v -2.797169 1.343589 -3.442023
v -2.782544 1.244649 -3.459065
v -2.758066 1.146900 -3.476847
v -2.729654 1.047206 -3.495606
v -2.684761 0.951583 -3.515556
v -2.632493 0.856278 -3.536462
v -2.574846 0.760676 -3.558351
v -2.508202 0.668478 -3.580794
v -2.433111 0.580489 -3.603735
v -2.350534 0.498448 -3.627030
v -2.254828 0.429730 -3.649230
v -2.149310 0.375353 -3.670517
v -2.037650 0.334267 -3.690509
v -1.921890 0.306642 -3.708921
v -1.803886 0.291497 -3.726025
v -1.685280 0.285493 -3.742208
v -1.567284 0.288123 -3.757428
v -1.450693 0.297967 -3.771860
v -1.336678 0.313910 -3.785543
v -1.227600 0.339543 -3.797606
v -1.096322 0.358934 -3.692420
v -0.998297 0.397526 -3.702218
v -0.907507 0.442662 -3.710292
v -0.823497 0.494823 -3.716573
v -0.746148 0.552766 -3.720915
v -0.677230 0.618487 -3.723137
v -0.619730 0.693604 -3.721316
v -0.567652 0.771430 -3.718297
v -0.525313 0.854485 -3.712384
v -0.505950 0.947947 -3.700203
v -0.503291 1.040689 -3.685772
v -0.506221 1.133840 -3.670461
v -0.520978 1.225932 -3.653455
v -0.539609 1.318445 -3.635797
v -0.567626 1.410433 -3.616636
v -0.596540 1.505169 -3.597261
v -0.634795 1.600176 -3.576237
v -0.678781 1.696817 -3.554210
v -0.735602 1.789753 -3.530874
v -0.800652 1.880494 -3.506437
v -0.873687 1.967461 -3.481764
v -0.954076 2.050211 -3.456835
v -1.047060 2.118551 -3.432003
v -1.150861 2.170174 -3.408362
v -1.257771 2.215115 -3.385255
v -1.369591 2.244421 -3.364183
v -1.483488 2.264426 -3.344184
v -1.598680 2.272853 -3.325709
v -1.714211 2.269509 -3.309145
v -1.828739 2.262134 -3.293516
v -1.940905 2.245729 -3.279771
v -2.051042 2.229532 -3.266503
v -2.157647 2.207934 -3.254773
v -2.258201 2.175464 -3.246006
v -2.356600 2.145231 -3.237295
v -2.446871 2.094792 -3.233812
v -2.527017 2.031036 -3.234013
v -2.592178 1.954595 -3.238895
v -2.650698 1.874622 -3.244864
v -2.700231 1.789164 -3.253083
v -2.739279 1.699815 -3.263519
v -2.761251 1.603611 -3.276433
v -2.778334 1.506790 -3.290130
v -2.783687 1.409387 -3.305081
v -2.781049 1.310489 -3.320952
v -2.764658 1.212560 -3.338471
v -2.743392 1.113800 -3.356739
v -2.710410 1.016238 -3.375906
v -2.669035 0.918760 -3.396348
v -2.617855 0.822687 -3.417856
v -2.556668 0.728899 -3.440140
v -2.491680 0.634998 -3.463261
v -2.413729 0.548538 -3.486632
v -2.330113 0.465697 -3.510522
v -2.234151 0.397610 -3.533124
v -2.126680 0.345791 -3.554300
v -2.014500 0.304295 -3.574693
v -1.897113 0.279893 -3.593002
v -1.778043 0.268709 -3.609808
v -1.659022 0.263555 -3.626171
v -1.540374 0.267559 -3.641475
v -1.423306 0.278358 -3.656065
v -1.309104 0.297202 -3.669541
v -1.199618 0.323784 -3.681749
v -1.068194 0.347728 -3.576023
v -0.969822 0.386052 -3.586334
v -0.879511 0.432446 -3.594532
v -0.796144 0.485640 -3.600959
v -0.718906 0.543547 -3.605750
v -0.649458 0.608531 -3.608188
v -0.592047 0.682721 -3.606498
v -0.540185 0.759935 -3.603334
v -0.509216 0.847699 -3.594609
v -0.488575 0.938481 -3.583404
v -0.484221 1.030448 -3.569417
v -0.488987 1.123107 -3.553746
v -0.502617 1.215351 -3.536767
v -0.517233 1.309042 -3.519566
v -0.544939 1.401251 -3.500218
v -0.575410 1.495807 -3.480268
v -0.615116 1.590218 -3.458809
v -0.661450 1.685813 -3.436234
v -0.716254 1.780273 -3.412573
v -0.786304 1.868223 -3.387450
v -0.859034 1.955751 -3.362521
v -0.942248 2.035676 -3.337031
v -1.036452 2.104459 -3.312282
v -1.139712 2.158755 -3.288510
v -1.247363 2.203461 -3.265472
v -1.359855 2.234663 -3.243874
v -1.475012 2.253547 -3.223515
v -1.591257 2.256940 -3.204728
v -1.707051 2.250874 -3.187770
v -1.821911 2.242011 -3.171538
v -1.934583 2.226243 -3.156858
v -2.044574 2.206646 -3.143514
v -2.151180 2.183871 -3.131382
v -2.252605 2.150896 -3.122034
v -2.349503 2.113170 -3.114015
v -2.439440 2.065071 -3.109043
v -2.517945 1.998206 -3.110532
v -2.588245 1.924964 -3.114084
v -2.643088 1.842671 -3.121058
v -2.689691 1.755164 -3.129782
v -2.724218 1.664472 -3.141340
v -2.744999 1.568932 -3.155161
v -2.758073 1.472409 -3.169731
v -2.769401 1.375782 -3.184003
v -2.761251 1.277860 -3.200504
v -2.748586 1.179287 -3.217864
v -2.729557 1.079855 -3.236305
v -2.697696 0.981823 -3.255805
v -2.653053 0.885445 -3.276884
v -2.601762 0.788991 -3.298835
v -2.540139 0.695245 -3.321631
v -2.474361 0.601091 -3.345175
v -2.399707 0.511144 -3.369473
v -2.310073 0.432639 -3.393239
v -2.210074 0.367698 -3.415890
v -2.104348 0.313325 -3.438083
v -1.989558 0.277438 -3.457915
v -1.871229 0.255758 -3.476197
v -1.751362 0.245748 -3.493155
v -1.631510 0.243265 -3.509380
v -1.512475 0.248190 -3.524843
v -1.395171 0.262555 -3.539114
v -1.280387 0.281222 -3.552742
v -1.171781 0.312406 -3.564895
v -1.039824 0.338631 -3.459051
v -0.940939 0.375961 -3.469867
v -0.849561 0.420955 -3.478960
v -0.764672 0.472379 -3.486306
v -0.685816 0.529155 -3.491978
v -0.619606 0.596919 -3.493425
v -0.559173 0.669518 -3.492802
v -0.514371 0.750490 -3.487712
v -0.478666 0.836889 -3.480303
v -0.463526 0.928655 -3.467603
v -0.463311 1.020449 -3.453137
v -0.469921 1.112471 -3.437058
v -0.482900 1.204798 -3.419940
v -0.495727 1.298551 -3.402733
v -0.521494 1.391895 -3.383510
v -0.554471 1.485940 -3.362930
v -0.596341 1.579603 -3.340909
v -0.644071 1.674803 -3.317732
v -0.701041 1.769041 -3.293025
v -0.769609 1.859145 -3.267757
v -0.851646 1.938433 -3.242731
v -0.936861 2.016238 -3.217428
v -1.030254 2.086039 -3.192416
v -1.132469 2.141845 -3.168706
v -1.239649 2.188795 -3.145405
v -1.351954 2.222497 -3.123079
v -1.467485 2.237267 -3.102402
v -1.584471 2.239019 -3.083387
v -1.700985 2.234768 -3.065445
v -1.816129 2.221846 -3.049006
v -1.929071 2.203890 -3.033973
v -2.039000 2.181087 -3.020448
v -2.145273 2.154933 -3.008414
v -2.246796 2.121833 -2.998525
v -2.341068 2.077522 -2.992203
v -2.428673 2.026653 -2.988311
v -2.503916 1.958777 -2.990008
v -2.572041 1.886179 -2.993512
v -2.626954 1.804322 -3.000208
v -2.667027 1.715257 -3.010076
v -2.710618 1.628872 -3.020283
v -2.734910 1.534315 -3.033495
v -2.749001 1.438090 -3.047773
v -2.762151 1.341816 -3.062405
v -2.750926 1.243534 -3.078928
v -2.736468 1.144934 -3.096634
v -2.714579 1.046001 -3.115601
v -2.679311 0.948944 -3.135662
v -2.640561 0.849915 -3.157066
v -2.584284 0.756078 -3.179315
v -2.525722 0.660189 -3.202845
v -2.453857 0.569526 -3.226112
v -2.379244 0.478882 -3.250209
v -2.284556 0.406279 -3.274107
v -2.186309 0.337323 -3.297935
v -2.078394 0.284176 -3.320232
v -1.963722 0.250407 -3.340466
v -1.844873 0.230159 -3.358996
v -1.724225 0.222702 -3.375976
v -1.603617 0.224405 -3.391930
v -1.483917 0.231253 -3.407504
v -1.366544 0.247373 -3.421907
v -1.252689 0.272498 -3.435140
v -1.143265 0.301796 -3.447792
v -1.010380 0.328514 -3.342038
v -0.912285 0.368597 -3.352861
v -0.819114 0.410267 -3.362999
v -0.733102 0.460342 -3.371225
v -0.650286 0.512849 -3.379098
v -0.586109 0.582512 -3.379951
v -0.530718 0.658938 -3.378018
v -0.492944 0.743309 -3.370540
v -0.452812 0.827243 -3.364827
v -0.444277 0.919016 -3.350915
v -0.433785 1.011287 -3.338195
v -0.442578 1.103032 -3.321368
v -0.454878 1.195705 -3.304042
v -0.473879 1.288579 -3.285436
v -0.497944 1.382457 -3.266220
v -0.534381 1.475428 -3.244905
v -0.575954 1.569707 -3.222906
v -0.633010 1.660040 -3.198614
v -0.696263 1.750836 -3.174197
v -0.761743 1.842983 -3.148347
v -0.846300 1.919923 -3.123169
v -0.930608 1.999474 -3.097880
v -1.022748 2.071200 -3.072751
v -1.121542 2.134041 -3.048182
v -1.229221 2.183629 -3.023980
v -1.343845 2.212996 -3.001399
v -1.460567 2.227109 -2.980299
v -1.578709 2.228168 -2.960467
v -1.696311 2.221895 -2.941771
v -1.811933 2.206044 -2.924930
v -1.925027 2.183532 -2.909779
v -2.034796 2.156214 -2.896448
v -2.140433 2.124914 -2.884995
v -2.241561 2.090069 -2.875370
v -2.334919 2.043425 -2.869408
v -2.422309 1.992639 -2.865585
v -2.494173 1.921813 -2.868570
v -2.566010 1.853301 -2.870979
v -2.620666 1.770932 -2.877759
v -2.667165 1.684809 -2.886595
v -2.702564 1.593958 -2.897688
v -2.729744 1.500073 -2.910609
v -2.754340 1.405066 -2.925414
v -2.757595 1.306244 -2.939291
v -2.746861 1.207768 -2.956333
v -2.729169 1.109168 -2.974413
v -2.707038 1.009570 -2.993948
v -2.669707 0.912617 -3.014417
v -2.628768 0.813712 -3.036389
v -2.576639 0.716988 -3.059324
v -2.512239 0.623622 -3.082882
v -2.435043 0.536552 -3.106703
v -2.354703 0.450109 -3.131299
v -2.261878 0.376058 -3.155245
v -2.161850 0.309227 -3.179224
v -2.052642 0.258010 -3.201868
v -1.937352 0.223070 -3.222656
v -1.818082 0.205246 -3.241166
v -1.696865 0.198577 -3.258512
v -1.575524 0.204028 -3.274266
v -1.455540 0.216848 -3.289293
v -1.337578 0.234130 -3.303993
v -1.223196 0.259276 -3.317732
v -1.114271 0.292109 -3.330231
v -0.980355 0.318699 -3.224706
v -0.881754 0.358556 -3.236125
v -0.786796 0.397056 -3.247516
v -0.698569 0.443287 -3.256795
v -0.618463 0.499101 -3.263207
v -0.551336 0.568163 -3.265686
v -0.493987 0.644381 -3.264973
v -0.456044 0.729612 -3.257986
v -0.420371 0.816531 -3.250992
v -0.408505 0.908352 -3.237800
v -0.407374 1.001184 -3.222012
v -0.416397 1.093462 -3.204604
v -0.428861 1.186537 -3.186883
v -0.451018 1.278850 -3.167501
v -0.473858 1.373441 -3.148306
v -0.510766 1.467028 -3.126583
v -0.553625 1.562021 -3.104009
v -0.609191 1.654659 -3.079959
v -0.674542 1.744916 -3.054719
v -0.749340 1.830941 -3.028939
v -0.832873 1.910997 -3.003275
v -0.919141 1.990292 -2.977557
v -1.013198 2.060730 -2.952164
v -1.113184 2.123606 -2.926841
v -1.219284 2.176150 -2.901843
v -1.336602 2.201806 -2.879019
v -1.454349 2.219485 -2.857095
v -1.573703 2.218114 -2.836654
v -1.692191 2.207699 -2.817458
v -1.808595 2.188926 -2.799981
v -1.921772 2.161587 -2.784774
v -2.031985 2.132095 -2.771146
v -2.138189 2.099570 -2.759458
v -2.239192 2.061373 -2.750144
v -2.332579 2.012769 -2.744542
v -2.420065 1.960335 -2.741384
v -2.496562 1.893963 -2.742845
v -2.567595 1.824065 -2.745733
v -2.620465 1.739798 -2.753239
v -2.666992 1.652942 -2.761902
v -2.703139 1.561792 -2.772967
v -2.729051 1.466973 -2.785563
v -2.744223 1.370457 -2.800098
v -2.744895 1.271572 -2.815665
v -2.739445 1.172155 -2.832631
v -2.720368 1.073512 -2.851161
v -2.697710 0.973825 -2.870986
v -2.661563 0.875425 -2.892225
v -2.617716 0.776866 -2.914778
v -2.562416 0.680711 -2.938280
v -2.494554 0.589493 -2.962247
v -2.417614 0.501960 -2.986864
v -2.334220 0.417792 -3.011959
v -2.238811 0.346484 -3.036223
v -2.136430 0.283653 -3.060148
v -2.027519 0.230778 -3.083117
v -1.911156 0.200569 -3.103586
v -1.790972 0.182886 -3.122442
v -1.668903 0.178603 -3.139664
v -1.547154 0.186084 -3.155598
v -1.426726 0.200476 -3.170977
v -1.308945 0.223445 -3.185270
v -1.194133 0.249241 -3.199369
v -1.085014 0.283334 -3.212152
v -0.949159 0.307397 -3.107340
v -0.849388 0.345638 -3.119617
v -0.755476 0.388198 -3.130662
v -0.665613 0.431894 -3.140806
v -0.587218 0.488542 -3.147067
v -0.517251 0.554931 -3.150418
v -0.458492 0.629634 -3.150092
v -0.412722 0.713104 -3.146637
v -0.386581 0.805056 -3.135468
v -0.378609 0.898373 -3.120801
v -0.377489 0.991870 -3.105179
v -0.386669 1.084592 -3.087542
v -0.401935 1.177632 -3.068977
v -0.424624 1.270402 -3.049255
v -0.451379 1.364654 -3.028959
v -0.488952 1.458179 -3.006876
v -0.530783 1.554355 -2.984150
v -0.587915 1.647922 -2.959650
v -0.659757 1.734598 -2.934091
v -0.736488 1.820789 -2.908338
v -0.820658 1.902231 -2.882620
v -0.909494 1.980410 -2.856936
v -1.003850 2.052150 -2.831377
v -1.107284 2.110726 -2.805562
v -1.213723 2.162959 -2.779892
v -1.330868 2.190969 -2.756168
v -1.449398 2.212872 -2.733012
v -1.569520 2.211355 -2.711608
v -1.688791 2.196003 -2.691686
v -1.805770 2.172203 -2.673730
v -1.919895 2.142967 -2.657817
v -2.030496 2.110075 -2.644016
v -2.136077 2.071227 -2.632909
v -2.237994 2.032622 -2.623602
v -2.331568 1.982121 -2.618187
v -2.420778 1.929950 -2.614905
v -2.499242 1.864906 -2.615854
v -2.568544 1.791567 -2.619461
v -2.625998 1.710514 -2.626836
v -2.666133 1.620195 -2.635831
v -2.704815 1.529634 -2.647001
v -2.722161 1.432599 -2.660310
v -2.739840 1.335833 -2.674374
v -2.739203 1.236263 -2.690446
v -2.729751 1.136555 -2.707945
v -2.713928 1.036701 -2.726863
v -2.687704 0.937290 -2.747118
v -2.652582 0.837692 -2.768979
v -2.605515 0.739881 -2.792183
v -2.548933 0.643666 -2.816482
v -2.481189 0.551297 -2.841425
v -2.402081 0.465098 -2.866735
v -2.313854 0.385203 -2.891968
v -2.219028 0.311443 -2.917340
v -2.113821 0.253824 -2.941307
v -2.001579 0.209306 -2.963757
v -1.885923 0.174814 -2.985354
v -1.763508 0.163665 -3.002978
v -1.640685 0.159945 -3.020331
v -1.518534 0.169011 -3.036355
v -1.397594 0.185205 -3.051908
v -1.279709 0.211399 -3.066290
v -1.165064 0.240366 -3.080486
v -1.055294 0.274888 -3.093566
v -0.915034 0.289784 -2.990839
v -0.814190 0.327805 -3.003816
v -0.719170 0.369671 -3.015657
v -0.629530 0.416176 -3.026224
v -0.555242 0.478821 -3.030323
v -0.483856 0.543063 -3.033952
v -0.427846 0.619716 -3.032339
v -0.382902 0.704752 -3.027006
v -0.357667 0.796061 -3.016959
v -0.351021 0.889087 -3.002424
v -0.349714 0.982674 -2.986684
v -0.358315 1.075881 -2.968894
v -0.372484 1.169724 -2.950454
v -0.394859 1.263332 -2.930629
v -0.427233 1.356725 -2.909072
v -0.471287 1.447999 -2.885840
v -0.513032 1.544654 -2.862815
v -0.574922 1.635970 -2.837526
v -0.645827 1.725277 -2.812265
v -0.724896 1.811247 -2.786630
v -0.808200 1.895839 -2.761029
v -0.898263 1.974815 -2.735325
v -0.993609 2.047960 -2.709704
v -1.096849 2.109569 -2.683784
v -1.206722 2.158804 -2.657582
v -1.322836 2.191557 -2.632459
v -1.443789 2.206480 -2.607939
v -1.565559 2.202000 -2.585274
v -1.685620 2.184820 -2.564445
v -1.802834 2.154739 -2.546004
v -1.918261 2.124319 -2.529239
v -2.029562 2.087978 -2.515113
v -2.137143 2.049865 -2.503230
v -2.239158 2.006987 -2.494270
v -2.335030 1.957358 -2.488529
v -2.427814 1.906988 -2.484859
v -2.516110 1.849243 -2.483945
v -2.587919 1.772739 -2.489284
v -2.638580 1.685121 -2.497372
v -2.679450 1.592559 -2.507406
v -2.708409 1.497268 -2.519254
v -2.725679 1.398910 -2.533000
v -2.734044 1.299569 -2.547929
v -2.730637 1.199957 -2.564251
v -2.721503 1.099875 -2.581999
v -2.701442 1.000284 -2.601256
v -2.677095 0.899890 -2.622127
v -2.639543 0.800528 -2.644653
v -2.592843 0.701816 -2.668723
v -2.536185 0.604822 -2.693881
v -2.467305 0.512612 -2.719661
v -2.386591 0.426639 -2.745920
v -2.295629 0.348494 -2.771977
v -2.198877 0.276255 -2.798284
v -2.094508 0.215435 -2.823760
v -1.979725 0.172946 -2.846182
v -1.859332 0.147371 -2.865959
v -1.736426 0.135848 -2.884330
v -1.612550 0.141316 -2.900354
v -1.489416 0.151277 -2.916655
v -1.368234 0.172540 -2.931757
v -1.248790 0.195112 -2.947477
v -1.132587 0.221806 -2.962856
v -1.021550 0.255117 -2.976962
v -0.879261 0.270745 -2.874054
v -0.777178 0.308362 -2.887813
v -0.679560 0.346438 -2.901407
v -0.589749 0.396543 -2.911911
v -0.516095 0.460957 -2.915630
v -0.451966 0.532670 -2.916218
v -0.396040 0.609220 -2.914716
v -0.354902 0.695570 -2.908414
v -0.332179 0.787191 -2.897598
v -0.321307 0.880196 -2.883721
v -0.319060 0.974067 -2.867926
v -0.329836 1.067329 -2.848987
v -0.344003 1.161650 -2.830165
v -0.367401 1.256040 -2.809745
v -0.398691 1.351275 -2.788250
v -0.444875 1.442536 -2.764616
v -0.500073 1.533595 -2.739916
v -0.565559 1.623277 -2.714565
v -0.634457 1.715624 -2.689435
v -0.713775 1.803464 -2.663897
v -0.796560 1.890985 -2.638456
v -0.886913 1.971893 -2.612945
v -0.983028 2.046188 -2.587275
v -1.085402 2.110816 -2.561086
v -1.199355 2.153527 -2.534198
v -1.315357 2.189259 -2.507801
v -1.437792 2.200740 -2.481605
v -1.561432 2.196052 -2.457368
v -1.682469 2.173422 -2.435341
v -1.800590 2.140696 -2.415938
v -1.916288 2.104604 -2.398813
v -2.028370 2.064981 -2.384299
v -2.137150 2.025102 -2.372035
v -2.240951 1.981809 -2.362646
v -2.338943 1.932907 -2.356372
v -2.433250 1.882274 -2.352459
v -2.520604 1.821004 -2.352633
v -2.592517 1.744133 -2.356974
v -2.647368 1.655871 -2.365782
v -2.688819 1.561924 -2.377160
v -2.711816 1.463310 -2.389527
v -2.726863 1.363511 -2.403889
v -2.732901 1.262812 -2.419636
v -2.726974 1.162425 -2.436428
v -2.711310 1.062440 -2.454716
v -2.688777 0.962621 -2.474452
v -2.665919 0.861319 -2.496001
v -2.625098 0.762449 -2.519365
v -2.581749 0.661394 -2.544391
v -2.520334 0.566428 -2.570123
v -2.451482 0.472988 -2.597108
v -2.372596 0.384348 -2.624862
v -2.280609 0.305464 -2.651979
v -2.181482 0.234111 -2.679062
v -2.073852 0.174731 -2.705133
v -1.957496 0.134361 -2.727950
v -1.833281 0.116869 -2.746377
v -1.708436 0.107059 -2.764914
v -1.583273 0.114802 -2.780951
v -1.458705 0.126531 -2.797599
v -1.336519 0.149757 -2.812854
v -1.216251 0.174827 -2.828697
v -1.099279 0.203387 -2.844375
v -0.986691 0.235319 -2.859609
v -0.842470 0.252381 -2.756307
v -0.739591 0.291154 -2.770530
v -0.640953 0.330235 -2.784622
v -0.549753 0.379635 -2.795867
v -0.478166 0.447476 -2.798790
v -0.419974 0.523710 -2.797606
v -0.362741 0.599091 -2.796761
v -0.327349 0.687547 -2.788818
v -0.298127 0.777642 -2.779304
v -0.284953 0.871319 -2.765434
v -0.279146 0.966291 -2.750234
v -0.291877 1.060272 -2.730076
v -0.306698 1.155888 -2.710417
v -0.337699 1.249185 -2.687856
v -0.373800 1.344087 -2.665178
v -0.424950 1.434274 -2.640637
v -0.482651 1.525895 -2.615867
v -0.549114 1.617107 -2.590647
v -0.622291 1.708353 -2.565331
v -0.700071 1.800015 -2.540091
v -0.785425 1.887516 -2.514663
v -0.872870 1.974794 -2.489921
v -0.966187 2.056159 -2.464868
v -1.071068 2.121459 -2.438443
v -1.188400 2.160833 -2.409810
v -1.305898 2.197222 -2.382907
v -1.431034 2.194805 -2.353505
v -1.556641 2.191502 -2.327627
v -1.678058 2.160957 -2.304444
v -1.797986 2.126486 -2.283621
v -1.914203 2.085132 -2.266012
v -2.027595 2.042954 -2.250860
v -2.137344 2.000000 -2.238361
v -2.243389 1.956416 -2.228411
v -2.341290 1.904405 -2.222414
v -2.433506 1.847352 -2.219409
v -2.519275 1.784407 -2.219436
v -2.593660 1.708879 -2.223737
v -2.648974 1.622141 -2.232309
v -2.686097 1.525770 -2.244510
v -2.709323 1.426526 -2.258021
v -2.724689 1.326284 -2.272957
v -2.727431 1.225045 -2.289161
v -2.722840 1.123509 -2.306729
v -2.707626 1.022519 -2.325799
v -2.686312 0.921204 -2.346511
v -2.659340 0.819356 -2.368995
v -2.620271 0.718906 -2.393142
v -2.571923 0.618830 -2.418819
v -2.512586 0.520899 -2.446102
v -2.443408 0.425698 -2.474452
v -2.361185 0.337161 -2.503127
v -2.268885 0.256024 -2.531788
v -2.165735 0.187596 -2.559106
v -2.053964 0.131734 -2.584755
v -1.932727 0.096203 -2.607301
v -1.807459 0.077438 -2.627418
v -1.679976 0.076678 -2.644383
v -1.553095 0.084991 -2.661009
v -1.427419 0.101871 -2.677206
v -1.303502 0.124538 -2.693438
v -1.182140 0.151922 -2.709517
v -1.064102 0.182087 -2.725637
v -0.950260 0.214194 -2.741765
v -0.801913 0.225783 -2.639820
v -0.698950 0.267684 -2.653974
v -0.602396 0.313205 -2.667151
v -0.519215 0.374528 -2.674194
v -0.436471 0.431723 -2.682836
v -0.377759 0.508375 -2.681236
v -0.320027 0.584991 -2.681022
v -0.282849 0.674658 -2.672726
v -0.251142 0.765620 -2.663835
v -0.240797 0.861409 -2.647714
v -0.235407 0.957420 -2.631732
v -0.252533 1.052849 -2.609483
v -0.274215 1.148278 -2.587075
v -0.307208 1.242281 -2.563946
v -0.347338 1.337093 -2.539800
v -0.403417 1.427225 -2.515023
v -0.466034 1.518049 -2.490018
v -0.534054 1.610771 -2.464909
v -0.607118 1.705078 -2.439863
v -0.684375 1.800452 -2.415114
v -0.763218 1.897452 -2.391362
v -0.851493 1.987577 -2.366973
v -0.951728 2.064247 -2.340272
v -1.057371 2.132760 -2.313910
v -1.175838 2.176635 -2.283898
v -1.298412 2.209908 -2.254406
v -1.425819 2.209312 -2.224041
v -1.551121 2.186496 -2.195816
v -1.673737 2.151650 -2.170887
v -1.793686 2.108364 -2.149372
v -1.911766 2.064358 -2.130697
v -2.025718 2.016882 -2.115414
v -2.136929 1.971962 -2.102444
v -2.241755 1.921211 -2.093400
v -2.343416 1.873091 -2.086316
v -2.436407 1.814515 -2.083844
v -2.521775 1.749680 -2.084689
v -2.595259 1.672608 -2.089806
v -2.652298 1.586340 -2.098455
v -2.690730 1.489790 -2.110400
v -2.718069 1.389970 -2.124208
v -2.730464 1.288406 -2.139629
v -2.729903 1.185775 -2.156678
v -2.719613 1.083449 -2.175042
v -2.704566 0.981241 -2.194985
v -2.680800 0.879282 -2.216486
v -2.652166 0.776693 -2.239823
v -2.613229 0.674991 -2.264821
v -2.563337 0.574011 -2.291598
v -2.506361 0.472810 -2.320585
v -2.436040 0.375971 -2.350340
v -2.353090 0.285264 -2.380601
v -2.255112 0.207794 -2.409214
v -2.149843 0.139426 -2.437474
v -2.032754 0.089287 -2.462714
v -1.907819 0.057805 -2.485101
v -1.779968 0.040094 -2.506021
v -1.650518 0.039214 -2.524025
v -1.521969 0.052488 -2.540236
v -1.394769 0.072556 -2.556537
v -1.269252 0.097009 -2.573246
v -1.145993 0.123859 -2.590509
v -1.026134 0.153508 -2.607849
v -0.910956 0.186675 -2.624655
v -0.758786 0.194201 -2.523644
v -0.654198 0.236196 -2.538761
v -0.558636 0.286161 -2.550907
v -0.475407 0.350359 -2.557361
v -0.397214 0.415234 -2.563413
v -0.331598 0.489910 -2.564548
v -0.271567 0.568371 -2.565116
v -0.228019 0.658282 -2.558759
v -0.197033 0.752498 -2.548435
v -0.190497 0.850856 -2.529336
v -0.192888 0.949214 -2.509400
v -0.212216 1.045031 -2.486625
v -0.247872 1.137406 -2.460921
v -0.284656 1.231215 -2.436643
v -0.331521 1.324421 -2.411845
v -0.385938 1.417745 -2.387208
v -0.448890 1.511028 -2.362327
v -0.516668 1.606969 -2.337467
v -0.586782 1.706996 -2.313190
v -0.661803 1.807778 -2.289292
v -0.743475 1.906136 -2.265388
v -0.829701 2.002244 -2.241858
v -0.930088 2.084530 -2.215482
v -1.035607 2.162273 -2.189688
v -1.157938 2.206674 -2.157585
v -1.286883 2.219824 -2.123301
v -1.417454 2.214201 -2.090637
v -1.544744 2.185769 -2.060349
v -1.668356 2.140758 -2.033993
v -1.789947 2.092348 -2.011530
v -1.907978 2.039284 -1.992833
v -2.024382 1.989911 -1.976740
v -2.137012 1.941362 -1.963673
v -2.244234 1.890604 -1.954082
v -2.347148 1.839991 -1.947206
v -2.440659 1.780370 -1.944949
v -2.525175 1.711892 -1.946728
v -2.597018 1.633615 -1.952476
v -2.657727 1.548095 -1.961561
v -2.702190 1.453684 -1.973887
v -2.725042 1.351234 -1.988104
v -2.734896 1.247862 -2.004044
v -2.730381 1.144573 -2.021730
v -2.718678 1.041333 -2.041036
v -2.702585 0.938080 -2.061962
v -2.677068 0.835435 -2.084384
v -2.646391 0.732285 -2.108648
v -2.605328 0.630065 -2.134477
v -2.556163 0.527301 -2.162252
v -2.498251 0.424913 -2.192271
v -2.424573 0.328815 -2.222649
v -2.339185 0.238257 -2.253886
v -2.240356 0.158661 -2.284050
v -2.129270 0.094158 -2.312601
v -2.011010 0.043813 -2.339275
v -1.883451 0.014599 -2.362119
v -1.753108 -0.000888 -2.383385
v -1.621054 0.004721 -2.400787
v -1.490475 0.020681 -2.417378
v -1.361254 0.041668 -2.434524
v -1.233715 0.065892 -2.452410
v -1.108752 0.093953 -2.470428
v -0.986843 0.122830 -2.489146
v -0.870142 0.156931 -2.506755
v -0.715576 0.163456 -2.404928
v -0.610076 0.207059 -2.420460
v -0.513159 0.259251 -2.432980
v -0.425737 0.320064 -2.442120
v -0.347277 0.388693 -2.447327
v -0.276148 0.463029 -2.450485
v -0.215995 0.546111 -2.448713
v -0.169664 0.638870 -2.441815
v -0.142600 0.738337 -2.427952
v -0.140243 0.839001 -2.406444
v -0.155153 0.937546 -2.382651
v -0.181637 1.033564 -2.357611
v -0.220909 1.126112 -2.331900
v -0.266401 1.217934 -2.306355
v -0.315443 1.311694 -2.281509
v -0.367268 1.408736 -2.257120
v -0.430568 1.504920 -2.232475
v -0.493440 1.607786 -2.208495
v -0.561470 1.713173 -2.184951
v -0.634163 1.819965 -2.162065
v -0.713588 1.924916 -2.139394
v -0.798665 2.027380 -2.117657
v -0.901019 2.112914 -2.090547
v -1.011931 2.184723 -2.061096
v -1.139048 2.221341 -2.025857
v -1.271946 2.228729 -1.988048
v -1.405260 2.218405 -1.952891
v -1.535195 2.178276 -1.920685
v -1.660815 2.126535 -1.893256
v -1.783396 2.069545 -1.870391
v -1.904405 2.013579 -1.850919
v -2.022997 1.960100 -1.834549
v -2.138466 1.910263 -1.820962
v -2.248499 1.859478 -1.810894
v -2.351864 1.804994 -1.804648
v -2.448525 1.746605 -1.802086
v -2.534101 1.676451 -1.804530
v -2.612308 1.601768 -1.810035
v -2.677165 1.515452 -1.819751
v -2.718817 1.415232 -1.833378
v -2.736793 1.310136 -1.848682
v -2.737312 1.205490 -1.865398
v -2.731219 1.100996 -1.884039
v -2.719426 0.996808 -1.904363
v -2.701055 0.892813 -1.926349
v -2.677019 0.788686 -1.950025
v -2.643372 0.685306 -1.975286
v -2.600972 0.582429 -2.002126
v -2.546427 0.481018 -2.030559
v -2.483703 0.380080 -2.060882
v -2.410509 0.282368 -2.092576
v -2.322926 0.192163 -2.124416
v -2.221251 0.113231 -2.155729
v -2.109036 0.046731 -2.185990
v -1.986843 -0.001226 -2.212962
v -1.858647 -0.030853 -2.237039
v -1.725097 -0.040091 -2.257737
v -1.590821 -0.029370 -2.274993
v -1.458345 -0.011496 -2.292339
v -1.327226 0.010611 -2.310357
v -1.197520 0.033543 -2.329809
v -1.070576 0.061252 -2.349101
v -0.947199 0.092168 -2.368282
v -0.828372 0.125049 -2.387381
v -0.672963 0.135173 -2.282652
v -0.566130 0.179418 -2.298945
v -0.467533 0.231377 -2.312386
v -0.376912 0.289370 -2.323348
v -0.296829 0.359946 -2.328472
v -0.223054 0.435581 -2.331595
v -0.164996 0.522669 -2.327932
v -0.122467 0.618650 -2.317358
v -0.100289 0.719876 -2.300053
v -0.104768 0.822867 -2.276385
v -0.122038 0.923877 -2.250881
v -0.157004 1.018115 -2.224768
v -0.201476 1.110269 -2.198531
v -0.251305 1.201813 -2.172958
v -0.301003 1.297422 -2.148098
v -0.352355 1.397539 -2.123799
v -0.405377 1.503071 -2.100408
v -0.466759 1.610618 -2.076781
v -0.529260 1.723934 -2.054871
v -0.599961 1.837028 -2.032982
v -0.674694 1.951223 -2.012679
v -0.760475 2.060826 -1.991490
v -0.865633 2.148569 -1.963805
v -0.985749 2.208190 -1.928122
v -1.116944 2.244469 -1.889690
v -1.254350 2.245071 -1.848779
v -1.388101 2.209679 -1.810589
v -1.521131 2.165604 -1.776617
v -1.649784 2.107935 -1.748191
v -1.776665 2.048043 -1.724058
v -1.901136 1.988131 -1.703866
v -2.023551 1.932623 -1.686838
v -2.141416 1.878818 -1.673280
v -2.254551 1.827312 -1.662927
v -2.360894 1.772462 -1.656647
v -2.461225 1.714302 -1.654258
v -2.554764 1.648545 -1.656633
v -2.628844 1.566259 -1.662346
v -2.688161 1.473683 -1.673861
v -2.728934 1.371627 -1.688452
v -2.742492 1.265658 -1.704559
v -2.740345 1.159676 -1.723047
v -2.732341 1.054407 -1.742963
v -2.719578 0.949381 -1.764526
v -2.700757 0.844631 -1.787710
v -2.673398 0.740428 -1.812404
v -2.639425 0.636159 -1.838890
v -2.594484 0.533266 -1.866658
v -2.537688 0.432142 -1.896241
v -2.469459 0.333405 -1.927173
v -2.391411 0.237786 -1.959498
v -2.303010 0.147192 -1.992528
v -2.202789 0.065040 -2.025337
v -2.088906 -0.002492 -2.056762
v -1.962053 -0.043400 -2.082944
v -1.831391 -0.071114 -2.107540
v -1.695127 -0.074420 -2.127802
v -1.559847 -0.061177 -2.145765
v -1.425702 -0.042768 -2.164274
v -1.292436 -0.023158 -2.184197
v -1.160888 0.000658 -2.204631
v -1.031812 0.027059 -2.225495
v -0.906898 0.059864 -2.245251
v -0.786491 0.093946 -2.265132
v -0.627876 0.100270 -2.159143
v -0.520137 0.147095 -2.175451
v -0.419393 0.198348 -2.189979
v -0.326253 0.255314 -2.202007
v -0.244461 0.326956 -2.207034
v -0.174192 0.408573 -2.206397
v -0.116443 0.498432 -2.200407
v -0.075522 0.594557 -2.188469
v -0.063222 0.700175 -2.167307
v -0.071793 0.805001 -2.141257
v -0.097828 0.905194 -2.113690
v -0.140689 0.998068 -2.087209
v -0.186785 1.090859 -2.061159
v -0.235648 1.184986 -2.035745
v -0.283037 1.284127 -2.010893
v -0.332761 1.388004 -1.986511
v -0.382478 1.498764 -1.963161
v -0.437607 1.614102 -1.940496
v -0.496200 1.734397 -1.919327
v -0.558769 1.857926 -1.900589
v -0.635858 1.975438 -1.879386
v -0.722293 2.087549 -1.857698
v -0.827970 2.178269 -1.828891
v -0.951569 2.242440 -1.792571
v -1.089481 2.266676 -1.748800
v -1.230516 2.251366 -1.702904
v -1.368345 2.208225 -1.662228
v -1.502898 2.150951 -1.626954
v -1.637237 2.091136 -1.596603
v -1.769173 2.027657 -1.571217
v -1.898879 1.965349 -1.550048
v -2.025171 1.905859 -1.532667
v -2.146859 1.849783 -1.518804
v -2.261871 1.793541 -1.508805
v -2.371032 1.738116 -1.502261
v -2.470567 1.673356 -1.500758
v -2.563835 1.604213 -1.503037
v -2.636849 1.519912 -1.510986
v -2.696201 1.426186 -1.522772
v -2.731011 1.322185 -1.538789
v -2.738960 1.216057 -1.556758
v -2.741730 1.109770 -1.576445
v -2.734799 1.003691 -1.597718
v -2.723401 0.897702 -1.620701
v -2.702183 0.792405 -1.645221
v -2.671299 0.688322 -1.671105
v -2.633865 0.584407 -1.698756
v -2.582400 0.483767 -1.727230
v -2.524399 0.382550 -1.758003
v -2.456254 0.282922 -1.790432
v -2.379660 0.184815 -1.824653
v -2.289902 0.093543 -1.859270
v -2.182403 0.017681 -1.891747
v -2.064296 -0.044670 -1.922340
v -1.935421 -0.081689 -1.948418
v -1.801740 -0.103308 -1.972419
v -1.664852 -0.104705 -1.993394
v -1.528416 -0.090726 -2.012465
v -1.392595 -0.072666 -2.032325
v -1.257480 -0.053682 -2.053576
v -1.123959 -0.030696 -2.075382
v -0.992868 -0.005026 -2.097707
v -0.865197 0.023293 -2.120032
v -0.742478 0.056811 -2.141437
v -0.582120 0.065075 -2.030649
v -0.473511 0.114932 -2.046852
v -0.371080 0.165221 -2.062398
v -0.279457 0.228519 -2.072335
v -0.195219 0.296999 -2.078332
v -0.125955 0.380424 -2.076663
v -0.071298 0.473633 -2.067502
v -0.038608 0.574163 -2.050155
v -0.031523 0.680497 -2.026902
v -0.051596 0.783375 -1.998920
v -0.090520 0.878645 -1.972163
v -0.134168 0.972495 -1.945551
v -0.180376 1.066733 -1.919258
v -0.223723 1.165403 -1.893325
v -0.267883 1.268470 -1.867960
v -0.314315 1.377090 -1.843156
v -0.357692 1.494533 -1.819827
v -0.404067 1.618789 -1.798125
v -0.451870 1.749874 -1.779442
v -0.510934 1.881242 -1.761382
v -0.577816 2.012845 -1.746190
v -0.665998 2.132885 -1.725547
v -0.778556 2.223543 -1.692877
v -0.912057 2.280318 -1.649556
v -1.057226 2.286149 -1.597988
v -1.202450 2.258554 -1.548878
v -1.345161 2.209617 -1.505301
v -1.484395 2.145169 -1.467928
v -1.622965 2.076663 -1.436386
v -1.760932 2.008926 -1.409865
v -1.896303 1.942567 -1.388038
v -2.027754 1.879704 -1.370270
v -2.152177 1.817181 -1.356822
v -2.270056 1.757359 -1.347113
v -2.379445 1.695286 -1.341574
v -2.482103 1.631829 -1.339787
v -2.574215 1.558559 -1.342959
v -2.654168 1.476203 -1.351130
v -2.705424 1.375837 -1.366329
v -2.737693 1.269841 -1.383849
v -2.747228 1.162647 -1.403051
v -2.745733 1.055141 -1.423984
v -2.738718 0.948030 -1.446766
v -2.723795 0.841743 -1.471135
v -2.701152 0.736080 -1.497109
v -2.670662 0.631197 -1.524704
v -2.630562 0.527539 -1.553739
v -2.579880 0.425650 -1.584152
v -2.516900 0.325926 -1.615819
v -2.445229 0.227338 -1.649313
v -2.366225 0.129595 -1.684899
v -2.274605 0.037640 -1.721123
v -2.167446 -0.041284 -1.756113
v -2.043169 -0.096424 -1.786228
v -1.910360 -0.130688 -1.812120
v -1.773051 -0.140485 -1.834306
v -1.634453 -0.133436 -1.854173
v -1.496500 -0.117716 -1.873999
v -1.359059 -0.098531 -1.894863
v -1.222275 -0.078596 -1.917160
v -1.086884 -0.056801 -1.940427
v -0.953764 -0.033119 -1.964283
v -0.824307 -0.006063 -1.987979
v -0.700452 0.028737 -2.009688
v -0.533640 0.028649 -1.897743
v -0.421459 0.074883 -1.915879
v -0.319526 0.129804 -1.930587
v -0.223100 0.189978 -1.944173
v -0.142623 0.265165 -1.946251
v -0.078796 0.353049 -1.940683
v -0.028379 0.449032 -1.927969
v -0.009900 0.550349 -1.907362
v -0.020703 0.654508 -1.880349
v -0.047190 0.754998 -1.852580
v -0.086217 0.850725 -1.825207
v -0.129640 0.945551 -1.798056
v -0.172062 1.042926 -1.770939
v -0.213919 1.144089 -1.744133
v -0.252758 1.251754 -1.717840
v -0.294371 1.365499 -1.692025
v -0.332252 1.489208 -1.667595
v -0.368697 1.622570 -1.645879
v -0.405249 1.764388 -1.628595
v -0.449367 1.909751 -1.615480
v -0.507060 2.056692 -1.605328
v -0.594840 2.188123 -1.585565
v -0.716490 2.289493 -1.553123
v -0.866728 2.333285 -1.496707
v -1.022914 2.330827 -1.438568
v -1.175541 2.289334 -1.383897
v -1.323791 2.227275 -1.336616
v -1.466758 2.148812 -1.297041
v -1.610016 2.069337 -1.264537
v -1.752927 1.992397 -1.237655
v -1.894343 1.920311 -1.215607
v -2.030663 1.851382 -1.197990
v -2.159808 1.785037 -1.184626
v -2.279653 1.718560 -1.175714
v -2.390448 1.651889 -1.170908
v -2.493300 1.583570 -1.169828
v -2.586617 1.510100 -1.173297
v -2.663918 1.421706 -1.184404
v -2.721753 1.321035 -1.200400
v -2.746211 1.211736 -1.219582
v -2.754603 1.102790 -1.240958
v -2.750338 0.994585 -1.263740
v -2.741252 0.886795 -1.288302
v -2.725430 0.779802 -1.314387
v -2.702481 0.673582 -1.342197
v -2.670011 0.568646 -1.371336
v -2.628221 0.464888 -1.402054
v -2.575572 0.362917 -1.434198
v -2.510751 0.263621 -1.467450
v -2.434088 0.167387 -1.501873
v -2.350382 0.072064 -1.538359
v -2.257266 -0.019854 -1.575974
v -2.147669 -0.098402 -1.611699
v -2.020428 -0.149463 -1.642763
v -1.883049 -0.171914 -1.667145
v -1.743101 -0.174595 -1.688507
v -1.602946 -0.163168 -1.708755
v -1.463365 -0.144750 -1.729356
v -1.324179 -0.123981 -1.751266
v -1.185581 -0.103153 -1.774782
v -1.048286 -0.081901 -1.799503
v -0.913310 -0.058939 -1.824778
v -0.781734 -0.034326 -1.850171
v -0.654812 -0.006281 -1.874774
v -0.486045 0.000731 -1.755067
v -0.371149 0.041713 -1.775682
v -0.266461 0.093814 -1.791311
v -0.171398 0.158589 -1.801836
v -0.086203 0.232412 -1.807508
v -0.021558 0.318659 -1.804281
v 0.007599 0.423712 -1.782164
v 0.008073 0.528003 -1.755718
v -0.008348 0.629258 -1.728352
v -0.042959 0.726607 -1.700120
v -0.081231 0.822874 -1.671853
v -0.123042 0.919127 -1.643601
v -0.162934 1.018773 -1.615196
v -0.201633 1.122795 -1.587047
v -0.235938 1.234574 -1.559182
v -0.265933 1.355430 -1.532383
v -0.297335 1.485039 -1.506291
v -0.321415 1.628242 -1.483613
v -0.344048 1.781720 -1.466931
v -0.363631 1.944173 -1.462652
v -0.414691 2.109348 -1.453954
v -0.504493 2.263976 -1.437709
v -0.642131 2.381093 -1.402912
v -0.818407 2.416090 -1.330744
v -0.987639 2.392235 -1.263387
v -1.149400 2.331076 -1.202242
v -1.304499 2.252640 -1.152412
v -1.452978 2.160389 -1.111889
v -1.601589 2.069136 -1.079094
v -1.749140 1.980500 -1.052496
v -1.894482 1.897411 -1.031016
v -2.035080 1.820021 -1.014119
v -2.167425 1.746003 -1.001738
v -2.290297 1.674679 -0.993671
v -2.401846 1.602212 -0.990132
v -2.501001 1.524531 -0.991677
v -2.594020 1.447417 -0.995970
v -2.664735 1.354322 -1.007963
v -2.721656 1.254011 -1.024846
v -2.751764 1.145536 -1.046409
v -2.759790 1.036320 -1.069572
v -2.755226 0.927090 -1.094446
v -2.746903 0.818366 -1.121106
v -2.728386 0.710902 -1.148936
v -2.706020 0.603869 -1.178927
v -2.672622 0.498639 -1.210067
v -2.628242 0.395049 -1.242544
v -2.574139 0.292783 -1.276710
v -2.507593 0.193478 -1.311950
v -2.430466 0.096447 -1.348762
v -2.340251 0.004914 -1.385823
v -2.237073 -0.078222 -1.422655
v -2.121951 -0.149933 -1.458490
v -1.991718 -0.195842 -1.489741
v -1.853017 -0.212907 -1.513998
v -1.711615 -0.210291 -1.535797
v -1.569839 -0.194212 -1.556253
v -1.428312 -0.173928 -1.577830
v -1.287125 -0.151232 -1.600910
v -1.146215 -0.131320 -1.626268
v -1.006814 -0.110255 -1.652637
v -0.869726 -0.088460 -1.679699
v -0.736287 -0.064219 -1.706497
v -0.608066 -0.034506 -1.731731
v -0.434027 -0.032290 -1.608222
v -0.319859 0.013239 -1.627771
v -0.212748 0.062337 -1.644473
v -0.115243 0.125419 -1.655192
v -0.022950 0.196883 -1.661536
v 0.029857 0.295928 -1.650477
v 0.042894 0.402750 -1.626185
v 0.030751 0.505915 -1.599013
v 0.006090 0.605581 -1.570441
v -0.030003 0.701851 -1.541316
v -0.069955 0.797529 -1.511872
v -0.110436 0.894717 -1.482186
v -0.145008 0.997369 -1.452196
v -0.180005 1.104071 -1.422108
v -0.206571 1.220212 -1.392789
v -0.233047 1.344766 -1.363227
v -0.244002 1.483426 -1.337225
v -0.256471 1.633996 -1.312185
v -0.253262 1.798644 -1.299756
v -0.253402 1.978395 -1.298468
v -0.290616 2.172535 -1.294548
v -0.391837 2.353844 -1.268941
v -0.558428 2.477935 -1.212789
v -0.768515 2.506263 -1.132116
v -0.949907 2.446774 -1.057752
v -1.127123 2.376024 -0.998310
v -1.289833 2.277977 -0.949886
v -1.445243 2.172245 -0.910949
v -1.598223 2.067377 -0.879241
v -1.750635 1.967828 -0.853633
v -1.900042 1.873929 -0.833240
v -2.044076 1.786768 -0.817528
v -2.179162 1.704233 -0.806490
v -2.303100 1.624440 -0.800209
v -2.415370 1.546177 -0.798547
v -2.509837 1.458767 -0.803062
v -2.599878 1.377222 -0.809177
v -2.666528 1.280117 -0.823227
v -2.721801 1.180277 -0.840573
v -2.749722 1.071421 -0.863660
v -2.763945 0.961734 -0.888603
v -2.765828 0.851715 -0.915581
v -2.756771 0.742076 -0.944291
v -2.739452 0.633334 -0.974600
v -2.714876 0.525720 -1.006745
v -2.680952 0.419655 -1.040392
v -2.634973 0.315531 -1.075264
v -2.578675 0.212962 -1.111785
v -2.507697 0.114859 -1.148638
v -2.425452 0.020103 -1.186973
v -2.328001 -0.067234 -1.224817
v -2.219817 -0.146729 -1.263159
v -2.097396 -0.209136 -1.299402
v -1.963064 -0.248113 -1.330411
v -1.821724 -0.255657 -1.353450
v -1.678279 -0.249169 -1.375546
v -1.534204 -0.234626 -1.398017
v -1.390414 -0.211649 -1.420529
v -1.246719 -0.188121 -1.445160
v -1.103413 -0.166769 -1.472298
v -0.961741 -0.144571 -1.500440
v -0.822659 -0.120763 -1.528942
v -0.687246 -0.096045 -1.557284
v -0.557181 -0.067782 -1.584208
v -0.378065 -0.067401 -1.457971
v -0.260912 -0.026866 -1.480109
v -0.153677 0.023746 -1.496666
v -0.059869 0.092446 -1.503909
v 0.017567 0.176017 -1.501049
v 0.064435 0.272654 -1.487705
v 0.068374 0.381816 -1.464348
v 0.057225 0.486415 -1.437661
v 0.026425 0.584133 -1.408217
v -0.009256 0.680511 -1.378074
v -0.048534 0.776471 -1.347134
v -0.085926 0.874885 -1.315869
v -0.115239 0.979932 -1.284791
v -0.144409 1.089259 -1.252972
v -0.169073 1.206646 -1.220537
v -0.189560 1.334400 -1.186669
v -0.189668 1.477159 -1.157696
v -0.166260 1.633227 -1.137178
v -0.135756 1.805604 -1.124575
v -0.110885 2.002562 -1.121113
v -0.130197 2.239504 -1.116764
v -0.258137 2.458698 -1.067003
v -0.482355 2.568807 -0.977093
v -0.722362 2.576057 -0.901829
v -0.915837 2.480926 -0.825512
v -1.099992 2.389029 -0.773833
v -1.278815 2.284334 -0.728740
v -1.441725 2.169315 -0.694601
v -1.600924 2.055965 -0.666122
v -1.758405 1.948044 -0.642379
v -1.912666 1.846618 -0.623322
v -2.058957 1.749285 -0.609143
v -2.196543 1.658835 -0.599546
v -2.321949 1.571515 -0.594925
v -2.434399 1.485704 -0.595340
v -2.531206 1.395849 -0.601273
v -2.616892 1.306043 -0.611054
v -2.679242 1.203586 -0.627388
v -2.732341 1.100463 -0.647194
v -2.763439 0.991801 -0.671191
v -2.777434 0.880300 -0.698001
v -2.778535 0.768619 -0.727008
v -2.774567 0.657407 -0.758682
v -2.754306 0.547472 -0.791269
v -2.729861 0.438678 -0.826336
v -2.694712 0.331723 -0.862850
v -2.645616 0.227434 -0.899994
v -2.585475 0.125272 -0.938703
v -2.511409 0.027737 -0.978076
v -2.418175 -0.061365 -1.016197
v -2.319796 -0.150867 -1.058029
v -2.202118 -0.221264 -1.096371
v -2.075971 -0.282493 -1.135925
v -1.936625 -0.311791 -1.165874
v -1.790487 -0.312996 -1.188635
v -1.643531 -0.305128 -1.212484
v -1.496624 -0.285096 -1.235328
v -1.349890 -0.260090 -1.259454
v -1.203267 -0.235327 -1.286114
v -1.057357 -0.211278 -1.314914
v -0.913158 -0.186029 -1.344655
v -0.771534 -0.161834 -1.375470
v -0.634098 -0.134970 -1.405357
v -0.502329 -0.105136 -1.433520
v -0.317004 -0.114457 -1.310461
v -0.200940 -0.064091 -1.329130
v -0.091438 -0.013797 -1.347086
v 0.001102 0.055973 -1.353519
v 0.070531 0.149803 -1.346968
v 0.100830 0.257035 -1.326727
v 0.102913 0.365102 -1.302401
v 0.084819 0.468216 -1.274571
v 0.052129 0.565582 -1.244587
v 0.018481 0.662788 -1.213633
v -0.014437 0.761078 -1.182112
v -0.047359 0.861112 -1.149552
v -0.077817 0.965003 -1.115891
v -0.105106 1.074496 -1.081213
v -0.124859 1.193116 -1.045627
v -0.129082 1.323486 -1.010567
v -0.114752 1.466294 -0.977377
v -0.072134 1.621082 -0.950904
v -0.011816 1.792557 -0.930892
v 0.054666 1.995014 -0.916620
v 0.053572 2.269273 -0.875813
v -0.134351 2.516976 -0.777067
v -0.406976 2.609462 -0.673048
v -0.673714 2.570386 -0.612853
v -0.885909 2.458954 -0.568302
v -1.082327 2.358920 -0.530563
v -1.267203 2.250577 -0.497851
v -1.440701 2.138002 -0.469424
v -1.607848 2.024167 -0.444438
v -1.773986 1.917756 -0.421953
v -1.931993 1.810492 -0.404299
v -2.081171 1.706878 -0.391315
v -2.219755 1.608215 -0.383258
v -2.346040 1.513728 -0.380330
v -2.457694 1.419705 -0.382976
v -2.558192 1.328237 -0.390307
v -2.637929 1.228196 -0.403728
v -2.705251 1.125655 -0.421617
v -2.756598 1.018634 -0.443950
v -2.787461 0.906496 -0.469911
v -2.803568 0.792474 -0.499249
v -2.805389 0.678050 -0.530996
v -2.799911 0.564375 -0.565632
v -2.782274 0.452238 -0.601851
v -2.757152 0.341633 -0.640548
v -2.718734 0.233835 -0.680168
v -2.659763 0.131428 -0.717909
v -2.595986 0.029429 -0.759596
v -2.513493 -0.065055 -0.800015
v -2.420480 -0.156704 -0.842761
v -2.310489 -0.237171 -0.884046
v -2.191828 -0.312581 -0.927554
v -2.056734 -0.366473 -0.966782
v -1.909495 -0.388381 -0.997119
v -1.759090 -0.383606 -1.021591
v -1.608389 -0.366599 -1.045087
v -1.457985 -0.342850 -1.069649
v -1.308003 -0.314952 -1.095713
v -1.158264 -0.287413 -1.124437
v -1.009369 -0.260218 -1.155251
v -0.862019 -0.235041 -1.188102
v -0.717528 -0.210753 -1.221853
v -0.577374 -0.184745 -1.254731
v -0.443739 -0.151099 -1.283711
v -0.254018 -0.167555 -1.166615
v -0.134021 -0.118149 -1.187707
v -0.030480 -0.051668 -1.197485
v 0.060132 0.027339 -1.198856
v 0.114950 0.132448 -1.186440
v 0.131574 0.242013 -1.165174
v 0.123162 0.347486 -1.140315
v 0.107604 0.450475 -1.113059
v 0.080950 0.549795 -1.083255
v 0.052939 0.648764 -1.052039
v 0.023780 0.748094 -1.019618
v -0.003692 0.849513 -0.986185
v -0.031488 0.953397 -0.950620
v -0.056523 1.062634 -0.912846
v -0.072195 1.181177 -0.873597
v -0.069761 1.309713 -0.833925
v -0.043861 1.448408 -0.794565
v 0.008899 1.596056 -0.754437
v 0.089908 1.756584 -0.713242
v 0.164670 1.951223 -0.647844
v 0.146339 2.235758 -0.542785
v -0.089962 2.437605 -0.419926
v -0.376971 2.516844 -0.359691
v -0.651583 2.468898 -0.333112
v -0.873445 2.377700 -0.317418
v -1.078207 2.287624 -0.294354
v -1.267133 2.184792 -0.269887
v -1.447847 2.079897 -0.244539
v -1.623914 1.975307 -0.219647
v -1.795286 1.870869 -0.197538
v -1.957399 1.763488 -0.180035
v -2.109389 1.657235 -0.167474
v -2.248686 1.552631 -0.160379
v -2.376169 1.452729 -0.158626
v -2.489963 1.354447 -0.162586
v -2.589332 1.255625 -0.172413
v -2.672733 1.152772 -0.187916
v -2.739071 1.045024 -0.208368
v -2.789490 0.933627 -0.232903
v -2.818650 0.816247 -0.261313
v -2.837263 0.698631 -0.293621
v -2.843467 0.580719 -0.329224
v -2.841591 0.463608 -0.368410
v -2.824806 0.348349 -0.409103
v -2.793984 0.235740 -0.450884
v -2.750033 0.126261 -0.493814
v -2.687711 0.022788 -0.535614
v -2.611803 -0.074804 -0.577473
v -2.521034 -0.165970 -0.619549
v -2.417766 -0.251036 -0.662445
v -2.307013 -0.334638 -0.709129
v -2.176607 -0.396570 -0.750850
v -2.033820 -0.440158 -0.788811
v -1.881824 -0.455726 -0.821032
v -1.727465 -0.451135 -0.849665
v -1.573350 -0.430631 -0.875598
v -1.419532 -0.403436 -0.902570
v -1.266226 -0.372155 -0.931023
v -1.113267 -0.341079 -0.962081
v -0.960793 -0.313737 -0.996475
v -0.810008 -0.290537 -1.033654
v -0.662274 -0.268057 -1.071657
v -0.519243 -0.241223 -1.107492
v -0.382383 -0.210620 -1.140779
v -0.190947 -0.226582 -1.029139
v -0.073474 -0.161394 -1.044740
v 0.025229 -0.079981 -1.048057
v 0.103012 0.011480 -1.043016
v 0.137431 0.119924 -1.028564
v 0.154414 0.227858 -1.008690
v 0.152118 0.333804 -0.985077
v 0.137850 0.436960 -0.957829
v 0.116648 0.537907 -0.928281
v 0.091297 0.637568 -0.896490
v 0.066795 0.738067 -0.863528
v 0.041937 0.839611 -0.828663
v 0.019287 0.944139 -0.791913
v -0.001549 1.052842 -0.752020
v -0.013772 1.168858 -0.709517
v -0.011845 1.293807 -0.663648
v 0.006319 1.426976 -0.611633
v 0.054310 1.564881 -0.552869
v 0.116507 1.711940 -0.476172
v 0.159823 1.885764 -0.354629
v 0.071682 2.111467 -0.227819
v -0.155884 2.264066 -0.156618
v -0.403753 2.329982 -0.126194
v -0.657964 2.300226 -0.119062
v -0.881117 2.242828 -0.102529
v -1.086240 2.170797 -0.081135
v -1.281101 2.092971 -0.052445
v -1.468939 2.007347 -0.022905
v -1.650214 1.913504 0.004428
v -1.824549 1.813581 0.027972
v -1.991074 1.711213 0.047051
v -2.144262 1.603320 0.060121
v -2.283960 1.494658 0.067126
v -2.411589 1.389063 0.068140
v -2.525743 1.284798 0.062893
v -2.628588 1.182631 0.051729
v -2.713651 1.074419 0.033989
v -2.783175 0.962939 0.011119
v -2.829521 0.843288 -0.015590
v -2.865606 0.722584 -0.047372
v -2.883873 0.599794 -0.082845
v -2.892813 0.477259 -0.122865
v -2.890583 0.355668 -0.166794
v -2.872808 0.236355 -0.212875
v -2.834258 0.122310 -0.257676
v -2.778729 0.013758 -0.302040
v -2.714724 -0.091166 -0.349389
v -2.628650 -0.185563 -0.393349
v -2.533678 -0.275651 -0.439645
v -2.419054 -0.352184 -0.482251
v -2.293101 -0.418670 -0.525047
v -2.157481 -0.475165 -0.568845
v -2.010339 -0.513993 -0.609738
v -1.855115 -0.529571 -0.646340
v -1.696962 -0.522092 -0.678121
v -1.539183 -0.498660 -0.707654
v -1.382180 -0.466199 -0.736918
v -1.225482 -0.431995 -0.768418
v -1.068907 -0.399567 -0.803131
v -0.912908 -0.373666 -0.842470
v -0.758813 -0.351396 -0.884247
v -0.607801 -0.330275 -0.926695
v -0.461315 -0.305427 -0.966969
v -0.321123 -0.272462 -1.002119
v -0.133281 -0.267925 -0.888132
v -0.018178 -0.192840 -0.900977
v 0.073292 -0.102155 -0.902653
v 0.124032 0.004860 -0.892910
v 0.166626 0.110099 -0.879885
v 0.174796 0.216870 -0.859623
v 0.179782 0.322774 -0.837194
v 0.168171 0.425891 -0.810208
v 0.151583 0.527703 -0.780855
v 0.131949 0.628797 -0.749243
v 0.111219 0.730014 -0.715652
v 0.089530 0.831931 -0.679696
v 0.068686 0.935968 -0.641104
v 0.048845 1.043362 -0.598711
v 0.033738 1.156304 -0.551760
v 0.033332 1.277105 -0.500314
v 0.043940 1.403058 -0.439221
v 0.070637 1.533477 -0.366441
v 0.081985 1.673120 -0.275395
v 0.052727 1.823171 -0.162728
v -0.068660 1.977855 -0.056448
v -0.263361 2.082923 0.002486
v -0.481749 2.133702 0.039883
v -0.705480 2.129360 0.061751
v -0.917776 2.091808 0.082605
v -1.120192 2.055148 0.120744
v -1.316555 2.005872 0.160899
v -1.505349 1.933578 0.195687
v -1.688216 1.849714 0.227410
v -1.863418 1.755095 0.254130
v -2.029852 1.653828 0.275538
v -2.184778 1.547237 0.290580
v -2.324096 1.434870 0.298623
v -2.451953 1.324124 0.299839
v -2.569271 1.216168 0.294299
v -2.674457 1.108032 0.281837
v -2.764755 0.995838 0.262417
v -2.838731 0.878590 0.236661
v -2.884081 0.751626 0.207869
v -2.919293 0.624183 0.173274
v -2.940566 0.495394 0.133662
v -2.947587 0.366598 0.089371
v -2.944270 0.239713 0.039895
v -2.924770 0.115980 -0.012523
v -2.886359 -0.002273 -0.065276
v -2.820935 -0.111949 -0.113878
v -2.746764 -0.215950 -0.165140
v -2.654126 -0.309381 -0.213450
v -2.545450 -0.391178 -0.259230
v -2.421083 -0.460146 -0.303003
v -2.284999 -0.515414 -0.345384
v -2.140453 -0.560901 -0.389073
v -1.988401 -0.594492 -0.433285
v -1.829224 -0.605009 -0.473118
v -1.667602 -0.592465 -0.508307
v -1.506506 -0.565690 -0.541590
v -1.346102 -0.531638 -0.575301
v -1.185907 -0.497047 -0.611636
v -1.025912 -0.465523 -0.651655
v -0.866790 -0.437784 -0.694885
v -0.709579 -0.414757 -0.740920
v -0.555566 -0.393730 -0.787655
v -0.406110 -0.367782 -0.831100
v -0.263851 -0.326451 -0.864927
v -0.085640 -0.297125 -0.750310
v 0.025916 -0.216252 -0.762726
v 0.111882 -0.118197 -0.764132
v 0.167531 -0.010497 -0.756341
v 0.197114 0.099097 -0.741543
v 0.204418 0.206784 -0.721088
v 0.205913 0.312867 -0.697918
v 0.197592 0.416659 -0.671081
v 0.189612 0.520040 -0.642939
v 0.173129 0.621793 -0.610942
v 0.155409 0.723574 -0.576677
v 0.136063 0.825713 -0.539621
v 0.116875 0.929458 -0.499417
v 0.096715 1.035524 -0.454520
v 0.081034 1.146658 -0.404831
v 0.065233 1.262231 -0.346450
v 0.054848 1.382672 -0.277992
v 0.050240 1.506949 -0.197961
v 0.026641 1.633352 -0.103343
v -0.048926 1.756729 -0.002528
v -0.189040 1.864900 0.085566
v -0.373459 1.931889 0.133894
v -0.572416 1.968230 0.176716
v -0.776187 1.974483 0.216770
v -0.975604 1.966748 0.264100
v -1.170527 1.953217 0.318241
v -1.363269 1.920027 0.368029
v -1.551710 1.864103 0.412433
v -1.733545 1.786955 0.449749
v -1.911281 1.703160 0.482275
v -2.078512 1.604808 0.507794
v -2.230883 1.493460 0.525607
v -2.369321 1.376176 0.535697
v -2.498348 1.260666 0.538225
v -2.618734 1.147690 0.533078
v -2.729086 1.034686 0.520054
v -2.828019 0.919251 0.499065
v -2.907348 0.795237 0.471001
v -2.961610 0.661340 0.437499
v -2.995063 0.523874 0.399887
v -3.011107 0.385115 0.357195
v -3.016467 0.248111 0.307475
v -3.011266 0.113908 0.250700
v -2.988748 -0.015970 0.189609
v -2.944630 -0.139640 0.127699
v -2.875945 -0.253178 0.069518
v -2.788285 -0.355741 0.014429
v -2.681777 -0.444085 -0.035703
v -2.555013 -0.512287 -0.077448
v -2.422045 -0.573910 -0.124273
v -2.277202 -0.618675 -0.167612
v -2.124264 -0.650926 -0.211439
v -1.966041 -0.671437 -0.256258
v -1.803879 -0.675882 -0.299925
v -1.638913 -0.659394 -0.339420
v -1.474472 -0.633254 -0.379090
v -1.310683 -0.600654 -0.419357
v -1.147323 -0.566079 -0.461384
v -0.984420 -0.533276 -0.506340
v -0.822458 -0.504165 -0.554305
v -0.662541 -0.477382 -0.603604
v -0.505886 -0.454733 -0.654148
v -0.353940 -0.426304 -0.700459
v -0.211987 -0.369492 -0.731253
v -0.044129 -0.317501 -0.618467
v 0.063260 -0.229918 -0.629719
v 0.147765 -0.130186 -0.631745
v 0.200366 -0.020323 -0.624177
v 0.225651 0.089378 -0.610139
v 0.231338 0.198598 -0.590316
v 0.235056 0.305233 -0.567849
v 0.234495 0.410289 -0.542569
v 0.224907 0.513543 -0.512982
v 0.216809 0.616994 -0.482326
v 0.200930 0.719190 -0.447048
v 0.185427 0.822223 -0.409618
v 0.164996 0.925193 -0.367166
v 0.144382 1.030496 -0.320181
v 0.119098 1.137386 -0.265488
v 0.099325 1.250410 -0.203972
v 0.077711 1.365339 -0.131148
v 0.037555 1.481390 -0.044877
v -0.034861 1.590288 0.046539
v -0.140315 1.687926 0.139705
v -0.291473 1.762477 0.213018
v -0.470056 1.808671 0.266676
v -0.658976 1.836543 0.319798
v -0.850711 1.850157 0.377223
v -1.039990 1.857829 0.441788
v -1.226929 1.861326 0.511406
v -1.414636 1.840975 0.573033
v -1.601471 1.799835 0.628604
v -1.783507 1.734065 0.674899
v -1.961146 1.654708 0.714087
v -2.126057 1.553296 0.744943
v -2.277403 1.438686 0.767365
v -2.418092 1.319553 0.781056
v -2.548961 1.198856 0.786076
v -2.673820 1.080853 0.782434
v -2.792045 0.963715 0.769803
v -2.901746 0.843980 0.747644
v -2.999633 0.718865 0.716019
v -3.065231 0.572797 0.675154
v -3.097458 0.422034 0.633860
v -3.112879 0.271589 0.586453
v -3.119153 0.122966 0.529242
v -3.111023 -0.023182 0.462166
v -3.084758 -0.164255 0.387543
v -3.031009 -0.296350 0.312431
v -2.948127 -0.414733 0.244706
v -2.839202 -0.515315 0.187493
v -2.711587 -0.595400 0.138413
v -2.570331 -0.654938 0.094917
v -2.422316 -0.700321 0.050824
v -2.265922 -0.726517 0.010190
v -2.106079 -0.746931 -0.035321
v -1.942165 -0.752803 -0.081264
v -1.775765 -0.745532 -0.127301
v -1.608603 -0.728594 -0.174068
v -1.441601 -0.702516 -0.220811
v -1.275007 -0.671758 -0.268754
v -1.108988 -0.637409 -0.317475
v -0.943536 -0.603251 -0.367990
v -0.779214 -0.571053 -0.420397
v -0.616940 -0.540614 -0.473562
v -0.458210 -0.506040 -0.523484
v -0.304245 -0.470663 -0.570608
v -0.162853 -0.404771 -0.601695
v 0.000859 -0.344006 -0.498158
v 0.095783 -0.240493 -0.505843
v 0.170828 -0.135799 -0.506885
v 0.212613 -0.023397 -0.497968
v 0.247306 0.084278 -0.487086
v 0.261389 0.192688 -0.468867
v 0.268744 0.299650 -0.447042
v 0.272842 0.405410 -0.422601
v 0.267037 0.509605 -0.393208
v 0.262927 0.614016 -0.362826
v 0.248883 0.716981 -0.326812
v 0.230758 0.819321 -0.286828
v 0.209873 0.922014 -0.242687
v 0.185632 1.025781 -0.192918
v 0.158196 1.131950 -0.136188
v 0.128535 1.241692 -0.071170
v 0.079256 1.348346 0.008001
v 0.013986 1.453033 0.097175
v -0.077935 1.551080 0.191497
v -0.208528 1.629834 0.278975
v -0.373777 1.673314 0.341736
v -0.551262 1.705867 0.403820
v -0.736343 1.726177 0.466327
v -0.919715 1.746647 0.540942
v -1.100969 1.763986 0.621020
v -1.282361 1.774623 0.701657
v -1.463891 1.782267 0.781215
v -1.648524 1.746889 0.847927
v -1.832714 1.694227 0.905644
v -2.010906 1.615113 0.952905
v -2.180430 1.517052 0.990776
v -2.331769 1.396847 1.019237
v -2.468988 1.267120 1.037573
v -2.599746 1.137670 1.046146
v -2.728165 1.012603 1.045225
v -2.853495 0.889995 1.034540
v -2.972835 0.764180 1.013074
v -3.082348 0.629811 0.979662
v -3.168097 0.475612 0.931757
v -3.203662 0.313793 0.885964
v -3.232531 0.153764 0.828510
v -3.254267 -0.006587 0.757754
v -3.249787 -0.170334 0.674115
v -3.214887 -0.330935 0.582967
v -3.140176 -0.477058 0.490645
v -3.026840 -0.599993 0.415894
v -2.888139 -0.696041 0.360033
v -2.736191 -0.765316 0.311851
v -2.577608 -0.810492 0.267801
v -2.414304 -0.832721 0.228400
v -2.248444 -0.839687 0.188391
v -2.081033 -0.838073 0.144203
v -1.912991 -0.833129 0.094060
v -1.744216 -0.822195 0.040565
v -1.575171 -0.803644 -0.014103
v -1.406243 -0.775640 -0.067941
v -1.237662 -0.743392 -0.122950
v -1.069524 -0.710216 -0.179660
v -0.902134 -0.673287 -0.235736
v -0.735913 -0.636850 -0.292590
v -0.571723 -0.600526 -0.348920
v -0.411723 -0.557584 -0.400485
v -0.258604 -0.503329 -0.444400
v -0.118425 -0.431579 -0.477363
v 0.041157 -0.358964 -0.380369
v 0.136197 -0.253362 -0.391090
v 0.199555 -0.140827 -0.391384
v 0.248946 -0.030560 -0.386165
v 0.282037 0.078441 -0.375265
v 0.297119 0.187741 -0.357055
v 0.308269 0.295404 -0.335883
v 0.316165 0.402017 -0.312262
v 0.314200 0.507340 -0.283273
v 0.305793 0.611582 -0.250002
v 0.293883 0.715216 -0.213459
v 0.275101 0.817646 -0.171947
v 0.252971 0.920255 -0.126049
v 0.222370 1.021557 -0.072961
v 0.188650 1.125815 -0.013002
v 0.141459 1.228251 0.057200
v 0.079915 1.329545 0.138921
v -0.005882 1.423797 0.228319
v -0.120606 1.503369 0.319393
v -0.270657 1.558482 0.399796
v -0.439227 1.593369 0.471822
v -0.617855 1.616331 0.542592
v -0.799357 1.636004 0.619496
v -0.979018 1.656737 0.705320
v -1.152925 1.682053 0.800722
v -1.326423 1.703838 0.897376
v -1.503140 1.721046 0.991427
v -1.687309 1.706864 1.073769
v -1.872274 1.658288 1.143369
v -2.055785 1.585932 1.200920
v -2.226305 1.480739 1.247059
v -2.374861 1.350195 1.282645
v -2.513140 1.213308 1.306770
v -2.644508 1.074690 1.319865
v -2.772774 0.938308 1.322392
v -2.896241 0.801483 1.314339
v -3.010650 0.658636 1.294520
v -3.121792 0.512497 1.263415
v -3.207332 0.352813 1.219256
v -3.282770 0.193961 1.162148
v -3.355430 0.033066 1.092541
v -3.407060 -0.140116 1.008407
v -3.410177 -0.329368 0.901995
v -3.368442 -0.524280 0.789628
v -3.264689 -0.692877 0.664402
v -3.096835 -0.811946 0.594075
v -2.924196 -0.896885 0.541203
v -2.746695 -0.951340 0.490420
v -2.569237 -0.974309 0.446633
v -2.393827 -0.971630 0.408314
v -2.220870 -0.957836 0.366899
v -2.049006 -0.940898 0.318632
v -1.877620 -0.923448 0.263611
v -1.707100 -0.907749 0.201687
v -1.536926 -0.887155 0.137899
v -1.366710 -0.856368 0.076232
v -1.197000 -0.821752 0.013811
v -1.027664 -0.784109 -0.048623
v -0.858958 -0.744272 -0.110837
v -0.691424 -0.702689 -0.172129
v -0.526224 -0.656138 -0.229722
v -0.365379 -0.602974 -0.281888
v -0.212579 -0.539469 -0.326935
v -0.073802 -0.458631 -0.360621
v 0.080022 -0.371697 -0.270119
v 0.174742 -0.263961 -0.284669
v 0.242119 -0.151357 -0.288481
v 0.282101 -0.035393 -0.280263
v 0.319609 0.073965 -0.272307
v 0.339223 0.183663 -0.255349
v 0.354492 0.291834 -0.235450
v 0.359654 0.399240 -0.209772
v 0.356843 0.505108 -0.179259
v 0.349940 0.610227 -0.145736
v 0.336188 0.713789 -0.107216
v 0.315914 0.815894 -0.063999
v 0.291447 0.917818 -0.016164
v 0.260799 1.019673 0.038059
v 0.215151 1.118862 0.102799
v 0.157523 1.217220 0.177126
v 0.078704 1.309602 0.260668
v -0.029041 1.389285 0.349537
v -0.159948 1.456849 0.440575
v -0.317301 1.497303 0.522878
v -0.489266 1.523090 0.602386
v -0.669830 1.537411 0.681256
v -0.852414 1.548926 0.765745
v -1.029021 1.569119 0.863695
v -1.193649 1.604019 0.976989
v -1.352965 1.643559 1.095567
v -1.525348 1.663128 1.204624
v -1.708381 1.664305 1.305198
v -1.893443 1.622293 1.389541
v -2.082535 1.552818 1.459889
v -2.258879 1.444876 1.515854
v -2.407386 1.303883 1.558905
v -2.545984 1.157786 1.589283
v -2.678646 1.009425 1.607343
v -2.801892 0.856971 1.613298
v -2.915685 0.700611 1.606200
v -3.016903 0.538434 1.586015
v -3.112720 0.375197 1.554750
v -3.204375 0.210323 1.513825
v -3.290428 0.043827 1.460415
v -3.375345 -0.126799 1.395524
v -3.449426 -0.312268 1.314284
v -3.479929 -0.517740 1.206910
v -3.398467 -0.736834 1.088553
v -3.247190 -0.878818 0.979912
v -3.080721 -0.991580 0.881817
v -2.903110 -1.068644 0.787336
v -2.720679 -1.117706 0.709523
v -2.535188 -1.124194 0.646491
v -2.355686 -1.107242 0.593854
v -2.180049 -1.078893 0.543346
v -2.006392 -1.049650 0.487648
v -1.833974 -1.024077 0.424039
v -1.662817 -1.001122 0.353736
v -1.492705 -0.977986 0.279815
v -1.322358 -0.944859 0.208946
v -1.152163 -0.904412 0.140540
v -0.982335 -0.859561 0.073592
v -0.813054 -0.813421 0.006864
v -0.644901 -0.765219 -0.058193
v -0.479637 -0.706968 -0.116194
v -0.319548 -0.643267 -0.169346
v -0.168653 -0.566382 -0.213086
v -0.032775 -0.476656 -0.247445
v 0.121305 -0.383697 -0.168488
v 0.214982 -0.273564 -0.185625
v 0.282015 -0.157274 -0.191620
v 0.331619 -0.042842 -0.189909
v 0.366536 0.068834 -0.180995
v 0.384443 0.180382 -0.162844
v 0.397764 0.289655 -0.141598
v 0.400728 0.397175 -0.114113
v 0.396472 0.503240 -0.081893
v 0.392496 0.609222 -0.049216
v 0.375761 0.712314 -0.008264
v 0.358336 0.816067 0.035049
v 0.329984 0.916848 0.085291
v 0.289346 1.014597 0.144264
v 0.234198 1.108593 0.212138
v 0.165208 1.200989 0.289128
v 0.071004 1.282458 0.373491
v -0.044380 1.354883 0.464593
v -0.187688 1.408390 0.555522
v -0.351488 1.438865 0.641759
v -0.527832 1.454481 0.726593
v -0.711075 1.458670 0.811552
v -0.893734 1.464840 0.905430
v -1.067703 1.483827 1.016114
v -1.222760 1.523187 1.146360
v -1.371932 1.568288 1.282707
v -1.525126 1.613451 1.418722
v -1.704905 1.610909 1.535056
v -1.893831 1.586465 1.641551
v -2.089335 1.514469 1.728546
v -2.261158 1.390517 1.794766
v -2.411555 1.243243 1.844963
v -2.553663 1.090194 1.883922
v -2.682850 0.927838 1.906309
v -2.803505 0.761653 1.915166
v -2.906995 0.587615 1.907452
v -2.994966 0.408958 1.884510
v -3.077203 0.231725 1.850752
v -3.159517 0.056458 1.808006
v -3.246096 -0.117320 1.757186
v -3.330716 -0.295800 1.694518
v -3.399519 -0.485688 1.613921
v -3.414768 -0.689308 1.508618
v -3.289570 -0.859616 1.379666
v -3.126715 -0.961284 1.264336
v -2.968645 -1.059518 1.155431
v -2.810991 -1.146713 1.050384
v -2.654057 -1.222241 0.948917
v -2.474784 -1.242509 0.857199
v -2.297900 -1.225087 0.784525
v -2.124014 -1.193434 0.717279
v -1.951465 -1.157190 0.649973
v -1.780405 -1.128114 0.574154
v -1.610501 -1.100851 0.493477
v -1.441303 -1.072273 0.410570
v -1.271801 -1.036147 0.330176
v -1.101980 -0.989391 0.255641
v -0.932581 -0.933419 0.186601
v -0.763557 -0.879067 0.116415
v -0.595327 -0.821503 0.049241
v -0.431526 -0.751058 -0.009199
v -0.274596 -0.671185 -0.060121
v -0.125533 -0.586460 -0.105495
v 0.007344 -0.489427 -0.141815
v 0.162051 -0.390560 -0.073967
v 0.253975 -0.277363 -0.093744
v 0.325305 -0.162039 -0.103830
v 0.373339 -0.045542 -0.102264
v 0.412590 0.066473 -0.096552
v 0.434462 0.179060 -0.080247
v 0.448343 0.289725 -0.058894
v 0.449156 0.397905 -0.029881
v 0.445017 0.504723 0.003064
v 0.433521 0.609277 0.040464
v 0.417381 0.712764 0.081782
v 0.392513 0.813823 0.129408
v 0.357472 0.911634 0.183064
v 0.310145 1.006052 0.244113
v 0.247216 1.094570 0.313331
v 0.166908 1.178041 0.391848
v 0.068392 1.256262 0.478680
v -0.056996 1.317268 0.570636
v -0.207695 1.360014 0.663388
v -0.376306 1.381744 0.753814
v -0.555938 1.386882 0.843426
v -0.740290 1.383503 0.935871
v -0.925262 1.378773 1.034887
v -1.092493 1.399118 1.161740
v -1.236762 1.440029 1.308792
v -1.367701 1.492836 1.465789
v -1.515078 1.530867 1.618284
v -1.678086 1.551759 1.763813
v -1.859893 1.509740 1.885847
v -2.048355 1.431608 1.992307
v -2.221895 1.306576 2.073132
v -2.376834 1.158748 2.133875
v -2.519600 0.999231 2.181150
v -2.652347 0.829632 2.210628
v -2.777635 0.655380 2.223986
v -2.885293 0.472935 2.218051
v -2.968749 0.281302 2.193074
v -3.040745 0.092351 2.156512
v -3.117138 -0.090340 2.112748
v -3.199881 -0.270642 2.062994
v -3.277431 -0.457343 1.998684
v -3.331505 -0.650810 1.908497
v -3.332973 -0.848862 1.787620
v -3.178394 -0.996205 1.650747
v -3.008524 -1.079509 1.527294
v -2.844707 -1.144490 1.409463
v -2.689975 -1.213377 1.291204
v -2.542930 -1.282922 1.176379
v -2.387934 -1.326028 1.067031
v -2.221964 -1.330494 0.969102
v -2.052482 -1.299160 0.884102
v -1.883575 -1.262660 0.801421
v -1.715472 -1.229768 0.713720
v -1.548352 -1.198794 0.622060
v -1.381231 -1.164184 0.530836
v -1.213779 -1.126507 0.440333
v -1.045045 -1.068257 0.362767
v -0.877135 -1.005768 0.287984
v -0.710181 -0.934506 0.220143
v -0.543427 -0.865419 0.152296
v -0.381866 -0.783943 0.092973
v -0.229287 -0.691846 0.041457
v -0.084530 -0.596397 -0.004538
v 0.048622 -0.498123 -0.044222
v 0.204791 -0.392084 0.012452
v 0.298172 -0.279364 -0.010432
v 0.367849 -0.161803 -0.021586
v 0.422089 -0.046483 -0.024509
v 0.461461 0.067297 -0.019105
v 0.485117 0.180511 -0.004085
v 0.492510 0.291606 0.020824
v 0.493778 0.400226 0.049755
v 0.482911 0.505861 0.086473
v 0.471435 0.610563 0.124533
v 0.448239 0.711684 0.169662
v 0.422122 0.812286 0.218580
v 0.380844 0.906115 0.274467
v 0.329537 0.997964 0.337320
v 0.261803 1.083138 0.408389
v 0.172779 1.159372 0.487658
v 0.061894 1.224007 0.574870
v -0.066488 1.280436 0.669710
v -0.221597 1.313259 0.764706
v -0.392303 1.328832 0.860876
v -0.573797 1.323881 0.955031
v -0.760039 1.305281 1.050010
v -0.943058 1.293440 1.159081
v -1.103912 1.313432 1.300171
v -1.235356 1.352577 1.462278
v -1.355077 1.395898 1.633359
v -1.488225 1.425577 1.802564
v -1.636870 1.439787 1.967260
v -1.804530 1.403100 2.113177
v -1.979275 1.313501 2.234082
v -2.143417 1.193573 2.333223
v -2.301535 1.050959 2.415107
v -2.452549 0.892418 2.478558
v -2.607481 0.731766 2.527259
v -2.742880 0.548284 2.546766
v -2.856929 0.357352 2.541108
v -2.938170 0.148936 2.509103
v -2.994987 -0.052580 2.466336
v -3.045080 -0.245684 2.413466
v -3.113572 -0.434362 2.362833
v -3.173927 -0.634322 2.295566
v -3.204569 -0.834736 2.196702
v -3.188511 -1.046028 2.065508
v -3.061699 -1.182576 1.900132
v -2.894440 -1.248236 1.759527
v -2.728172 -1.288115 1.630894
v -2.573911 -1.331256 1.502933
v -2.426076 -1.373538 1.377554
v -2.280387 -1.412150 1.254067
v -2.127006 -1.425238 1.138023
v -1.966228 -1.404561 1.033633
v -1.802910 -1.370408 0.935379
v -1.639176 -1.333590 0.836342
v -1.475594 -1.294465 0.736821
v -1.311555 -1.251068 0.639346
v -1.146319 -1.202270 0.545832
v -0.979801 -1.140162 0.460416
v -0.814626 -1.066650 0.383379
v -0.651225 -0.984018 0.314047
v -0.489461 -0.896822 0.249085
v -0.332193 -0.803021 0.189602
v -0.182073 -0.703603 0.135899
v -0.040150 -0.602206 0.087605
v 0.090301 -0.498954 0.045870
v 0.250291 -0.388228 0.091402
v 0.342075 -0.273823 0.067107
v 0.414047 -0.157462 0.053381
v 0.468948 -0.041727 0.049490
v 0.507453 0.072560 0.054870
v 0.527643 0.186016 0.071723
v 0.535681 0.297397 0.096054
v 0.533511 0.405897 0.127109
v 0.523099 0.511554 0.163470
v 0.505030 0.614160 0.205143
v 0.480227 0.714108 0.251034
v 0.443384 0.808803 0.303690
v 0.401918 0.902085 0.360314
v 0.345055 0.989440 0.425640
v 0.271727 1.069288 0.497710
v 0.179767 1.142378 0.578909
v 0.064810 1.203018 0.668181
v -0.070909 1.249510 0.764402
v -0.230056 1.268858 0.860073
v -0.401764 1.275672 0.959989
v -0.583237 1.263041 1.059871
v -0.770038 1.230904 1.157904
v -0.950066 1.214222 1.276966
v -1.102956 1.228999 1.428693
v -1.228653 1.255355 1.599345
v -1.341477 1.281841 1.779484
v -1.450631 1.302892 1.965217
v -1.576217 1.305004 2.148604
v -1.725201 1.258069 2.308979
v -1.880210 1.165403 2.442584
v -2.035163 1.057274 2.570926
v -2.197263 0.935074 2.690100
v -2.371585 0.798713 2.791228
v -2.539640 0.625749 2.857490
v -2.671978 0.419370 2.877115
v -2.767677 0.205402 2.858993
v -2.844389 -0.010697 2.816281
v -2.876270 -0.221211 2.750165
v -2.905928 -0.419226 2.676798
v -2.933952 -0.607517 2.594131
v -2.955433 -0.794212 2.502399
v -2.967440 -0.982764 2.402373
v -2.950364 -1.172210 2.287139
v -2.874054 -1.328382 2.137891
v -2.746626 -1.414892 1.970840
v -2.595412 -1.446123 1.819737
v -2.445167 -1.464646 1.683182
v -2.301431 -1.487318 1.549293
v -2.160348 -1.510349 1.416347
v -2.017900 -1.525625 1.285449
v -1.867005 -1.513929 1.162668
v -1.710472 -1.481674 1.048736
v -1.551308 -1.437495 0.940891
v -1.391895 -1.388495 0.834936
v -1.231485 -1.331360 0.734937
v -1.069628 -1.261324 0.644782
v -0.907147 -1.193510 0.554469
v -0.744812 -1.113281 0.473517
v -0.586073 -1.017727 0.403633
v -0.430573 -0.916523 0.339388
v -0.277201 -0.815049 0.277909
v -0.131015 -0.708471 0.222367
v 0.009003 -0.603593 0.171125
v 0.137488 -0.497398 0.126766
v 0.301501 -0.381302 0.161905
v 0.392350 -0.266422 0.135804
v 0.463089 -0.149093 0.121647
v 0.514204 -0.031485 0.119448
v 0.551405 0.083474 0.125477
v 0.572215 0.196141 0.141584
v 0.576336 0.307128 0.168486
v 0.569919 0.414788 0.201857
v 0.555963 0.519256 0.240178
v 0.534069 0.619855 0.283336
v 0.503650 0.716815 0.331658
v 0.462136 0.808145 0.385016
v 0.420790 0.901074 0.441032
v 0.355573 0.979628 0.508926
v 0.284908 1.061041 0.581868
v 0.185456 1.124360 0.664642
v 0.068332 1.179903 0.756341
v -0.071536 1.216666 0.853467
v -0.230863 1.232150 0.953390
v -0.403454 1.229075 1.055647
v -0.585614 1.202007 1.156429
v -0.769277 1.163769 1.261296
v -0.945759 1.137261 1.384881
v -1.098746 1.138424 1.539627
v -1.217013 1.152405 1.717023
v -1.319539 1.163076 1.904149
v -1.411001 1.167072 2.097243
v -1.510799 1.154123 2.289279
v -1.634100 1.102596 2.465630
v -1.759222 1.019825 2.625576
v -1.893782 0.927284 2.793070
v -2.053057 0.823725 2.964040
v -2.230426 0.667930 3.092362
v -2.380213 0.457102 3.146762
v -2.503431 0.244666 3.157495
v -2.612592 0.029023 3.141201
v -2.676555 -0.191818 3.086081
v -2.715507 -0.404894 3.006897
v -2.728172 -0.600470 2.906545
v -2.737264 -0.783611 2.800673
v -2.743094 -0.957801 2.692856
v -2.740608 -1.128584 2.580676
v -2.714586 -1.291557 2.455492
v -2.658731 -1.442169 2.311846
v -2.556308 -1.534738 2.146990
v -2.427807 -1.574458 1.984641
v -2.289798 -1.580974 1.839694
v -2.153742 -1.586354 1.699365
v -2.022595 -1.603431 1.556897
v -1.894600 -1.627556 1.411811
v -1.757415 -1.629827 1.269474
v -1.606893 -1.596056 1.140440
v -1.451344 -1.538913 1.027706
v -1.296224 -1.476016 0.918427
v -1.140190 -1.403383 0.817715
v -0.983118 -1.323002 0.724737
v -0.826765 -1.235093 0.640051
v -0.669518 -1.143583 0.558928
v -0.515315 -1.040260 0.486306
v -0.367189 -0.925989 0.422712
v -0.218477 -0.817202 0.359427
v -0.075026 -0.706927 0.300982
v 0.062143 -0.598431 0.247235
v 0.188785 -0.490227 0.200262
v 0.354401 -0.368779 0.227229
v 0.443413 -0.252832 0.200640
v 0.511719 -0.134724 0.186933
v 0.560520 -0.016838 0.185286
v 0.594184 0.098497 0.193046
v 0.610332 0.211545 0.211923
v 0.611127 0.320946 0.240463
v 0.603664 0.427302 0.274098
v 0.584357 0.529167 0.314896
v 0.563775 0.629800 0.357242
v 0.528931 0.724190 0.407648
v 0.490030 0.817036 0.460633
v 0.440861 0.906191 0.520376
v 0.369455 0.975985 0.589413
v 0.292649 1.050557 0.664350
v 0.195144 1.113606 0.746259
v 0.072498 1.155861 0.838883
v -0.068853 1.185249 0.937373
v -0.228428 1.193261 1.039277
v -0.400659 1.181849 1.143417
v -0.580385 1.146956 1.246636
v -0.760441 1.104203 1.356704
v -0.934458 1.065563 1.480926
v -1.088636 1.049470 1.632653
v -1.204784 1.047337 1.810610
v -1.302013 1.039457 1.998324
v -1.379514 1.024624 2.193026
v -1.446130 0.998885 2.391868
v -1.533083 0.948383 2.584616
v -1.613035 0.877523 2.768120
v -1.705473 0.802993 2.982169
v -1.849831 0.698119 3.214049
v -2.028488 0.481321 3.349800
v -2.163277 0.252527 3.368144
v -2.283220 0.043171 3.372756
v -2.391556 -0.164900 3.365187
v -2.475677 -0.383603 3.319062
v -2.546149 -0.603449 3.242593
v -2.561980 -0.800445 3.125455
v -2.562894 -0.979655 2.998740
v -2.547057 -1.134408 2.869408
v -2.527128 -1.284570 2.740359
v -2.486217 -1.417842 2.599075
v -2.425563 -1.534018 2.447106
v -2.339060 -1.616948 2.285221
v -2.231852 -1.661023 2.124776
v -2.112304 -1.670517 1.972523
v -1.990209 -1.673785 1.825076
v -1.869414 -1.685834 1.676098
v -1.753738 -1.716171 1.522287
v -1.630831 -1.734134 1.365637
v -1.488128 -1.700348 1.220032
v -1.337364 -1.629017 1.102998
v -1.189058 -1.553448 0.988955
v -1.038931 -1.457971 0.893782
v -0.890500 -1.357902 0.805874
v -0.740761 -1.258845 0.720783
v -0.588981 -1.158028 0.638876
v -0.441979 -1.044934 0.565426
v -0.298077 -0.927388 0.497951
v -0.155113 -0.811642 0.433470
v -0.014176 -0.699760 0.371869
v 0.120365 -0.589425 0.315594
v 0.245585 -0.481051 0.265937
v 0.410860 -0.354570 0.285175
v 0.496506 -0.237060 0.259093
v 0.559473 -0.116643 0.248039
v 0.605516 0.001483 0.247511
v 0.632092 0.117050 0.259553
v 0.645981 0.229227 0.279262
v 0.641020 0.336739 0.310631
v 0.634226 0.442543 0.344110
v 0.614573 0.543018 0.385275
v 0.589832 0.641340 0.430095
v 0.556866 0.735927 0.479568
v 0.518014 0.827790 0.532742
v 0.458766 0.907687 0.596617
v 0.386082 0.975840 0.666331
v 0.304145 1.042462 0.743177
v 0.201629 1.097777 0.827021
v 0.078416 1.133058 0.917859
v -0.062866 1.155265 1.016384
v -0.221768 1.156989 1.119243
v -0.391685 1.138424 1.224007
v -0.568054 1.096558 1.328078
v -0.744272 1.046077 1.438346
v -0.914875 0.998165 1.561689
v -1.068457 0.967461 1.709413
v -1.198240 0.943370 1.874525
v -1.290013 0.912998 2.068610
v -1.373012 0.873465 2.254441
v -1.418188 0.813511 2.449460
v -1.462222 0.754472 2.649798
v -1.460027 0.689538 2.840220
v -1.471924 0.637848 3.078097
v -1.602932 0.529350 3.404159
v -1.775211 0.243852 3.503341
v -1.915110 0.028109 3.520549
v -2.036085 -0.164591 3.526525
v -2.141104 -0.364095 3.517551
v -2.224934 -0.577279 3.504601
v -2.306937 -0.802501 3.412469
v -2.334628 -0.994315 3.285325
v -2.335889 -1.154123 3.133099
v -2.319685 -1.296175 2.995125
v -2.293067 -1.420349 2.855163
v -2.251872 -1.529475 2.705050
v -2.198136 -1.631559 2.553462
v -2.125004 -1.707675 2.392934
v -2.033072 -1.749867 2.230758
v -1.927485 -1.752831 2.076144
v -1.817279 -1.748800 1.926529
v -1.707661 -1.759915 1.773771
v -1.601976 -1.792834 1.614614
v -1.486210 -1.811947 1.451697
v -1.352916 -1.783417 1.296356
v -1.209714 -1.701816 1.169855
v -1.070064 -1.611692 1.052953
v -0.930234 -1.497684 0.960065
v -0.792086 -1.379292 0.877620
v -0.651353 -1.265811 0.794552
v -0.508236 -1.154358 0.713297
v -0.366100 -1.038259 0.637250
v -0.227600 -0.916620 0.567606
v -0.087804 -0.800057 0.499852
v 0.050117 -0.687347 0.435498
v 0.182956 -0.578003 0.376072
v 0.304554 -0.467530 0.325366
v 0.469333 -0.338940 0.337192
v 0.549428 -0.218384 0.313192
v 0.604860 -0.095222 0.306297
v 0.649749 0.022861 0.306630
v 0.666811 0.137616 0.323218
v 0.678140 0.248437 0.344306
v 0.675372 0.354939 0.374645
v 0.662873 0.457920 0.411566
v 0.644177 0.557809 0.452432
v 0.613962 0.652503 0.500315
v 0.580886 0.745954 0.550597
v 0.536497 0.833094 0.607162
v 0.474067 0.907258 0.671002
v 0.400940 0.973672 0.740338
v 0.312677 1.030545 0.816842
v 0.209159 1.079558 0.901102
v 0.086871 1.113496 0.992480
v -0.053617 1.126064 1.089190
v -0.210486 1.120143 1.190893
v -0.377173 1.099729 1.297574
v -0.548791 1.053825 1.402282
v -0.720949 0.995340 1.510349
v -0.888984 0.937574 1.629114
v -1.043182 0.896206 1.771209
v -1.180880 0.846168 1.927007
v -1.302796 0.800652 2.089806
v -1.409630 0.747422 2.262404
v -1.476245 0.673952 2.450118
v -1.497774 0.572807 2.647118
v -1.435971 0.451590 2.811870
v -1.339018 0.311318 2.977682
v -1.287478 0.114879 3.203274
v -1.484361 -0.079498 3.414567
v -1.660594 -0.215775 3.471779
v -1.774436 -0.369228 3.494554
v -1.860807 -0.544855 3.499637
v -1.931037 -0.742617 3.489353
v -2.002354 -0.945842 3.430009
v -2.042940 -1.142586 3.335002
v -2.070195 -1.285678 3.179744
v -2.062911 -1.394028 3.039353
v -2.043757 -1.501541 2.903539
v -2.013337 -1.611879 2.772767
v -1.968430 -1.708914 2.627909
v -1.910339 -1.784019 2.472339
v -1.834272 -1.829189 2.308280
v -1.742651 -1.832956 2.151159
v -1.645816 -1.825526 2.001392
v -1.546932 -1.834957 1.848897
v -1.445513 -1.861410 1.690079
v -1.331311 -1.870716 1.526608
v -1.204555 -1.831405 1.370540
v -1.074413 -1.740227 1.238264
v -0.944485 -1.638615 1.120926
v -0.818421 -1.510148 1.028758
v -0.693230 -1.377963 0.946999
v -0.559596 -1.260666 0.860606
v -0.424787 -1.141402 0.779359
v -0.289153 -1.021342 0.702038
v -0.154291 -0.899793 0.629489
v -0.017107 -0.784913 0.558405
v 0.117814 -0.672847 0.491498
v 0.247391 -0.563350 0.430239
v 0.364805 -0.451109 0.379076
v 0.523088 -0.315826 0.389260
v 0.601342 -0.196128 0.363476
v 0.651704 -0.074145 0.359146
v 0.688325 0.044095 0.363961
v 0.710618 0.158082 0.378072
v 0.713339 0.267583 0.404783
v 0.708042 0.373121 0.437197
v 0.690490 0.473006 0.476858
v 0.668793 0.570628 0.519598
v 0.639696 0.664227 0.567095
v 0.602374 0.753301 0.619477
v 0.551289 0.833503 0.678566
v 0.488271 0.905250 0.742630
v 0.415111 0.969795 0.811739
v 0.326115 1.022879 0.887848
v 0.220074 1.062835 0.971263
v 0.098602 1.091814 1.062128
v -0.039547 1.102153 1.158367
v -0.192500 1.093559 1.260202
v -0.355339 1.065722 1.365443
v -0.522480 1.014459 1.468746
v -0.690398 0.949547 1.572941
v -0.855946 0.881463 1.682981
v -1.016190 0.822610 1.805991
v -1.164648 0.757276 1.943024
v -1.311978 0.697419 2.080887
v -1.447618 0.634718 2.232164
v -1.564521 0.561532 2.412829
v -1.573551 0.407427 2.625763
v -1.496880 0.257260 2.778930
v -1.407137 0.104251 2.927125
v -1.360589 -0.066965 3.101052
v -1.443256 -0.218842 3.218848
v -1.533581 -0.362110 3.296550
v -1.604532 -0.508812 3.344441
v -1.661189 -0.667873 3.360893
v -1.709053 -0.841245 3.352674
v -1.752228 -1.014909 3.313557
v -1.788271 -1.180146 3.236402
v -1.806705 -1.318889 3.130115
v -1.809149 -1.431879 3.016979
v -1.803734 -1.540091 2.904848
v -1.778362 -1.646952 2.789490
v -1.742727 -1.748669 2.662359
v -1.693341 -1.834846 2.528180
v -1.626538 -1.890244 2.364695
v -1.550810 -1.886581 2.206840
v -1.473066 -1.882654 2.056762
v -1.383163 -1.889621 1.908740
v -1.283877 -1.907950 1.753336
v -1.174564 -1.902930 1.591610
v -1.054033 -1.843772 1.439025
v -0.934804 -1.747589 1.304998
v -0.820291 -1.632286 1.189411
v -0.708097 -1.498051 1.095104
v -0.591032 -1.367230 1.006793
v -0.467899 -1.241651 0.921280
v -0.340574 -1.118883 0.838932
v -0.209519 -0.999342 0.759284
v -0.078137 -0.879206 0.684304
v 0.056652 -0.768252 0.609829
v 0.187327 -0.656121 0.541583
v 0.313132 -0.546823 0.478795
v 0.426044 -0.433618 0.427924
v 0.582328 -0.298365 0.434670
v 0.653988 -0.175996 0.413010
v 0.702149 -0.054617 0.409289
v 0.733060 0.063648 0.417314
v 0.747616 0.177110 0.436560
v 0.748468 0.285573 0.464447
v 0.738718 0.389153 0.499501
v 0.720880 0.487986 0.539731
v 0.695162 0.582587 0.584831
v 0.663925 0.673758 0.634004
v 0.622821 0.758322 0.687907
v 0.566854 0.832700 0.748426
v 0.502668 0.901289 0.812930
v 0.429235 0.964013 0.882267
v 0.340832 1.012991 0.957579
v 0.234875 1.047282 1.040094
v 0.114572 1.070909 1.129824
v -0.019931 1.081877 1.226742
v -0.168815 1.068901 1.326914
v -0.326805 1.033855 1.429289
v -0.488703 0.977017 1.529399
v -0.651502 0.908830 1.630596
v -0.813110 0.837949 1.736218
v -0.973804 0.759167 1.839112
v -1.128183 0.676036 1.951950
v -1.297090 0.596101 2.052136
v -1.450894 0.508085 2.170686
v -1.599698 0.402553 2.294569
v -1.655269 0.217605 2.569645
v -1.554715 0.076034 2.717120
v -1.461253 -0.058604 2.839209
v -1.404983 -0.197796 2.961568
v -1.426304 -0.333844 3.052835
v -1.467499 -0.468620 3.123322
v -1.502372 -0.606459 3.167557
v -1.535146 -0.749562 3.185588
v -1.562014 -0.896130 3.179384
v -1.586244 -1.041721 3.147995
v -1.605785 -1.180665 3.091724
v -1.617439 -1.301861 3.013150
v -1.611131 -1.414553 2.931190
v -1.591679 -1.525237 2.849956
v -1.561792 -1.633857 2.760039
v -1.525528 -1.727839 2.649708
v -1.479022 -1.806275 2.529427
v -1.424054 -1.856632 2.384846
v -1.362292 -1.879663 2.240591
v -1.298454 -1.876055 2.096018
v -1.215337 -1.901746 1.957579
v -1.112824 -1.906801 1.809343
v -1.008794 -1.881609 1.655497
v -0.906863 -1.815160 1.504408
v -0.797792 -1.723532 1.367057
v -0.701373 -1.598680 1.253568
v -0.598936 -1.468704 1.154005
v -0.492016 -1.336477 1.064358
v -0.374785 -1.213072 0.975999
v -0.253244 -1.091198 0.892072
v -0.126080 -0.974933 0.810063
v 0.003014 -0.860689 0.731710
v 0.133019 -0.749964 0.656568
v 0.260390 -0.640501 0.586423
v 0.381893 -0.531426 0.522975
v 0.489801 -0.417103 0.472441
v 0.644961 -0.280258 0.480938
v 0.708035 -0.156136 0.464271
v 0.751446 -0.034754 0.462998
v 0.777531 0.083078 0.473726
v 0.786291 0.195356 0.496199
v 0.782143 0.301854 0.527333
v 0.771125 0.404035 0.563233
v 0.749507 0.499994 0.605441
v 0.723151 0.592907 0.650865
v 0.684475 0.677969 0.703430
v 0.639377 0.758329 0.759354
v 0.585838 0.832298 0.819190
v 0.519529 0.895964 0.884150
v 0.445397 0.955031 0.953494
v 0.358247 1.001537 1.028329
v 0.253454 1.031106 1.109819
v 0.135920 1.052198 1.198801
v 0.004694 1.057960 1.294271
v -0.139458 1.040869 1.392706
v -0.291589 1.002680 1.492407
v -0.447357 0.943564 1.589948
v -0.603713 0.872773 1.687759
v -0.758890 0.793672 1.784871
v -0.912735 0.702093 1.874290
v -1.057295 0.604836 1.974960
v -1.216286 0.496046 2.044720
v -1.373683 0.374688 2.115525
v -1.538795 0.226116 2.199493
v -1.664035 -0.004029 2.445174
v -1.574298 -0.109501 2.630714
v -1.473627 -0.206820 2.734203
v -1.404235 -0.314635 2.834722
v -1.412406 -0.432344 2.906379
v -1.421007 -0.554346 2.965744
v -1.435971 -0.679184 3.000845
v -1.449564 -0.805513 3.013503
v -1.459646 -0.931259 3.008746
v -1.465560 -1.054476 2.985867
v -1.471931 -1.170742 2.941680
v -1.463780 -1.282098 2.888527
v -1.442958 -1.389098 2.833385
v -1.415952 -1.490877 2.768508
v -1.381675 -1.588300 2.694179
v -1.341144 -1.675454 2.606685
v -1.297547 -1.746411 2.498259
v -1.249032 -1.794725 2.375221
v -1.197132 -1.815360 2.242883
v -1.136118 -1.825249 2.112166
v -1.057503 -1.841058 1.982626
v -0.968472 -1.835255 1.842858
v -0.875834 -1.804149 1.697793
v -0.772947 -1.757740 1.555152
v -0.679117 -1.662547 1.423500
v -0.588025 -1.547188 1.309097
v -0.492111 -1.423645 1.208073
v -0.389164 -1.298848 1.115061
v -0.278610 -1.177023 1.026515
v -0.161934 -1.058514 0.941445
v -0.038807 -0.946445 0.857843
v 0.088127 -0.839417 0.776471
v 0.214405 -0.732590 0.699767
v 0.336677 -0.623838 0.629767
v 0.452902 -0.514472 0.567200
v 0.557016 -0.400909 0.516734
v 0.705493 -0.258998 0.534270
v 0.762871 -0.134929 0.521106
v 0.800175 -0.013403 0.523345
v 0.821094 0.103293 0.536612
v 0.828033 0.213439 0.559644
v 0.821163 0.317947 0.592010
v 0.803076 0.416256 0.632115
v 0.780730 0.510678 0.675003
v 0.747595 0.598247 0.724010
v 0.711269 0.683109 0.775204
v 0.660309 0.757172 0.833849
v 0.606562 0.829604 0.894357
v 0.540197 0.889482 0.959124
v 0.465467 0.944395 1.028516
v 0.378284 0.987709 1.103143
v 0.276849 1.014556 1.183463
v 0.162485 1.031937 1.271053
v 0.034878 1.032408 1.364120
v -0.103724 1.011717 1.460034
v -0.249205 0.970162 1.556827
v -0.397706 0.911253 1.652852
v -0.546360 0.837395 1.746515
v -0.693479 0.754437 1.838516
v -0.837589 0.659019 1.923441
v -0.967586 0.540502 2.002112
v -1.105996 0.417023 2.063492
v -1.233833 0.272909 2.120302
v -1.363553 0.088860 2.169412
v -1.468309 -0.114518 2.298952
v -1.466301 -0.239458 2.455305
v -1.411804 -0.331515 2.606824
v -1.355659 -0.412811 2.713734
v -1.359287 -0.518479 2.775710
v -1.355340 -0.626881 2.828912
v -1.354177 -0.737596 2.857795
v -1.355222 -0.849797 2.864768
v -1.350209 -0.957711 2.863861
v -1.343506 -1.064455 2.847996
v -1.327794 -1.167293 2.825173
v -1.312296 -1.265201 2.783964
v -1.284410 -1.361766 2.742291
v -1.252806 -1.453241 2.689497
v -1.214464 -1.541427 2.629350
v -1.176441 -1.614794 2.550492
v -1.138044 -1.671452 2.451642
v -1.096419 -1.710493 2.341892
v -1.046873 -1.735436 2.227781
v -0.988844 -1.749181 2.109285
v -0.920027 -1.753156 1.986324
v -0.838198 -1.746370 1.858910
v -0.748690 -1.719786 1.726787
v -0.657606 -1.667103 1.594775
v -0.566660 -1.586216 1.470345
v -0.475880 -1.484195 1.357958
v -0.382548 -1.369840 1.257134
v -0.281909 -1.253921 1.162813
v -0.176656 -1.135862 1.074877
v -0.062954 -1.024250 0.988235
v 0.058309 -0.921620 0.901531
v 0.180123 -0.817888 0.819931
v 0.300609 -0.712529 0.743967
v 0.418283 -0.606756 0.673655
v 0.528282 -0.496646 0.612962
v 0.626484 -0.381719 0.564908
v 0.771569 -0.236837 0.592898
v 0.821343 -0.113644 0.583920
v 0.850413 0.007707 0.590648
v 0.868334 0.122727 0.605270
v 0.873202 0.231695 0.629530
v 0.864519 0.333794 0.662845
v 0.841570 0.429014 0.705985
v 0.817161 0.521890 0.750289
v 0.780287 0.604967 0.801449
v 0.737271 0.683303 0.856098
v 0.686315 0.754769 0.914404
v 0.630189 0.822112 0.975528
v 0.564652 0.879691 1.040447
v 0.490034 0.930636 1.109715
v 0.404641 0.972114 1.183961
v 0.306137 0.996759 1.263270
v 0.194874 1.008684 1.349101
v 0.072097 1.006925 1.440541
v -0.060410 0.986718 1.535139
v -0.198979 0.942892 1.629391
v -0.339511 0.881401 1.722265
v -0.479446 0.806130 1.813165
v -0.617246 0.721621 1.902085
v -0.749922 0.619298 1.980812
v -0.867185 0.500906 2.062018
v -0.984288 0.368077 2.118232
v -1.092029 0.219929 2.171261
v -1.182451 0.042580 2.212366
v -1.256511 -0.128086 2.301127
v -1.281301 -0.281239 2.404166
v -1.268089 -0.389265 2.525604
v -1.249926 -0.483388 2.617758
v -1.257252 -0.582805 2.674242
v -1.248520 -0.683537 2.723567
v -1.241228 -0.781402 2.746536
v -1.227476 -0.882364 2.755594
v -1.212962 -0.976934 2.759928
v -1.197831 -1.070022 2.748939
v -1.177639 -1.160763 2.731219
v -1.154261 -1.248063 2.701934
v -1.125115 -1.332655 2.665275
v -1.094093 -1.411423 2.616124
v -1.059275 -1.484049 2.556869
v -1.026618 -1.543387 2.481840
v -0.992881 -1.588605 2.394146
v -0.954193 -1.622335 2.299306
v -0.908476 -1.644826 2.198378
v -0.850967 -1.661639 2.094307
v -0.785958 -1.664014 1.982862
v -0.708824 -1.657415 1.867019
v -0.624600 -1.632029 1.746688
v -0.536188 -1.584194 1.625915
v -0.446590 -1.512212 1.509532
v -0.355598 -1.421201 1.401084
v -0.264617 -1.314201 1.302747
v -0.166944 -1.205130 1.209742
v -0.063769 -1.095505 1.121050
v 0.047595 -0.992778 1.032795
v 0.163593 -0.894634 0.946313
v 0.280475 -0.795701 0.864470
v 0.395676 -0.693943 0.788686
v 0.506277 -0.587864 0.720949
v 0.610072 -0.478554 0.662147
v 0.698458 -0.359266 0.620347
v 0.839590 -0.212543 0.660000
v 0.885777 -0.090387 0.652616
v 0.912382 0.028671 0.660326
v 0.924722 0.141912 0.678435
v 0.921253 0.248277 0.708166
v 0.907950 0.347929 0.744770
v 0.885777 0.441471 0.787232
v 0.855281 0.528859 0.835033
v 0.818068 0.610232 0.886685
v 0.771832 0.684346 0.942934
v 0.720319 0.753156 1.001987
v 0.661382 0.814827 1.064164
v 0.596033 0.869774 1.129270
v 0.520683 0.915117 1.198565
v 0.437167 0.953875 1.272417
v 0.342128 0.977654 1.350978
v 0.234474 0.986185 1.435216
v 0.116437 0.979184 1.524143
v -0.009540 0.955564 1.616338
v -0.140591 0.913933 1.709274
v -0.272792 0.853425 1.800673
v -0.403731 0.778223 1.889808
v -0.531457 0.691152 1.975660
v -0.653871 0.590903 2.055515
v -0.768695 0.476901 2.127774
v -0.863092 0.344393 2.202547
v -0.951389 0.196673 2.254503
v -1.019057 0.032727 2.296093
v -1.069025 -0.132288 2.349918
v -1.096759 -0.287108 2.418756
v -1.102949 -0.406746 2.508846
v -1.109521 -0.514674 2.570656
v -1.107956 -0.620095 2.623166
v -1.097901 -0.716871 2.668031
v -1.086489 -0.808754 2.688563
v -1.073228 -0.900195 2.694372
v -1.056457 -0.986663 2.694504
v -1.039429 -1.069531 2.680897
v -1.018378 -1.149594 2.660178
v -0.995520 -1.225177 2.628013
v -0.968465 -1.297235 2.589498
v -0.940046 -1.363470 2.541302
v -0.911191 -1.421402 2.482692
v -0.881927 -1.468434 2.413867
v -0.847664 -1.508902 2.338042
v -0.807307 -1.542528 2.258976
v -0.762837 -1.563710 2.170361
v -0.706539 -1.582871 2.078830
v -0.640807 -1.590606 1.981006
v -0.567379 -1.584824 1.876097
v -0.483992 -1.566785 1.765939
v -0.399417 -1.518707 1.653434
v -0.313216 -1.448796 1.544723
v -0.226034 -1.359716 1.442819
v -0.135274 -1.261566 1.346746
v -0.039336 -1.160950 1.254849
v 0.061898 -1.059975 1.165708
v 0.170259 -0.966692 1.075957
v 0.279917 -0.870716 0.991434
v 0.390689 -0.774671 0.910769
v 0.499001 -0.673938 0.837270
v 0.603414 -0.569823 0.771070
v 0.698472 -0.458245 0.717071
v 0.778085 -0.337529 0.680053
v 0.917541 -0.188914 0.730658
v 0.955280 -0.067162 0.728746
v 0.976775 0.050063 0.739549
v 0.985036 0.161403 0.760344
v 0.978603 0.265911 0.791664
v 0.958023 0.361360 0.833178
v 0.934409 0.453114 0.876921
v 0.896670 0.533101 0.928586
v 0.859443 0.612585 0.980597
v 0.809744 0.681360 1.038681
v 0.757200 0.746688 1.098344
v 0.697378 0.804281 1.160992
v 0.632300 0.856313 1.226229
v 0.558801 0.900195 1.295352
v 0.476776 0.935815 1.368809
v 0.384373 0.955876 1.446566
v 0.280845 0.962004 1.529489
v 0.168387 0.956098 1.617370
v 0.048566 0.933302 1.708506
v -0.074729 0.889766 1.799621
v -0.198661 0.829002 1.889600
v -0.321063 0.755587 1.978361
v -0.439943 0.670792 2.064815
v -0.551996 0.570939 2.144809
v -0.654774 0.456156 2.217532
v -0.747561 0.329825 2.284404
v -0.821336 0.183412 2.335750
v -0.874116 0.026437 2.374210
v -0.911323 -0.130356 2.416478
v -0.932512 -0.279470 2.465228
v -0.943966 -0.410688 2.525362
v -0.948162 -0.526534 2.587268
v -0.943716 -0.634170 2.628609
v -0.934188 -0.733310 2.655857
v -0.921980 -0.825228 2.661044
v -0.906884 -0.910277 2.666404
v -0.890327 -0.990229 2.654812
v -0.871706 -1.065895 2.636863
v -0.852366 -1.135440 2.605529
v -0.829508 -1.202166 2.571175
v -0.805548 -1.261732 2.526906
v -0.779047 -1.318452 2.479015
v -0.750573 -1.369826 2.428077
v -0.723588 -1.407621 2.362881
v -0.687790 -1.447251 2.297748
v -0.648014 -1.480954 2.229740
v -0.600275 -1.508500 2.156325
v -0.544807 -1.532792 2.076456
v -0.481395 -1.544079 1.987196
v -0.411113 -1.536427 1.889025
v -0.333882 -1.510321 1.785723
v -0.251413 -1.465394 1.680364
v -0.169859 -1.391217 1.580683
v -0.083038 -1.310302 1.482186
v 0.006160 -1.218266 1.389340
v 0.099983 -1.124035 1.299001
v 0.198766 -1.031826 1.209458
v 0.301364 -0.941431 1.121847
v 0.405766 -0.850171 1.037878
v 0.510426 -0.756805 0.958431
v 0.611143 -0.655620 0.888374
v 0.706504 -0.548560 0.827513
v 0.793167 -0.435271 0.778625
v 0.864193 -0.313651 0.746418
v 0.999404 -0.163758 0.807702
v 1.028294 -0.043278 0.811600
v 1.043376 0.071321 0.826571
v 1.046610 0.180349 0.850780
v 1.037255 0.282308 0.883755
v 1.015220 0.374786 0.926037
v 0.986788 0.462208 0.972890
v 0.948986 0.540510 1.025386
v 0.906704 0.614568 1.080492
v 0.857178 0.681613 1.139200
v 0.801705 0.741432 1.200400
v 0.741509 0.796075 1.263450
v 0.676048 0.844056 1.329075
v 0.602388 0.882419 1.398502
v 0.522891 0.917292 1.471661
v 0.433094 0.935178 1.548933
v 0.334114 0.942359 1.631198
v 0.226810 0.933994 1.717882
v 0.113110 0.911191 1.807937
v -0.003838 0.871762 1.899482
v -0.120575 0.813927 1.989994
v -0.234745 0.741183 2.078637
v -0.343561 0.653763 2.163436
v -0.445026 0.552718 2.243049
v -0.536302 0.436901 2.315184
v -0.616008 0.308530 2.379223
v -0.678739 0.165528 2.429109
v -0.723788 0.014894 2.468233
v -0.754603 -0.135802 2.505841
v -0.772912 -0.280826 2.545152
v -0.783957 -0.413395 2.590987
v -0.785743 -0.534469 2.631302
v -0.777704 -0.647423 2.650484
v -0.767725 -0.746792 2.667221
v -0.754299 -0.836591 2.665642
v -0.737839 -0.916925 2.648891
v -0.721379 -0.990562 2.624447
v -0.700916 -1.060529 2.603985
v -0.680321 -1.122408 2.567581
v -0.657474 -1.182805 2.531809
v -0.634498 -1.235245 2.486223
v -0.608614 -1.286758 2.440001
v -0.581152 -1.333243 2.392782
v -0.551498 -1.374875 2.338790
v -0.516454 -1.414754 2.283060
v -0.476744 -1.451191 2.223453
v -0.430884 -1.479666 2.156442
v -0.377556 -1.503847 2.082646
v -0.316595 -1.513666 1.998629
v -0.248042 -1.508147 1.905381
v -0.173816 -1.476910 1.807106
v -0.095257 -1.426547 1.708284
v -0.014919 -1.355236 1.613139
v 0.069698 -1.275367 1.519919
v 0.157415 -1.188891 1.429213
v 0.246958 -1.095512 1.343222
v 0.342790 -1.011142 1.253208
v 0.440090 -0.924085 1.167148
v 0.537374 -0.832257 1.086836
v 0.633883 -0.736661 1.012132
v 0.727375 -0.635384 0.944990
v 0.814876 -0.526801 0.888194
v 0.891220 -0.409670 0.845960
v 0.953632 -0.287867 0.818864
v 1.080735 -0.140396 0.890472
v 1.102686 -0.021547 0.898540
v 1.114153 0.090640 0.915311
v 1.107880 0.195280 0.946597
v 1.098968 0.295480 0.979641
v 1.072827 0.383857 1.025234
v 1.041749 0.467307 1.074115
v 1.002825 0.542900 1.127476
v 0.954034 0.608972 1.186225
v 0.904896 0.674242 1.245182
v 0.848903 0.731315 1.307137
v 0.791533 0.787509 1.369730
v 0.726087 0.832326 1.435867
v 0.652810 0.866901 1.505474
v 0.574577 0.898076 1.578460
v 0.486810 0.912465 1.655227
v 0.392494 0.922852 1.737437
v 0.290145 0.915450 1.823552
v 0.181623 0.897584 1.913968
v 0.071154 0.857816 2.005263
v -0.038892 0.801691 2.096482
v -0.145131 0.728580 2.185131
v -0.244781 0.639496 2.269211
v -0.335755 0.535549 2.346809
v -0.416265 0.417532 2.416533
v -0.483602 0.286371 2.474888
v -0.536783 0.145437 2.522737
v -0.577385 0.000353 2.564466
v -0.603974 -0.146186 2.599317
v -0.619705 -0.288556 2.631870
v -0.626655 -0.422323 2.662401
v -0.623285 -0.546737 2.681859
v -0.615173 -0.659796 2.695640
v -0.601533 -0.759478 2.691789
v -0.585201 -0.846570 2.671376
v -0.567913 -0.925137 2.651335
v -0.549707 -0.993969 2.620389
v -0.529917 -1.056021 2.584519
v -0.506965 -1.116487 2.550568
v -0.483451 -1.171358 2.512025
v -0.459789 -1.224657 2.471183
v -0.434870 -1.277257 2.431373
v -0.407688 -1.321700 2.385843
v -0.378491 -1.363864 2.336983
v -0.344838 -1.403584 2.285241
v -0.306360 -1.437744 2.229429
v -0.261737 -1.463690 2.164849
v -0.209990 -1.490697 2.095976
v -0.152412 -1.487546 2.013884
v -0.084716 -1.487186 1.924909
v -0.011914 -1.452590 1.831883
v 0.065453 -1.403501 1.736516
v 0.145338 -1.335528 1.644286
v 0.226213 -1.251754 1.558455
v 0.310367 -1.164641 1.472873
v 0.398284 -1.079011 1.385892
v 0.489186 -0.996323 1.298149
v 0.580557 -0.909765 1.214818
v 0.671672 -0.819224 1.136458
v 0.759679 -0.720430 1.067073
v 0.844264 -0.615801 1.005540
v 0.921079 -0.503002 0.956340
v 0.987882 -0.384597 0.919909
v 1.042164 -0.262863 0.897272
v 1.161906 -0.120208 0.974967
v 1.180229 -0.003214 0.985153
v 1.188704 0.108096 1.003836
v 1.179349 0.209292 1.037366
v 1.162564 0.304689 1.076926
v 1.135807 0.391755 1.123986
v 1.097229 0.467160 1.177611
v 1.054754 0.538163 1.233611
v 1.007479 0.603944 1.292166
v 0.958535 0.667831 1.351684
v 0.904495 0.725748 1.413535
v 0.845517 0.776984 1.477450
v 0.780218 0.819564 1.544204
v 0.708783 0.854298 1.613811
v 0.631700 0.883063 1.686887
v 0.547413 0.903082 1.764069
v 0.455851 0.913213 1.846044
v 0.357532 0.904703 1.932263
v 0.253851 0.886678 2.022720
v 0.147786 0.851279 2.115054
v 0.045203 0.790958 2.205926
v -0.053387 0.715347 2.294230
v -0.144767 0.624053 2.377090
v -0.226360 0.518199 2.451911
v -0.295888 0.396627 2.517281
v -0.353723 0.264733 2.572990
v -0.400749 0.126536 2.621109
v -0.436785 -0.015447 2.662907
v -0.460070 -0.159313 2.695958
v -0.472543 -0.300448 2.722147
v -0.472908 -0.435466 2.735955
v -0.465170 -0.560317 2.740442
v -0.452329 -0.672798 2.734231
v -0.436048 -0.771423 2.716691
v -0.419046 -0.858266 2.694220
v -0.400524 -0.932838 2.661854
v -0.381138 -0.999404 2.626954
v -0.360420 -1.062405 2.592580
v -0.337737 -1.121376 2.557970
v -0.312086 -1.175963 2.519220
v -0.288993 -1.231541 2.482235
v -0.265764 -1.284999 2.445174
v -0.238532 -1.329553 2.401078
v -0.209768 -1.374521 2.355430
v -0.177176 -1.414068 2.305094
v -0.139669 -1.450686 2.250937
v -0.095231 -1.473427 2.186641
v -0.044831 -1.494949 2.116079
v 0.013371 -1.497026 2.034991
v 0.079008 -1.488052 1.947123
v 0.150404 -1.450991 1.855939
v 0.225669 -1.392235 1.767179
v 0.303545 -1.321603 1.680204
v 0.383194 -1.241048 1.595883
v 0.464826 -1.155605 1.512662
v 0.549405 -1.073741 1.426124
v 0.635155 -0.990264 1.341581
v 0.720035 -0.900866 1.262688
v 0.803692 -0.806850 1.189293
v 0.882696 -0.703298 1.126417
v 0.958196 -0.595407 1.070652
v 1.028924 -0.484469 1.022505
v 1.085561 -0.363496 0.993678
v 1.131867 -0.242051 0.975812
v 1.246283 -0.104740 1.055536
v 1.258574 0.010388 1.069995
v 1.260804 0.118877 1.094023
v 1.251054 0.218539 1.128051
v 1.228127 0.309395 1.172875
v 1.193538 0.389207 1.225461
v 1.156962 0.465565 1.279092
v 1.113385 0.534243 1.336775
v 1.067564 0.600365 1.395496
v 1.016308 0.659966 1.457098
v 0.961208 0.714641 1.520341
v 0.902743 0.765399 1.584935
v 0.836917 0.804378 1.652353
v 0.768930 0.843184 1.721766
v 0.692662 0.869664 1.795210
v 0.611170 0.892841 1.872524
v 0.522574 0.902507 1.954643
v 0.427507 0.897342 2.041576
v 0.327816 0.882578 2.132857
v 0.227606 0.844022 2.225468
v 0.130331 0.782676 2.316576
v 0.037612 0.706061 2.405128
v -0.045384 0.610555 2.485441
v -0.115585 0.497468 2.554909
v -0.177432 0.375678 2.618520
v -0.229111 0.245408 2.673979
v -0.271598 0.109733 2.723075
v -0.302067 -0.031255 2.762172
v -0.320174 -0.174744 2.790231
v -0.327368 -0.316767 2.807972
v -0.322297 -0.451452 2.808637
v -0.310046 -0.575511 2.798513
v -0.293310 -0.686599 2.778666
v -0.275840 -0.785349 2.755005
v -0.256667 -0.870391 2.724169
v -0.239435 -0.948106 2.693223
v -0.221094 -1.018150 2.662436
v -0.199661 -1.082078 2.626656
v -0.175768 -1.144220 2.593050
v -0.154927 -1.204590 2.560061
v -0.132262 -1.260500 2.522017
v -0.109289 -1.313882 2.483502
v -0.081781 -1.359800 2.437785
v -0.052032 -1.404007 2.390725
v -0.018403 -1.442688 2.338028
v 0.019946 -1.475809 2.280671
v 0.065637 -1.492843 2.214132
v 0.115125 -1.513077 2.141776
v 0.174180 -1.507600 2.060522
v 0.239359 -1.491645 1.972918
v 0.309884 -1.452431 1.884012
v 0.384424 -1.396535 1.795348
v 0.460231 -1.321845 1.713713
v 0.537730 -1.240370 1.632653
v 0.617006 -1.157862 1.549681
v 0.697662 -1.076719 1.464639
v 0.777302 -0.987439 1.386501
v 0.856195 -0.895576 1.311147
v 0.932699 -0.797882 1.242198
v 1.005692 -0.694220 1.181011
v 1.071927 -0.581728 1.132178
v 1.132788 -0.466375 1.091918
v 1.182673 -0.345738 1.066214
v 1.223030 -0.225562 1.051637
v 1.330252 -0.092877 1.133778
v 1.339759 0.019960 1.149989
v 1.334116 0.125424 1.181496
v 1.319041 0.222393 1.221160
v 1.291917 0.308853 1.269183
v 1.259558 0.389236 1.321312
v 1.219443 0.461108 1.378337
v 1.178158 0.531346 1.436158
v 1.130025 0.593525 1.497594
v 1.079080 0.652801 1.560089
v 1.023018 0.705016 1.624939
v 0.964836 0.755642 1.690301
v 0.901053 0.798090 1.758031
v 0.833288 0.836460 1.827901
v 0.758183 0.863127 1.901988
v 0.678258 0.887356 1.979718
v 0.591791 0.902777 2.062474
v 0.499254 0.900132 2.150356
v 0.402929 0.882980 2.242440
v 0.305950 0.845420 2.336124
v 0.214477 0.779975 2.427239
v 0.129227 0.697565 2.514234
v 0.052060 0.600109 2.594885
v -0.013646 0.487911 2.665974
v -0.067848 0.363398 2.727521
v -0.112457 0.231748 2.780626
v -0.145050 0.093129 2.822534
v -0.167892 -0.048848 2.855302
v -0.179418 -0.192442 2.875363
v -0.182884 -0.333391 2.885715
v -0.172606 -0.467244 2.875051
v -0.158869 -0.591861 2.859969
v -0.142108 -0.703991 2.838440
v -0.124823 -0.805029 2.813256
v -0.107818 -0.894745 2.784968
v -0.092255 -0.976885 2.757061
v -0.073035 -1.049255 2.723096
v -0.053606 -1.118717 2.689899
v -0.031286 -1.183566 2.655179
v -0.010930 -1.246816 2.619420
v 0.008596 -1.307525 2.582130
v 0.035546 -1.358276 2.537161
v 0.061761 -1.408722 2.490337
v 0.096141 -1.447660 2.436871
v 0.130236 -1.486833 2.380664
v 0.173567 -1.508126 2.317157
v 0.220100 -1.525189 2.246768
v 0.271490 -1.538837 2.170804
v 0.330676 -1.530181 2.088913
v 0.395818 -1.508237 2.001330
v 0.465987 -1.464445 1.914051
v 0.539289 -1.405364 1.827880
v 0.614079 -1.331803 1.746204
v 0.689854 -1.252086 1.664866
v 0.766057 -1.168270 1.584291
v 0.842512 -1.083906 1.502780
v 0.916675 -0.990409 1.429164
v 0.989426 -0.894468 1.357992
v 1.059171 -0.793181 1.292976
v 1.124707 -0.685928 1.236374
v 1.184536 -0.572403 1.190110
v 1.236104 -0.453879 1.156512
v 1.277465 -0.332110 1.137033
v 1.309422 -0.211133 1.129277
v 1.417752 -0.084273 1.205815
v 1.413293 0.024919 1.235370
v 1.408951 0.129305 1.264952
v 1.388620 0.222134 1.310544
v 1.364439 0.310161 1.357279
v 1.330730 0.388603 1.412219
v 1.292263 0.461617 1.470248
v 1.248388 0.528352 1.531490
v 1.199486 0.589270 1.595308
v 1.147669 0.647394 1.659887
v 1.090540 0.697758 1.726759
v 1.031964 0.747831 1.793534
v 0.967669 0.788901 1.862891
v 0.901455 0.832270 1.932401
v 0.828116 0.863106 2.006696
v 0.749382 0.890001 2.084855
v 0.664105 0.906475 2.168526
v 0.573574 0.906441 2.257716
v 0.479121 0.890438 2.351345
v 0.385106 0.851334 2.446836
v 0.296281 0.786651 2.539869
v 0.216062 0.700695 2.627355
v 0.147433 0.595964 2.706027
v 0.086581 0.481308 2.777836
v 0.037695 0.355291 2.839036
v 0.000131 0.221067 2.889413
v -0.025654 0.081010 2.927831
v -0.040443 -0.063229 2.953445
v -0.044757 -0.208274 2.965218
v -0.044990 -0.350070 2.970362
v -0.032669 -0.484815 2.956707
v -0.022261 -0.611949 2.944637
v -0.004352 -0.726517 2.919106
v 0.010793 -0.832180 2.896698
v 0.026892 -0.926959 2.869047
v 0.042470 -1.012825 2.839583
v 0.059786 -1.091683 2.806476
v 0.077817 -1.166241 2.772469
v 0.093435 -1.238645 2.738725
v 0.115008 -1.303897 2.698236
v 0.136655 -1.366136 2.655026
v 0.165464 -1.419019 2.604913
v 0.194606 -1.469473 2.551959
v 0.233322 -1.506229 2.491708
v 0.273278 -1.539142 2.428146
v 0.318735 -1.560560 2.358837
v 0.367539 -1.575302 2.284410
v 0.423418 -1.574887 2.204735
v 0.484001 -1.561709 2.120143
v 0.550270 -1.531448 2.032685
v 0.620183 -1.484506 1.945177
v 0.692418 -1.424171 1.858737
v 0.765925 -1.352681 1.774629
v 0.839804 -1.273158 1.692849
v 0.913151 -1.188621 1.612606
v 0.984953 -1.095387 1.539433
v 1.054532 -0.998823 1.468088
v 1.121016 -0.896760 1.402414
v 1.185221 -0.793956 1.337841
v 1.243534 -0.682740 1.286093
v 1.295725 -0.565842 1.245362
v 1.340258 -0.445188 1.216313
v 1.377361 -0.324173 1.197554
v 1.400911 -0.202167 1.197880
v 1.504394 -0.078970 1.277077
v 1.501458 0.031109 1.305655
v 1.492518 0.134288 1.340050
v 1.471536 0.227157 1.386626
v 1.442979 0.311286 1.439710
v 1.409276 0.389499 1.496631
v 1.368206 0.458595 1.559417
v 1.324338 0.525497 1.623014
v 1.273615 0.583529 1.690460
v 1.221209 0.641435 1.757228
v 1.164641 0.694261 1.825290
v 1.105525 0.744902 1.893499
v 1.042524 0.791013 1.963098
v 0.975784 0.834604 2.033883
v 0.903055 0.869657 2.108565
v 0.824847 0.900001 2.187091
v 0.740034 0.916862 2.272175
v 0.650684 0.915436 2.363414
v 0.557609 0.901441 2.459342
v 0.465698 0.862386 2.557139
v 0.379502 0.796816 2.652811
v 0.299816 0.712529 2.743323
v 0.237609 0.602121 2.822251
v 0.182969 0.482846 2.893568
v 0.138368 0.354293 2.955093
v 0.109568 0.215895 3.001683
v 0.089896 0.072646 3.037352
v 0.083304 -0.074419 3.056596
v 0.084203 -0.221560 3.063797
v 0.084104 -0.365429 3.069441
v 0.096193 -0.502967 3.056616
v 0.107321 -0.632984 3.041880
v 0.121147 -0.753294 3.020428
v 0.136954 -0.863051 2.996025
v 0.150566 -0.964289 2.969670
v 0.163366 -1.056575 2.940926
v 0.178384 -1.141956 2.907327
v 0.194109 -1.222407 2.871090
v 0.208831 -1.299790 2.833496
v 0.233830 -1.367617 2.786651
v 0.256242 -1.433229 2.737534
v 0.289024 -1.487165 2.680315
v 0.324883 -1.534932 2.618928
v 0.367200 -1.571549 2.551606
v 0.413442 -1.598015 2.480594
v 0.463295 -1.615569 2.405080
v 0.516910 -1.621615 2.325924
v 0.575296 -1.614648 2.242315
v 0.637480 -1.597184 2.154815
v 0.704489 -1.560844 2.065875
v 0.773646 -1.513444 1.975237
v 0.844763 -1.453587 1.885750
v 0.916765 -1.383288 1.798423
v 0.988727 -1.301404 1.716940
v 1.059490 -1.211106 1.640983
v 1.127823 -1.115151 1.568149
v 1.192984 -1.013842 1.500052
v 1.254579 -0.908075 1.436075
v 1.312213 -0.799773 1.376183
v 1.364494 -0.684768 1.327738
v 1.410585 -0.564672 1.290885
v 1.450942 -0.443371 1.261012
v 1.478876 -0.318552 1.253152
v 1.497324 -0.196268 1.257515
v 1.598576 -0.075168 1.339746
v 1.593771 0.035732 1.369542
v 1.580177 0.137546 1.409276
v 1.557589 0.229037 1.459466
v 1.529433 0.314059 1.513701
v 1.491701 0.386869 1.577380
v 1.452597 0.458577 1.641496
v 1.405779 0.520694 1.711068
v 1.356213 0.581848 1.780495
v 1.303211 0.640576 1.850025
v 1.246283 0.695300 1.919978
v 1.186045 0.746681 1.990105
v 1.122664 0.794531 2.061318
v 1.056298 0.843994 2.131867
v 0.984025 0.885757 2.206349
v 0.905520 0.921052 2.284861
v 0.820672 0.935926 2.372707
v 0.730014 0.942768 2.465595
v 0.637239 0.926259 2.564922
v 0.547023 0.884406 2.666459
v 0.464252 0.813837 2.765703
v 0.385095 0.728656 2.860537
v 0.322733 0.618951 2.943931
v 0.270196 0.497087 3.018150
v 0.232190 0.362790 3.079018
v 0.210080 0.219619 3.124637
v 0.200659 0.071014 3.154905
v 0.199227 -0.080316 3.172584
v 0.202505 -0.231079 3.180610
v 0.204225 -0.379214 3.184141
v 0.213750 -0.521317 3.175070
v 0.222506 -0.656478 3.161927
v 0.232546 -0.782967 3.141458
v 0.245691 -0.899101 3.117983
v 0.257632 -1.006904 3.090762
v 0.269037 -1.106460 3.060009
v 0.280593 -1.199403 3.025428
v 0.294582 -1.286931 2.986068
v 0.313322 -1.368698 2.940884
v 0.337055 -1.444454 2.888783
v 0.370562 -1.507288 2.828822
v 0.406480 -1.564465 2.763861
v 0.453657 -1.604331 2.691921
v 0.500565 -1.640277 2.616629
v 0.554576 -1.657831 2.537854
v 0.608578 -1.671230 2.455790
v 0.666978 -1.669049 2.371405
v 0.726953 -1.660725 2.282319
v 0.791775 -1.633269 2.193171
v 0.859651 -1.596264 2.099709
v 0.927069 -1.554106 2.001503
v 0.996925 -1.495025 1.907140
v 1.067585 -1.422973 1.817015
v 1.137559 -1.340341 1.731724
v 1.206030 -1.245431 1.656474
v 1.271683 -1.144587 1.585129
v 1.333112 -1.039304 1.516664
v 1.390275 -0.929341 1.453324
v 1.442840 -0.814966 1.396722
v 1.489076 -0.692738 1.357535
v 1.529240 -0.568010 1.326249
v 1.562159 -0.441749 1.305676
v 1.585440 -0.315527 1.300531
v 1.598950 -0.191850 1.311368
v 1.702246 -0.070580 1.387623
v 1.693368 0.040741 1.422696
v 1.675101 0.141707 1.468801
v 1.654403 0.237159 1.516782
v 1.623789 0.318920 1.578398
v 1.588065 0.395054 1.643524
v 1.545575 0.461209 1.715970
v 1.498009 0.522421 1.790771
v 1.446940 0.582351 1.865412
v 1.392809 0.641856 1.938834
v 1.336581 0.702841 2.009542
v 1.276551 0.760648 2.079509
v 1.212373 0.812535 2.151353
v 1.143853 0.861624 2.224810
v 1.070784 0.906939 2.300801
v 0.991497 0.954782 2.376142
v 0.905568 0.973721 2.467548
v 0.812618 0.983312 2.563994
v 0.718609 0.967620 2.668183
v 0.628807 0.920996 2.776160
v 0.541707 0.853848 2.882405
v 0.460648 0.766715 2.983914
v 0.395609 0.655103 3.074433
v 0.348606 0.524940 3.151346
v 0.318351 0.382678 3.212733
v 0.301625 0.232819 3.259080
v 0.296175 0.078286 3.290864
v 0.299253 -0.078572 3.309602
v 0.303678 -0.235494 3.318632
v 0.305360 -0.390139 3.323057
v 0.307549 -0.539067 3.318833
v 0.312531 -0.681312 3.306314
v 0.320374 -0.815270 3.286862
v 0.331420 -0.938911 3.261981
v 0.344926 -1.053950 3.231769
v 0.360043 -1.160286 3.195927
v 0.376464 -1.258879 3.154843
v 0.390199 -1.353533 3.111127
v 0.416670 -1.438450 3.056859
v 0.445669 -1.517855 2.996524
v 0.483627 -1.584415 2.928094
v 0.531197 -1.636475 2.852213
v 0.581003 -1.680301 2.772081
v 0.636847 -1.709558 2.687551
v 0.693618 -1.730242 2.599650
v 0.753059 -1.737215 2.510134
v 0.816385 -1.728345 2.419359
v 0.877911 -1.720028 2.322191
v 0.944333 -1.692537 2.225814
v 1.011710 -1.656169 2.124956
v 1.080153 -1.608569 2.023101
v 1.148479 -1.550498 1.921059
v 1.218328 -1.475220 1.826738
v 1.287118 -1.387595 1.739771
v 1.353616 -1.288946 1.661508
v 1.416388 -1.183663 1.588175
v 1.474756 -1.072308 1.520715
v 1.528235 -0.955814 1.459820
v 1.576521 -0.833919 1.408224
v 1.618443 -0.706248 1.372506
v 1.653517 -0.575714 1.347197
v 1.680869 -0.444170 1.332509
v 1.698042 -0.314710 1.334760
v 1.704116 -0.190116 1.359793
v 1.815000 -0.063187 1.415038
v 1.802834 0.049307 1.457472
v 1.783888 0.154362 1.503902
v 1.759603 0.248502 1.560048
v 1.727022 0.327442 1.630624
v 1.689428 0.400208 1.703859
v 1.646564 0.465898 1.782129
v 1.598625 0.527256 1.862441
v 1.547181 0.588932 1.942020
v 1.493480 0.654128 2.017949
v 1.436303 0.719225 2.091524
v 1.375823 0.785889 2.159760
v 1.310974 0.844721 2.231603
v 1.240695 0.899848 2.305759
v 1.164842 0.955696 2.378766
v 1.082722 1.002860 2.459653
v 0.993692 1.030434 2.553213
v 0.898900 1.040011 2.656384
v 0.803201 1.021979 2.768917
v 0.708880 0.978402 2.884898
v 0.620421 0.907819 2.999300
v 0.539980 0.814758 3.108178
v 0.472240 0.699358 3.207145
v 0.421212 0.564936 3.292201
v 0.392568 0.415531 3.357743
v 0.381153 0.256869 3.405876
v 0.376900 0.094996 3.440984
v 0.375021 -0.068668 3.465782
v 0.381103 -0.233076 3.477983
v 0.381972 -0.395815 3.484465
v 0.380072 -0.553294 3.482367
v 0.381054 -0.704586 3.470865
v 0.384830 -0.847726 3.452057
v 0.393806 -0.981393 3.425293
v 0.410813 -1.104757 3.390102
v 0.433929 -1.217906 3.347363
v 0.462698 -1.320571 3.297242
v 0.484239 -1.420716 3.245106
v 0.517124 -1.509864 3.182881
v 0.555254 -1.591160 3.112346
v 0.600006 -1.660982 3.033730
v 0.653154 -1.714627 2.948695
v 0.714059 -1.752332 2.858342
v 0.772961 -1.784359 2.764824
v 0.836058 -1.800514 2.667948
v 0.898207 -1.809772 2.568343
v 0.962579 -1.805299 2.466959
v 1.027290 -1.793007 2.361898
v 1.092992 -1.769976 2.254136
v 1.162162 -1.730076 2.146388
v 1.232579 -1.675773 2.040226
v 1.302075 -1.611096 1.934832
v 1.371031 -1.532155 1.835809
v 1.438637 -1.438990 1.746114
v 1.503168 -1.336103 1.664423
v 1.562727 -1.229096 1.583086
v 1.618277 -1.111474 1.514497
v 1.668682 -0.986137 1.459106
v 1.713443 -0.855745 1.414955
v 1.751203 -0.721406 1.383191
v 1.781416 -0.585016 1.363393
v 1.803277 -0.448459 1.357168
v 1.816288 -0.314322 1.361489
v 1.819702 -0.185326 1.383004
v 1.932997 -0.054566 1.427094
v 1.918275 0.062524 1.471585
v 1.897383 0.170049 1.523056
v 1.870280 0.260921 1.593078
v 1.836813 0.344982 1.664936
v 1.799281 0.420301 1.743067
v 1.756376 0.483929 1.829715
v 1.709434 0.546480 1.917056
v 1.658059 0.612677 2.001149
v 1.603652 0.684674 2.078609
v 1.544855 0.756217 2.152025
v 1.482332 0.825803 2.224034
v 1.415024 0.893346 2.294922
v 1.342315 0.958057 2.366953
v 1.263768 1.018150 2.443526
v 1.178629 1.066207 2.531192
v 1.086676 1.097652 2.630984
v 0.990402 1.106612 2.743628
v 0.891130 1.091087 2.865079
v 0.793534 1.046617 2.991157
v 0.702093 0.974046 3.115296
v 0.620782 0.877329 3.233202
v 0.552472 0.755628 3.341394
v 0.498995 0.614451 3.433755
v 0.464638 0.458279 3.507399
v 0.448169 0.292359 3.563060
v 0.439176 0.122741 3.605051
v 0.433596 -0.049204 3.635104
v 0.436525 -0.222173 3.651952
v 0.435339 -0.393683 3.660732
v 0.432401 -0.561033 3.660123
v 0.429746 -0.722577 3.650297
v 0.434204 -0.876353 3.630208
v 0.447026 -1.020525 3.599864
v 0.466431 -1.154621 3.560138
v 0.495047 -1.278178 3.511090
v 0.535215 -1.386092 3.451863
v 0.582652 -1.481667 3.385462
v 0.621442 -1.576002 3.315814
v 0.670862 -1.657713 3.234941
v 0.723650 -1.728587 3.147150
v 0.785792 -1.781187 3.051277
v 0.849928 -1.821634 2.951160
v 0.915145 -1.850233 2.848066
v 0.979088 -1.873064 2.741612
v 1.044311 -1.884358 2.632701
v 1.111626 -1.879656 2.521235
v 1.176212 -1.872260 2.404817
v 1.247294 -1.840185 2.291301
v 1.318369 -1.795306 2.178110
v 1.388392 -1.741232 2.063873
v 1.458047 -1.671957 1.953674
v 1.526511 -1.587338 1.852214
v 1.592836 -1.488072 1.760358
v 1.655248 -1.382554 1.672788
v 1.712951 -1.273400 1.584907
v 1.765419 -1.149933 1.513361
v 1.812244 -1.016474 1.461641
v 1.853114 -0.879137 1.420605
v 1.887066 -0.739404 1.386695
v 1.913338 -0.597366 1.365900
v 1.930947 -0.454958 1.364224
v 1.940143 -0.315410 1.371308
v 1.940469 -0.181440 1.393661
v 2.054560 -0.046992 1.427204
v 2.037213 0.076601 1.471515
v 2.014265 0.185052 1.533491
v 1.985340 0.283039 1.603347
v 1.951049 0.372639 1.678598
v 1.913996 0.445823 1.766832
v 1.871443 0.515762 1.856652
v 1.824182 0.588355 1.943328
v 1.773757 0.656431 2.033792
v 1.716421 0.732167 2.113634
v 1.655705 0.808498 2.188622
v 1.591125 0.882924 2.262799
v 1.522149 0.954533 2.337564
v 1.448096 1.022194 2.415349
v 1.367424 1.085174 2.498058
v 1.279951 1.136389 2.592587
v 1.185069 1.172653 2.700002
v 1.086434 1.184612 2.821821
v 0.981996 1.175949 2.951804
v 0.890119 1.119340 3.092666
v 0.800874 1.040087 3.227047
v 0.712750 0.945108 3.357147
v 0.636319 0.821406 3.476377
v 0.580561 0.672990 3.576868
v 0.539183 0.510936 3.658773
v 0.513022 0.338551 3.723428
v 0.496932 0.161873 3.773480
v 0.489763 -0.019177 3.808657
v 0.483455 -0.200870 3.831994
v 0.478354 -0.381993 3.844604
v 0.473544 -0.559502 3.846251
v 0.470659 -0.732098 3.838489
v 0.483197 -0.897321 3.815970
v 0.509327 -1.050889 3.780135
v 0.535038 -1.193870 3.734778
v 0.575652 -1.324574 3.677525
v 0.624017 -1.440437 3.608423
v 0.679657 -1.540118 3.533561
v 0.737285 -1.630097 3.450797
v 0.794531 -1.712667 3.361094
v 0.856334 -1.781339 3.263013
v 0.920449 -1.839430 3.159060
v 0.986608 -1.885667 3.049976
v 1.054476 -1.918926 2.937172
v 1.123059 -1.940794 2.821724
v 1.192714 -1.949117 2.703769
v 1.263491 -1.944367 2.583896
v 1.333320 -1.929209 2.462389
v 1.405246 -1.894849 2.341553
v 1.476342 -1.850005 2.221043
v 1.546620 -1.793409 2.102070
v 1.615978 -1.720402 1.988297
v 1.683113 -1.632057 1.882509
v 1.746612 -1.535209 1.780356
v 1.807245 -1.424386 1.691852
v 1.863577 -1.307705 1.607205
v 1.913504 -1.180707 1.535763
v 1.956887 -1.043321 1.480123
v 1.993969 -0.902279 1.434752
v 2.024562 -0.758786 1.394056
v 2.047386 -0.611853 1.373247
v 2.061429 -0.464361 1.367299
v 2.067259 -0.319544 1.373850
v 2.064691 -0.179704 1.393966
v 2.179003 -0.043434 1.420300
v 2.159635 0.085391 1.467167
v 2.133792 0.202573 1.526553
v 2.103060 0.306813 1.598874
v 2.068748 0.396939 1.683556
v 2.029977 0.480520 1.770696
v 1.987169 0.558149 1.861645
v 1.940725 0.633089 1.953847
v 1.889510 0.708152 2.044831
v 1.832160 0.785093 2.132559
v 1.769290 0.866603 2.208308
v 1.703208 0.944284 2.286807
v 1.632500 1.020490 2.364931
v 1.557472 1.090956 2.449336
v 1.475269 1.158416 2.538041
v 1.385760 1.215448 2.638608
v 1.290830 1.252723 2.758253
v 1.193192 1.263401 2.893838
v 1.089917 1.247502 3.037165
v 1.005318 1.180076 3.185858
v 0.916357 1.097922 3.330065
v 0.823961 1.003386 3.470407
v 0.743877 0.880065 3.599761
v 0.678995 0.733130 3.711920
v 0.629335 0.569224 3.805237
v 0.589624 0.394068 3.880889
v 0.557639 0.213570 3.942470
v 0.550983 0.022637 3.982474
v 0.535745 -0.167350 4.012645
v 0.525269 -0.359255 4.031445
v 0.527422 -0.546761 4.033155
v 0.534157 -0.729577 4.025421
v 0.555862 -0.904668 4.000478
v 0.587608 -1.069614 3.961631
v 0.629363 -1.216105 3.906579
v 0.679510 -1.350839 3.841369
v 0.730665 -1.474147 3.766819
v 0.793160 -1.579284 3.681638
v 0.857996 -1.672151 3.589477
v 0.922728 -1.754929 3.490371
v 0.990001 -1.825595 3.383468
v 1.056651 -1.887993 3.272161
v 1.128155 -1.933315 3.153645
v 1.199272 -1.968375 3.032560
v 1.268955 -1.996822 2.908428
v 1.342502 -2.003656 2.782198
v 1.415730 -1.996053 2.654749
v 1.488384 -1.979725 2.525743
v 1.560518 -1.947504 2.396729
v 1.632833 -1.896435 2.272798
v 1.703291 -1.836370 2.149185
v 1.771534 -1.760718 2.032456
v 1.837041 -1.677566 1.917257
v 1.899287 -1.576307 1.813082
v 1.957434 -1.465048 1.717937
v 2.011010 -1.341892 1.635353
v 2.058001 -1.209458 1.564694
v 2.098511 -1.069870 1.505682
v 2.132767 -0.925186 1.459896
v 2.160957 -0.778299 1.419096
v 2.182327 -0.629566 1.386743
v 2.194044 -0.477953 1.371925
v 2.197090 -0.328379 1.374618
v 2.191620 -0.182682 1.390614
v 2.306895 -0.046627 1.419753
v 2.286024 0.089172 1.461232
v 2.257785 0.213350 1.519967
v 2.223550 0.327801 1.586950
v 2.187202 0.426122 1.671957
v 2.146367 0.517801 1.759035
v 2.102845 0.601201 1.852331
v 2.055031 0.683684 1.944485
v 2.003366 0.763688 2.037580
v 1.945974 0.844783 2.127075
v 1.883998 0.925774 2.212809
v 1.817632 1.006329 2.296487
v 1.746363 1.085928 2.379722
v 1.671632 1.158977 2.471460
v 1.590654 1.228030 2.569721
v 1.503175 1.288067 2.680108
v 1.411368 1.323092 2.811628
v 1.316541 1.331609 2.959276
v 1.223349 1.299596 3.114029
v 1.134076 1.236596 3.269585
v 1.042628 1.157495 3.422267
v 0.948654 1.062502 3.572387
v 0.870536 0.937297 3.708430
v 0.796200 0.795071 3.834168
v 0.743281 0.629060 3.936715
v 0.690726 0.456068 4.027415
v 0.656934 0.267913 4.097347
v 0.637701 0.073918 4.147953
v 0.614929 -0.121784 4.186066
v 0.599775 -0.325261 4.214243
v 0.614681 -0.520465 4.213086
v 0.629297 -0.712501 4.205545
v 0.649739 -0.894080 4.183082
v 0.694352 -1.068631 4.135606
v 0.749617 -1.216286 4.067862
v 0.803090 -1.355195 3.997452
v 0.855794 -1.485780 3.919771
v 0.918573 -1.599857 3.828891
v 0.986469 -1.696741 3.728089
v 1.054850 -1.784303 3.622002
v 1.127823 -1.854111 3.506077
v 1.199535 -1.915297 3.386003
v 1.271766 -1.966325 3.260908
v 1.345909 -1.999003 3.132365
v 1.418126 -2.028232 3.001842
v 1.492719 -2.042324 2.867185
v 1.567720 -2.031251 2.734148
v 1.641295 -2.013794 2.599221
v 1.714059 -1.984426 2.463988
v 1.785806 -1.938765 2.332468
v 1.855932 -1.871866 2.206806
v 1.923697 -1.799046 2.083456
v 1.987764 -1.714876 1.963791
v 2.048978 -1.615417 1.852892
v 2.105858 -1.501437 1.756134
v 2.157080 -1.376079 1.669305
v 2.200054 -1.237717 1.602627
v 2.238133 -1.097700 1.539557
v 2.270021 -0.950447 1.490150
v 2.293884 -0.798921 1.456226
v 2.314692 -0.649124 1.417586
v 2.325052 -0.496134 1.397165
v 2.326914 -0.342882 1.388509
v 2.320862 -0.191941 1.396452
v 2.438325 -0.060160 1.436920
v 2.416347 0.084220 1.465484
v 2.387284 0.216204 1.516754
v 2.351220 0.339488 1.577747
v 2.312366 0.445792 1.661826
v 2.268470 0.547318 1.745414
v 2.220814 0.642933 1.832132
v 2.171974 0.732008 1.924313
v 2.118724 0.818359 2.017894
v 2.061560 0.902563 2.111093
v 2.001212 0.984503 2.203980
v 1.935954 1.066429 2.294396
v 1.866312 1.147433 2.385283
v 1.792495 1.224097 2.482927
v 1.716365 1.289057 2.595689
v 1.633020 1.348221 2.716116
v 1.546710 1.377014 2.861326
v 1.457763 1.375733 3.018523
v 1.367507 1.340431 3.179156
v 1.277340 1.281488 3.339531
v 1.185284 1.205345 3.498584
v 1.096163 1.110075 3.655913
v 1.017637 0.987314 3.798762
v 0.938737 0.853585 3.935594
v 0.878991 0.690837 4.051049
v 0.826239 0.515855 4.149781
v 0.782129 0.331246 4.235142
v 0.760946 0.132120 4.294881
v 0.744632 -0.070945 4.335266
v 0.731953 -0.275784 4.366952
v 0.737465 -0.479024 4.376931
v 0.767899 -0.674862 4.358436
v 0.793963 -0.861188 4.333091
v 0.835532 -1.038757 4.285567
v 0.889558 -1.193933 4.215434
v 0.943197 -1.337017 4.141423
v 0.999266 -1.471238 4.060550
v 1.058327 -1.595751 3.970238
v 1.123973 -1.703284 3.866091
v 1.196003 -1.794649 3.752671
v 1.270783 -1.866901 3.629703
v 1.344018 -1.929036 3.503404
v 1.417448 -1.981068 3.371862
v 1.493321 -2.015324 3.236831
v 1.567851 -2.039803 3.100117
v 1.641821 -2.059095 2.961603
v 1.717078 -2.059628 2.820810
v 1.792371 -2.032858 2.682026
v 1.865620 -2.001503 2.543380
v 1.936535 -1.954865 2.408992
v 2.005193 -1.890902 2.278878
v 2.072183 -1.819958 2.151803
v 2.135634 -1.738316 2.028807
v 2.196266 -1.640055 1.914563
v 2.250791 -1.527612 1.813601
v 2.299832 -1.403667 1.722217
v 2.340708 -1.267833 1.645685
v 2.374182 -1.121708 1.590786
v 2.404249 -0.975570 1.536400
v 2.426339 -0.824051 1.495489
v 2.442487 -0.671243 1.463829
v 2.453899 -0.518750 1.435465
v 2.457569 -0.364669 1.418341
v 2.452175 -0.210235 1.419435
v 2.571937 -0.082704 1.468337
v 2.551592 0.066301 1.487809
v 2.522883 0.209804 1.523492
v 2.486341 0.336884 1.586548
v 2.444752 0.456831 1.656474
v 2.400004 0.565581 1.736308
v 2.349662 0.672039 1.816648
v 2.298170 0.772746 1.901947
v 2.243901 0.864429 1.998283
v 2.185388 0.953341 2.093026
v 2.126507 1.036611 2.191738
v 2.065521 1.114520 2.294964
v 1.998324 1.195879 2.392962
v 1.926072 1.279016 2.492241
v 1.853460 1.333167 2.621996
v 1.775855 1.381488 2.756625
v 1.694448 1.405773 2.907036
v 1.609323 1.396549 3.066726
v 1.522308 1.360762 3.229809
v 1.433589 1.306653 3.394007
v 1.342869 1.243693 3.559376
v 1.254877 1.154330 3.724169
v 1.180568 1.032047 3.871977
v 1.106287 0.902535 4.016578
v 1.044242 0.744493 4.140363
v 0.993982 0.570600 4.246145
v 0.953314 0.385744 4.336782
v 0.924653 0.190954 4.407379
v 0.904502 -0.011458 4.459702
v 0.897355 -0.216496 4.496216
v 0.905547 -0.421643 4.507399
v 0.931300 -0.620185 4.487851
v 0.961859 -0.808387 4.454993
v 0.997687 -0.987785 4.412649
v 1.042808 -1.153382 4.353789
v 1.099404 -1.296543 4.270582
v 1.155424 -1.433624 4.187015
v 1.214132 -1.561149 4.095346
v 1.277915 -1.677393 3.993062
v 1.347023 -1.777136 3.877198
v 1.420107 -1.855101 3.750628
v 1.493127 -1.919639 3.619378
v 1.568246 -1.971727 3.483765
v 1.642797 -2.016121 3.345881
v 1.717279 -2.041576 3.204160
v 1.792544 -2.057240 3.061069
v 1.868293 -2.067841 2.917721
v 1.942124 -2.042829 2.773383
v 2.012645 -2.003559 2.633027
v 2.082293 -1.960481 2.494672
v 2.149116 -1.896497 2.363137
v 2.215060 -1.829044 2.233680
v 2.277590 -1.748509 2.109348
v 2.335245 -1.650179 1.995783
v 2.388142 -1.541371 1.890569
v 2.436054 -1.421194 1.796407
v 2.476446 -1.288732 1.716151
v 2.507967 -1.145564 1.653046
v 2.534945 -0.999321 1.598445
v 2.556038 -0.849270 1.552763
v 2.568648 -0.696242 1.523160
v 2.579589 -0.543970 1.493079
v 2.583910 -0.390143 1.473621
v 2.581459 -0.235669 1.465193
v 2.703236 -0.114534 1.523063
v 2.685716 0.034663 1.538262
v 2.661999 0.180308 1.565566
v 2.626864 0.317531 1.614545
v 2.584000 0.442911 1.678723
v 2.540665 0.567095 1.740865
v 2.490468 0.682875 1.816475
v 2.439357 0.795445 1.896649
v 2.383662 0.895791 1.990167
v 2.325418 0.983755 2.091039
v 2.265956 1.072986 2.188511
v 2.204237 1.157765 2.291958
v 2.142351 1.228293 2.406195
v 2.075534 1.310295 2.514531
v 2.003781 1.363172 2.649258
v 1.928863 1.394783 2.793188
v 1.850725 1.412801 2.946119
v 1.768466 1.401569 3.106301
v 1.684664 1.373649 3.270762
v 1.598957 1.328542 3.438312
v 1.514836 1.262425 3.604483
v 1.432232 1.182361 3.772254
v 1.358124 1.063347 3.922097
v 1.287755 0.937609 4.069940
v 1.226084 0.789227 4.202028
v 1.177743 0.619915 4.312151
v 1.139498 0.438527 4.405966
v 1.113544 0.247307 4.480725
v 1.093982 0.050694 4.544287
v 1.087299 -0.151854 4.584111
v 1.095007 -0.353694 4.593383
v 1.110698 -0.552067 4.589478
v 1.135620 -0.743420 4.571286
v 1.172556 -0.921294 4.522945
v 1.216770 -1.086766 4.462832
v 1.265361 -1.238756 4.389091
v 1.319789 -1.378046 4.303308
v 1.378489 -1.505889 4.208405
v 1.438401 -1.630513 4.111882
v 1.503667 -1.741453 3.998269
v 1.575309 -1.826163 3.870979
v 1.646641 -1.894558 3.736468
v 1.719938 -1.952344 3.598632
v 1.793506 -1.993941 3.456835
v 1.868251 -2.022962 3.312130
v 1.942788 -2.045184 3.166227
v 2.015961 -2.047946 3.019528
v 2.088034 -2.027872 2.873839
v 2.157772 -1.998317 2.730817
v 2.225925 -1.956880 2.589360
v 2.290061 -1.896144 2.456156
v 2.354939 -1.831246 2.326561
v 2.415121 -1.750469 2.202838
v 2.469452 -1.653448 2.089024
v 2.518617 -1.545360 1.984246
v 2.564438 -1.429545 1.887439
v 2.606789 -1.306320 1.798679
v 2.636870 -1.167162 1.729951
v 2.660767 -1.022221 1.675350
v 2.683037 -0.877205 1.622314
v 2.695951 -0.725457 1.588065
v 2.706311 -0.573810 1.557084
v 2.710237 -0.421189 1.536275
v 2.709184 -0.267638 1.525389
v 2.826751 -0.154153 1.596305
v 2.811974 -0.005840 1.607440
v 2.789289 0.139888 1.632403
v 2.758474 0.280281 1.671078
v 2.723325 0.415322 1.717168
v 2.682178 0.548077 1.769914
v 2.636911 0.671865 1.838260
v 2.590523 0.793582 1.910976
v 2.533401 0.896559 2.006537
v 2.474438 0.987965 2.106495
v 2.415564 1.086995 2.199147
v 2.356420 1.174904 2.305524
v 2.293558 1.237558 2.427911
v 2.231478 1.314311 2.545450
v 2.162889 1.368338 2.679657
v 2.088795 1.395088 2.825851
v 2.012513 1.405239 2.978436
v 1.933295 1.396590 3.136735
v 1.853155 1.371447 3.299984
v 1.772261 1.333070 3.466987
v 1.692863 1.274633 3.634557
v 1.615756 1.194584 3.798831
v 1.544592 1.088760 3.954186
v 1.478842 0.966713 4.101211
v 1.420349 0.829397 4.239850
v 1.373448 0.667632 4.357023
v 1.340030 0.489660 4.447812
v 1.314007 0.303840 4.524981
v 1.295566 0.114103 4.590752
v 1.289334 -0.081407 4.630735
v 1.291952 -0.276856 4.657651
v 1.305378 -0.469983 4.664299
v 1.327184 -0.658298 4.647603
v 1.360277 -0.836626 4.608119
v 1.399866 -1.002811 4.550941
v 1.444779 -1.156525 4.480566
v 1.494748 -1.298253 4.398211
v 1.547694 -1.430895 4.308847
v 1.606775 -1.552472 4.207526
v 1.668869 -1.667311 4.101807
v 1.736620 -1.760545 3.977973
v 1.805091 -1.838115 3.846619
v 1.876824 -1.906974 3.713332
v 1.947469 -1.952788 3.569181
v 2.019334 -1.984392 3.422551
v 2.090132 -2.004231 3.274945
v 2.160625 -2.008407 3.127234
v 2.229865 -1.997057 2.981670
v 2.297775 -1.971941 2.837547
v 2.362943 -1.931868 2.697184
v 2.423673 -1.873652 2.562990
v 2.487858 -1.815845 2.432225
v 2.545755 -1.739507 2.307387
v 2.597157 -1.646904 2.193704
v 2.642596 -1.542126 2.089218
v 2.686118 -1.430930 1.990915
v 2.726357 -1.312698 1.899523
v 2.758620 -1.182583 1.824937
v 2.789559 -1.048861 1.754333
v 2.810852 -0.905672 1.698742
v 2.823151 -0.757338 1.660850
v 2.830990 -0.607260 1.631524
v 2.834230 -0.456648 1.610674
v 2.835013 -0.305664 1.595599
v 2.945191 -0.198463 1.679644
v 2.931494 -0.052302 1.687745
v 2.913144 0.092366 1.705798
v 2.883693 0.232879 1.739598
v 2.852879 0.370522 1.778521
v 2.817147 0.505597 1.826412
v 2.776090 0.634391 1.888076
v 2.727133 0.751266 1.963265
v 2.675267 0.860987 2.048286
v 2.622390 0.965093 2.137559
v 2.563697 1.060529 2.235072
v 2.509407 1.157689 2.335536
v 2.447113 1.225772 2.453490
v 2.381176 1.278483 2.580163
v 2.318819 1.342924 2.709870
v 2.248790 1.377485 2.852941
v 2.174779 1.382969 3.002777
v 2.099542 1.379126 3.157945
v 2.023745 1.359793 3.318784
v 1.947885 1.327454 3.483772
v 1.873542 1.274668 3.650145
v 1.800694 1.200483 3.811808
v 1.734148 1.104680 3.967772
v 1.674367 0.986802 4.111903
v 1.622079 0.855461 4.248084
v 1.578599 0.703935 4.365720
v 1.543027 0.538256 4.464231
v 1.516962 0.361366 4.542507
v 1.499456 0.179681 4.608188
v 1.491001 -0.005064 4.661203
v 1.493141 -0.193354 4.694151
v 1.503729 -0.381227 4.703146
v 1.524067 -0.564220 4.692793
v 1.551315 -0.740962 4.666231
v 1.585544 -0.906621 4.617148
v 1.624883 -1.059531 4.550838
v 1.669298 -1.205435 4.481058
v 1.719945 -1.341006 4.396480
v 1.773986 -1.465255 4.298980
v 1.832755 -1.578889 4.192395
v 1.895610 -1.678723 4.074392
v 1.959498 -1.759056 3.946043
v 2.026057 -1.828171 3.812147
v 2.095533 -1.883492 3.673467
v 2.165514 -1.924334 3.530251
v 2.230571 -1.943038 3.382782
v 2.297664 -1.952116 3.236762
v 2.365124 -1.949131 3.091884
v 2.429199 -1.925844 2.948557
v 2.488599 -1.886318 2.809842
v 2.547271 -1.836467 2.676528
v 2.606200 -1.780079 2.547652
v 2.663142 -1.713166 2.423465
v 2.713408 -1.628844 2.308287
v 2.758827 -1.532965 2.201709
v 2.801345 -1.428188 2.103046
v 2.837180 -1.313293 2.014493
v 2.873216 -1.193566 1.932865
v 2.904855 -1.065715 1.859298
v 2.928766 -0.930151 1.796899
v 2.941237 -0.787253 1.754818
v 2.949754 -0.642212 1.720153
v 2.954110 -0.494642 1.694961
v 2.949471 -0.346519 1.685349
v 3.050003 -0.246518 1.773819
v 3.039256 -0.103441 1.776257
v 3.019507 0.038449 1.793001
v 2.997528 0.178731 1.816413
v 2.969753 0.314982 1.850358
v 2.937865 0.448330 1.894233
v 2.897868 0.575559 1.951742
v 2.851583 0.693458 2.021896
v 2.803381 0.805929 2.099383
v 2.751709 0.911108 2.185658
v 2.703956 1.019500 2.276800
v 2.654611 1.108981 2.375712
v 2.591458 1.176815 2.487761
v 2.527799 1.233521 2.609226
v 2.465636 1.287284 2.736343
v 2.403155 1.328611 2.873874
v 2.333077 1.345611 3.019943
v 2.260576 1.344655 3.170520
v 2.189750 1.333610 3.326852
v 2.118959 1.306964 3.487629
v 2.049373 1.257619 3.648102
v 1.982633 1.186101 3.804170
v 1.921523 1.100976 3.957579
v 1.865557 0.996600 4.101509
v 1.817105 0.876284 4.235121
v 1.775890 0.733192 4.350140
v 1.742090 0.578559 4.448983
v 1.716254 0.416671 4.536594
v 1.698991 0.245879 4.606817
v 1.689629 0.069942 4.658212
v 1.689608 -0.108031 4.697309
v 1.697177 -0.287706 4.717418
v 1.713027 -0.465193 4.721212
v 1.735934 -0.636025 4.697343
v 1.765025 -0.798222 4.655317
v 1.799143 -0.953065 4.604068
v 1.839500 -1.099002 4.538622
v 1.885362 -1.233916 4.458885
v 1.935372 -1.361136 4.370346
v 1.988914 -1.474992 4.267805
v 2.046035 -1.576667 4.155369
v 2.106280 -1.664894 4.034388
v 2.167937 -1.736357 3.903733
v 2.231174 -1.793804 3.767940
v 2.295414 -1.836211 3.628131
v 2.358809 -1.864318 3.485365
v 2.422883 -1.878631 3.342578
v 2.489042 -1.885681 3.202921
v 2.548469 -1.867649 3.060626
v 2.603652 -1.832284 2.923552
v 2.659417 -1.789296 2.791969
v 2.714932 -1.737859 2.665268
v 2.767615 -1.675516 2.543899
v 2.814426 -1.598701 2.429850
v 2.858834 -1.512475 2.322510
v 2.901587 -1.416533 2.222898
v 2.935490 -1.308356 2.134948
v 2.969642 -1.195331 2.052801
v 3.002389 -1.075998 1.977128
v 3.031944 -0.950094 1.907999
v 3.045267 -0.814142 1.861818
v 3.053285 -0.674807 1.825166
v 3.060106 -0.533488 1.794212
v 3.057641 -0.390155 1.779366
v 3.139283 -0.295021 1.874822
v 3.133016 -0.156380 1.870903
v 3.117796 -0.017040 1.878707
v 3.096336 0.118932 1.900257
v 3.070050 0.252705 1.929756
v 3.039159 0.382161 1.969781
v 3.004757 0.508754 2.019472
v 2.962794 0.626746 2.082175
v 2.917403 0.738392 2.153562
v 2.868022 0.841736 2.235543
v 2.817299 0.938357 2.323951
v 2.770703 1.031272 2.417115
v 2.719031 1.109625 2.520279
v 2.659389 1.170527 2.635907
v 2.597704 1.219125 2.759063
v 2.539433 1.265174 2.889316
v 2.476231 1.290497 3.029215
v 2.410433 1.297865 3.174004
v 2.344565 1.292602 3.324871
v 2.279764 1.273532 3.480455
v 2.215219 1.233445 3.635630
v 2.153215 1.167861 3.784989
v 2.095374 1.084917 3.928164
v 2.044145 0.993477 4.069268
v 1.999363 0.884663 4.201480
v 1.960259 0.755593 4.315689
v 1.927374 0.613791 4.414789
v 1.902937 0.465435 4.505177
v 1.884773 0.309337 4.584804
v 1.874864 0.143915 4.638670
v 1.873098 -0.025380 4.676445
v 1.878894 -0.194535 4.709101
v 1.891283 -0.363330 4.718027
v 1.910312 -0.528827 4.708727
v 1.934950 -0.688082 4.677656
v 1.964809 -0.839631 4.630728
v 2.000104 -0.983713 4.572609
v 2.039637 -1.118218 4.501354
v 2.084350 -1.245612 4.421388
v 2.132317 -1.360457 4.325218
v 2.184965 -1.466287 4.222629
v 2.241069 -1.559812 4.109784
v 2.296882 -1.634598 3.984274
v 2.355506 -1.697807 3.855108
v 2.415072 -1.743780 3.719100
v 2.473364 -1.774408 3.579956
v 2.533671 -1.795507 3.441573
v 2.592953 -1.801746 3.303925
v 2.650151 -1.793520 3.167183
v 2.705992 -1.771901 3.033910
v 2.760212 -1.737264 2.905111
v 2.811718 -1.691499 2.780792
v 2.855018 -1.629855 2.663011
v 2.898124 -1.559937 2.551537
v 2.940510 -1.481778 2.445977
v 2.985396 -1.397629 2.345535
v 3.020795 -1.300157 2.255389
v 3.053535 -1.194833 2.173401
v 3.082833 -1.081677 2.099023
v 3.111294 -0.963542 2.031078
v 3.131887 -0.838835 1.976463
v 3.143459 -0.706920 1.934188
v 3.145585 -0.570493 1.905007
v 3.145037 -0.433322 1.884656
v 3.211348 -0.342688 1.976879
v 3.204313 -0.209773 1.970272
v 3.191468 -0.076361 1.974268
v 3.176448 0.056045 1.986691
v 3.153769 0.186527 2.010782
v 3.128051 0.314282 2.043847
v 3.095741 0.437507 2.087957
v 3.060418 0.556494 2.141804
v 3.017097 0.665516 2.208190
v 2.968756 0.765516 2.284210
v 2.919750 0.859408 2.367161
v 2.874061 0.949526 2.455492
v 2.830955 1.034665 2.550478
v 2.779456 1.104618 2.657859
v 2.720534 1.154503 2.775474
v 2.661639 1.194023 2.899759
v 2.605065 1.226901 3.032068
v 2.546475 1.245092 3.171074
v 2.487110 1.248084 3.315675
v 2.424622 1.228549 3.462195
v 2.365235 1.194611 3.609663
v 2.310371 1.145730 3.757796
v 2.254337 1.068201 3.891809
v 2.205684 0.982598 4.024534
v 2.162806 0.882654 4.148638
v 2.126556 0.769353 4.263796
v 2.095484 0.642659 4.365741
v 2.070916 0.505689 4.454114
v 2.054601 0.363253 4.535340
v 2.044692 0.213463 4.602988
v 2.041708 0.055751 4.650961
v 2.044865 -0.104408 4.679332
v 2.054137 -0.264627 4.698160
v 2.069399 -0.422977 4.698313
v 2.090769 -0.577948 4.677989
v 2.115975 -0.726385 4.641087
v 2.145869 -0.868126 4.591299
v 2.180104 -1.002763 4.529447
v 2.218225 -1.127414 4.453006
v 2.260957 -1.243119 4.366066
v 2.308391 -1.350146 4.271586
v 2.359716 -1.447168 4.168228
v 2.410738 -1.526366 4.050710
v 2.464792 -1.594387 3.929375
v 2.520203 -1.645823 3.799676
v 2.574804 -1.683224 3.666611
v 2.628366 -1.705237 3.531386
v 2.681908 -1.714980 3.397636
v 2.737728 -1.715853 3.266677
v 2.789275 -1.700293 3.138272
v 2.843011 -1.675440 3.013739
v 2.885916 -1.632604 2.892951
v 2.925193 -1.578031 2.777628
v 2.967565 -1.517952 2.668377
v 3.007243 -1.447819 2.564839
v 3.047933 -1.370893 2.466924
v 3.085970 -1.284563 2.375775
v 3.121971 -1.189736 2.291993
v 3.150356 -1.085340 2.217255
v 3.174100 -0.972987 2.151969
v 3.196806 -0.856874 2.094474
v 3.212906 -0.733954 2.047739
v 3.218113 -0.605433 2.013351
v 3.218744 -0.475021 1.989364
v 3.273276 -0.387614 2.074226
v 3.265285 -0.260554 2.065327
v 3.257543 -0.132502 2.063063
v 3.244421 -0.004513 2.070680
v 3.229380 0.123313 2.086863
v 3.202166 0.246125 2.116716
v 3.175236 0.367355 2.153769
v 3.145176 0.485157 2.200241
v 3.108316 0.594719 2.258180
v 3.060148 0.692279 2.329393
v 3.013690 0.784857 2.406285
v 2.967149 0.871402 2.489700
v 2.925823 0.955419 2.579014
v 2.883499 1.031341 2.677705
v 2.830359 1.087701 2.788451
v 2.773681 1.128654 2.906233
v 2.718969 1.162100 3.030898
v 2.665905 1.185644 3.162481
v 2.610397 1.192049 3.298779
v 2.551862 1.175056 3.436864
v 2.496444 1.146803 3.575780
v 2.448879 1.111744 3.716878
v 2.396528 1.048036 3.849596
v 2.348547 0.967960 3.972696
v 2.308003 0.878984 4.092292
v 2.273497 0.776984 4.203724
v 2.244393 0.663630 4.304298
v 2.220953 0.539730 4.393855
v 2.204611 0.409387 4.475407
v 2.194833 0.271545 4.545187
v 2.191267 0.127657 4.598916
v 2.191364 -0.022689 4.631940
v 2.197284 -0.173293 4.653870
v 2.210940 -0.323200 4.667103
v 2.227663 -0.471560 4.656605
v 2.249115 -0.615315 4.630105
v 2.274889 -0.754188 4.589761
v 2.304277 -0.886241 4.536386
v 2.338229 -1.011502 4.471550
v 2.375304 -1.127179 4.393031
v 2.418638 -1.236416 4.308862
v 2.464168 -1.333915 4.211992
v 2.510571 -1.416949 4.103815
v 2.557077 -1.483758 3.985735
v 2.610660 -1.544252 3.867586
v 2.661903 -1.587538 3.740858
v 2.711476 -1.617287 3.612107
v 2.759478 -1.630278 3.483190
v 2.805444 -1.630090 3.356074
v 2.853972 -1.622494 3.232877
v 2.900063 -1.601194 3.112436
v 2.943238 -1.568717 2.996545
v 2.979884 -1.521913 2.884614
v 3.018773 -1.469313 2.778154
v 3.060854 -1.411755 2.676091
v 3.102125 -1.345147 2.580046
v 3.137137 -1.265035 2.490704
v 3.171476 -1.178311 2.407545
v 3.202312 -1.083470 2.331921
v 3.229075 -0.981269 2.264391
v 3.250632 -0.872537 2.206314
v 3.265118 -0.756632 2.158554
v 3.277514 -0.637072 2.118544
v 3.277361 -0.513442 2.091828
v 3.326125 -0.429063 2.168464
v 3.319539 -0.307833 2.155245
v 3.312137 -0.185565 2.149705
v 3.302159 -0.062287 2.152350
v 3.291307 0.061716 2.162557
v 3.267500 0.180956 2.186953
v 3.244725 0.299613 2.217982
v 3.214589 0.412644 2.260112
v 3.184453 0.523050 2.309866
v 3.144650 0.623761 2.372929
v 3.092154 0.708090 2.445984
v 3.047573 0.793187 2.523423
v 3.008268 0.875937 2.606761
v 2.967454 0.950329 2.699227
v 2.923842 1.014182 2.801213
v 2.870585 1.057690 2.911835
v 2.816482 1.089045 3.028239
v 2.769962 1.118606 3.152198
v 2.718810 1.129007 3.280408
v 2.664444 1.119229 3.410128
v 2.610895 1.095616 3.539405
v 2.563434 1.063610 3.670136
v 2.520106 1.018454 3.799621
v 2.476674 0.951465 3.920630
v 2.439683 0.875010 4.036874
v 2.405911 0.782392 4.143569
v 2.377111 0.678675 4.240099
v 2.356393 0.569644 4.332883
v 2.340009 0.450402 4.412732
v 2.329096 0.322424 4.480220
v 2.324366 0.189190 4.536379
v 2.321742 0.050088 4.574389
v 2.325003 -0.090396 4.600868
v 2.335411 -0.231048 4.619641
v 2.349468 -0.372339 4.618457
v 2.366558 -0.510377 4.600647
v 2.389922 -0.645686 4.573537
v 2.415225 -0.775073 4.529523
v 2.444918 -0.898339 4.474798
v 2.478599 -1.015414 4.408425
v 2.516284 -1.123723 4.331845
v 2.557693 -1.222774 4.244622
v 2.600494 -1.310676 4.147177
v 2.640671 -1.378759 4.034443
v 2.686810 -1.439987 3.921530
v 2.732271 -1.485662 3.801428
v 2.777919 -1.520051 3.679664
v 2.822472 -1.540513 3.557970
v 2.870800 -1.551516 3.438665
v 2.908151 -1.543463 3.318189
v 2.947836 -1.526920 3.202270
v 2.987660 -1.501084 3.090485
v 3.022325 -1.462880 2.982848
v 3.057766 -1.417171 2.879725
v 3.096925 -1.366295 2.781146
v 3.139380 -1.309672 2.687268
v 3.177895 -1.241761 2.598929
v 3.212657 -1.164122 2.516284
v 3.243804 -1.078048 2.440978
v 3.270755 -0.984309 2.373462
v 3.293094 -0.883285 2.313917
v 3.308820 -0.776084 2.264204
v 3.323293 -0.665292 2.221597
v 3.326007 -0.548199 2.191101
v 3.367001 -0.465986 2.262494
v 3.363387 -0.351005 2.245362
v 3.362348 -0.234552 2.233860
v 3.353907 -0.116461 2.232573
v 3.340147 0.001287 2.241117
v 3.323535 0.118111 2.258028
v 3.300947 0.231957 2.285082
v 3.275983 0.342856 2.320273
v 3.248790 0.450092 2.364280
v 3.213336 0.549196 2.419199
v 3.167037 0.636811 2.485060
v 3.121390 0.718318 2.557188
v 3.082078 0.798319 2.634765
v 3.046534 0.874511 2.718990
v 3.005055 0.938294 2.813685
v 2.955433 0.983367 2.917063
v 2.905949 1.018994 3.025753
v 2.857691 1.044027 3.140523
v 2.811067 1.058680 3.260043
v 2.761777 1.057274 3.381197
v 2.711296 1.039464 3.501866
v 2.666604 1.013046 3.623858
v 2.628332 0.977460 3.746370
v 2.591548 0.925428 3.864740
v 2.557949 0.860295 3.976955
v 2.527252 0.781630 4.082653
v 2.501008 0.692169 4.180582
v 2.479576 0.591730 4.267473
v 2.463434 0.482504 4.345466
v 2.452929 0.366624 4.414795
v 2.444218 0.241852 4.467014
v 2.441164 0.114316 4.510799
v 2.442909 -0.015993 4.544266
v 2.449017 -0.148490 4.563081
v 2.460201 -0.281639 4.569513
v 2.474666 -0.413444 4.561308
v 2.493820 -0.542876 4.542231
v 2.516602 -0.669566 4.510876
v 2.541302 -0.789884 4.462797
v 2.571778 -0.905125 4.406825
v 2.605584 -1.013247 4.340369
v 2.641959 -1.112062 4.261822
v 2.681001 -1.201024 4.173172
v 2.719724 -1.277209 4.074080
v 2.758786 -1.338852 3.966928
v 2.796131 -1.384992 3.851847
v 2.837222 -1.423292 3.737527
v 2.877253 -1.448505 3.622307
v 2.917977 -1.462479 3.507870
v 2.955204 -1.463213 3.394485
v 2.992376 -1.453483 3.284397
v 3.026979 -1.433063 3.177036
v 3.059753 -1.402601 3.073478
v 3.093691 -1.364723 2.974129
v 3.129422 -1.320377 2.878832
v 3.167674 -1.269599 2.788022
v 3.205753 -1.210483 2.701726
v 3.240937 -1.142441 2.620825
v 3.277624 -1.068631 2.544806
v 3.302927 -0.981740 2.478066
v 3.325903 -0.888817 2.418382
v 3.343859 -0.790231 2.367174
v 3.355755 -0.686015 2.323985
v 3.365402 -0.578193 2.288572
v 3.405198 -0.498471 2.354924
v 3.403764 -0.389191 2.334310
v 3.402179 -0.278518 2.320440
v 3.400628 -0.166474 2.313411
v 3.385899 -0.054271 2.319491
v 3.372305 0.058157 2.331734
v 3.354156 0.168791 2.352792
v 3.329622 0.275137 2.383579
v 3.308197 0.380079 2.420141
v 3.274439 0.477394 2.469369
v 3.236201 0.567484 2.527398
v 3.192340 0.647731 2.592718
v 3.150626 0.722611 2.665372
v 3.108912 0.791069 2.744521
v 3.072529 0.855517 2.831315
v 3.030905 0.905914 2.925130
v 2.982903 0.941985 3.026085
v 2.933620 0.965861 3.130267
v 2.893249 0.986012 3.240619
v 2.845767 0.987709 3.352404
v 2.802944 0.980299 3.466315
v 2.763772 0.963535 3.581265
v 2.727071 0.932644 3.694726
v 2.696637 0.893685 3.808962
v 2.664312 0.835733 3.913760
v 2.638518 0.770163 4.016807
v 2.613603 0.690839 4.110497
v 2.596360 0.606413 4.201536
v 2.580337 0.507189 4.277479
v 2.567637 0.400112 4.342682
v 2.559085 0.287386 4.398439
v 2.553871 0.169931 4.442840
v 2.552423 0.048416 4.476065
v 2.557437 -0.074502 4.502545
v 2.565809 -0.199174 4.515279
v 2.578391 -0.324328 4.516990
v 2.591195 -0.447470 4.499512
v 2.611034 -0.569065 4.476917
v 2.634315 -0.687199 4.442328
v 2.657609 -0.797869 4.390691
v 2.686901 -0.903789 4.333098
v 2.720832 -1.003365 4.266670
v 2.756058 -1.092756 4.187984
v 2.791186 -1.170486 4.099058
v 2.825824 -1.234491 3.999924
v 2.862497 -1.288094 3.895978
v 2.895299 -1.327766 3.787232
v 2.929818 -1.356393 3.678584
v 2.963666 -1.372721 3.569638
v 2.995734 -1.377928 3.462202
v 3.027858 -1.373400 3.357494
v 3.061373 -1.360720 3.256102
v 3.092625 -1.337876 3.157467
v 3.122235 -1.306085 3.061921
v 3.153721 -1.267673 2.970238
v 3.189515 -1.224007 2.882848
v 3.227877 -1.173747 2.799738
v 3.262965 -1.114555 2.721303
v 3.294874 -1.046444 2.647790
v 3.325855 -0.971110 2.580697
v 3.348651 -0.886754 2.521318
v 3.368629 -0.797107 2.468635
v 3.383593 -0.701553 2.423742
v 3.392740 -0.601208 2.386723
v 3.432820 -0.522967 2.449772
v 3.439932 -0.421400 2.424545
v 3.443588 -0.317168 2.405606
v 3.440576 -0.210961 2.397248
v 3.437550 -0.103836 2.395261
v 3.421291 0.003881 2.406216
v 3.401458 0.108961 2.424434
v 3.379279 0.211489 2.450194
v 3.357217 0.311953 2.482816
v 3.333610 0.410210 2.522786
v 3.295172 0.496339 2.576272
v 3.249122 0.571744 2.635153
v 3.207581 0.644139 2.700314
v 3.167293 0.710680 2.772220
v 3.129388 0.771042 2.851043
v 3.093788 0.824016 2.937000
v 3.050363 0.861922 3.028357
v 3.001891 0.886532 3.123169
v 2.961637 0.906690 3.223577
v 2.921647 0.915533 3.326602
v 2.882987 0.913656 3.431408
v 2.846986 0.901240 3.536919
v 2.820588 0.884815 3.645574
v 2.792059 0.852089 3.751044
v 2.766597 0.808159 3.853966
v 2.741509 0.749458 3.949574
v 2.720665 0.682821 4.041153
v 2.704600 0.608018 4.128176
v 2.691249 0.522449 4.206100
v 2.678529 0.426194 4.270970
v 2.668751 0.323874 4.326007
v 2.661141 0.215549 4.369799
v 2.658371 0.104263 4.406147
v 2.660469 -0.009571 4.434579
v 2.667858 -0.125324 4.455180
v 2.677116 -0.242248 4.461530
v 2.688583 -0.359544 4.453816
v 2.702807 -0.475086 4.434662
v 2.720423 -0.587499 4.405371
v 2.742859 -0.696020 4.367465
v 2.767324 -0.799136 4.318244
v 2.796262 -0.895964 4.259704
v 2.828614 -0.985140 4.191052
v 2.857719 -1.062177 4.109971
v 2.888153 -1.128771 4.020781
v 2.918967 -1.184467 3.925380
v 2.946818 -1.226700 3.825104
v 2.978118 -1.259959 3.724980
v 3.006523 -1.280200 3.622833
v 3.036216 -1.291474 3.522661
v 3.064164 -1.291993 3.424005
v 3.094453 -1.285248 3.328431
v 3.121999 -1.268269 3.234588
v 3.150522 -1.243894 3.143736
v 3.177480 -1.211341 3.056007
v 3.208378 -1.173436 2.972052
v 3.240356 -1.128688 2.891948
v 3.273400 -1.077072 2.816503
v 3.305725 -1.017838 2.746037
v 3.336858 -0.951361 2.681049
v 3.365769 -0.877738 2.621587
v 3.385137 -0.796435 2.569250
v 3.406209 -0.710860 2.522903
v 3.420931 -0.619156 2.482470
v 3.453871 -0.540579 2.545776
v 3.462541 -0.446048 2.519822
v 3.464535 -0.348798 2.500073
v 3.468746 -0.249749 2.486847
v 3.469985 -0.148420 2.480517
v 3.459335 -0.046379 2.486341
v 3.443505 0.053977 2.499325
v 3.422911 0.151750 2.521110
v 3.402629 0.247580 2.549487
v 3.372804 0.338157 2.586001
v 3.342889 0.424905 2.630008
v 3.300122 0.498679 2.681506
v 3.260250 0.569151 2.739258
v 3.222774 0.634914 2.803595
v 3.181835 0.690106 2.874892
v 3.140093 0.737395 2.950773
v 3.106031 0.780384 3.033924
v 3.065750 0.809433 3.120746
v 3.026272 0.829078 3.211127
v 2.988200 0.839901 3.303945
v 2.953778 0.842429 3.399270
v 2.926550 0.839424 3.497206
v 2.904149 0.827769 3.596561
v 2.878604 0.801795 3.694359
v 2.858072 0.767698 3.790695
v 2.834909 0.718062 3.880030
v 2.817847 0.662529 3.968389
v 2.802778 0.596674 4.050218
v 2.793838 0.525695 4.128993
v 2.784324 0.443486 4.198454
v 2.772905 0.349921 4.251318
v 2.765032 0.252083 4.296799
v 2.761355 0.151171 4.335854
v 2.760448 0.045963 4.365027
v 2.764561 -0.060932 4.387360
v 2.772261 -0.169798 4.399991
v 2.783507 -0.279721 4.401770
v 2.791367 -0.388864 4.385310
v 2.804399 -0.495635 4.361946
v 2.823635 -0.599650 4.333237
v 2.842152 -0.697952 4.289299
v 2.866638 -0.791685 4.239566
v 2.895015 -0.879504 4.181219
v 2.919002 -0.955675 4.109147
v 2.944886 -1.022914 4.029520
v 2.971533 -1.080188 3.944319
v 2.997244 -1.126486 3.854007
v 3.025414 -1.163658 3.762747
v 3.049027 -1.187216 3.667823
v 3.073900 -1.202124 3.574437
v 3.100664 -1.209015 3.483017
v 3.127490 -1.207505 3.393315
v 3.153077 -1.196834 3.304942
v 3.176593 -1.177279 3.218515
v 3.197021 -1.149255 3.134658
v 3.222933 -1.116958 3.054421
v 3.248984 -1.077667 2.977703
v 3.280131 -1.033529 2.905838
v 3.309596 -0.981656 2.838288
v 3.343548 -0.924992 2.776651
v 3.370297 -0.859761 2.718318
v 3.394395 -0.788243 2.666556
v 3.414027 -0.710168 2.620472
v 3.436096 -0.628366 2.580163
v 3.454785 -0.547944 2.641876
v 3.466350 -0.462046 2.614420
v 3.475816 -0.373306 2.593175
v 3.480067 -0.281155 2.577962
v 3.480829 -0.187428 2.570885
v 3.477505 -0.092176 2.572332
v 3.467174 0.001764 2.581285
v 3.454128 0.095845 2.597517
v 3.431269 0.185719 2.620216
v 3.403917 0.271623 2.650678
v 3.373227 0.352445 2.688341
v 3.341858 0.427807 2.732188
v 3.308308 0.499663 2.782115
v 3.260895 0.556343 2.839237
v 3.220073 0.609077 2.901316
v 3.181164 0.655212 2.968576
v 3.151810 0.697862 3.042718
v 3.118897 0.730665 3.122352
v 3.077044 0.748745 3.200927
v 3.039076 0.759866 3.282936
v 3.006766 0.764824 3.368366
v 2.978734 0.762726 3.455942
v 2.963618 0.757712 3.547008
v 2.950682 0.744237 3.639446
v 2.933281 0.715527 3.726641
v 2.921426 0.681019 3.813269
v 2.906960 0.634451 3.897113
v 2.894828 0.578750 3.976193
v 2.885147 0.515520 4.049644
v 2.877052 0.443989 4.116972
v 2.870564 0.364848 4.176330
v 2.861368 0.276696 4.220676
v 2.854298 0.184620 4.257799
v 2.852525 0.089667 4.290075
v 2.856272 -0.007535 4.317511
v 2.864186 -0.107292 4.338451
v 2.868618 -0.210329 4.338500
v 2.878008 -0.312855 4.333368
v 2.887377 -0.413789 4.315738
v 2.898193 -0.511130 4.288046
v 2.913656 -0.605072 4.253298
v 2.933364 -0.694726 4.211432
v 2.955668 -0.778445 4.160231
v 2.976311 -0.853882 4.098192
v 2.997251 -0.920615 4.027719
v 3.021377 -0.979489 3.953016
v 3.046783 -1.029845 3.873909
v 3.068257 -1.067412 3.789351
v 3.089488 -1.095214 3.703305
v 3.110026 -1.113329 3.617031
v 3.133314 -1.124070 3.532363
v 3.158264 -1.127650 3.449246
v 3.179869 -1.121147 3.366198
v 3.200684 -1.107125 3.284826
v 3.218619 -1.084917 3.205400
v 3.234761 -1.056035 3.128592
v 3.256864 -1.022651 3.055619
v 3.282223 -0.984025 2.986753
v 3.308314 -0.939278 2.922125
v 3.336069 -0.888887 2.862434
v 3.367472 -0.833925 2.808380
v 3.394568 -0.771402 2.758426
v 3.413660 -0.700902 2.713921
v 3.435618 -0.627142 2.674921
v 3.439433 -0.546974 2.729460
v 3.454910 -0.469688 2.702807
v 3.459543 -0.389069 2.680281
v 3.463164 -0.305333 2.664299
v 3.469597 -0.219663 2.656757
v 3.474223 -0.132641 2.657201
v 3.470401 -0.044883 2.664485
v 3.463663 0.042085 2.678169
v 3.440320 0.127351 2.694095
v 3.418341 0.208548 2.718228
v 3.390060 0.286000 2.747886
v 3.360783 0.358014 2.785030
v 3.332316 0.426215 2.831294
v 3.289943 0.484234 2.879254
v 3.249365 0.533681 2.931363
v 3.215420 0.579402 2.990292
v 3.183186 0.617405 3.054664
v 3.153783 0.649438 3.124069
v 3.124243 0.673749 3.197070
v 3.088539 0.685273 3.269128
v 3.055647 0.690587 3.344018
v 3.028814 0.690451 3.421637
v 3.011848 0.686093 3.502289
v 3.001614 0.675516 3.584568
v 2.995610 0.657524 3.666660
v 2.984537 0.628382 3.746758
v 2.981961 0.596007 3.826925
v 2.973416 0.550295 3.903505
v 2.964061 0.494906 3.972343
v 2.955862 0.432108 4.035163
v 2.951209 0.364255 4.093178
v 2.946465 0.288742 4.142932
v 2.940718 0.207793 4.184127
v 2.937505 0.122109 4.217172
v 2.938447 0.033200 4.244261
v 2.948127 -0.056095 4.272230
v 2.955585 -0.152619 4.282963
v 2.960522 -0.249270 4.278649
v 2.961977 -0.342825 4.261414
v 2.969566 -0.434317 4.239878
v 2.981186 -0.523017 4.211944
v 2.994010 -0.607222 4.174108
v 3.009612 -0.686568 4.129263
v 3.030303 -0.760898 4.079447
v 3.046305 -0.826281 4.016945
v 3.064815 -0.884136 3.949969
v 3.088394 -0.935524 3.881090
v 3.108842 -0.976214 3.806185
v 3.129561 -1.007998 3.729550
v 3.146769 -1.028862 3.650532
v 3.164039 -1.040482 3.571570
v 3.182043 -1.045336 3.493647
v 3.201418 -1.043182 3.416741
v 3.219429 -1.033453 3.340660
v 3.234677 -1.016550 3.265970
v 3.248658 -0.993096 3.193559
v 3.262556 -0.963742 3.124104
v 3.283039 -0.930573 3.058542
v 3.307200 -0.892633 2.997611
v 3.330654 -0.848509 2.940718
v 3.352466 -0.799004 2.887952
v 3.377970 -0.744327 2.841183
v 3.399256 -0.683381 2.798374
v 3.417780 -0.617344 2.760621
v 3.415266 -0.539342 2.807522
v 3.427800 -0.471106 2.781436
v 3.438505 -0.398697 2.761064
v 3.445070 -0.322667 2.745379
v 3.449537 -0.244360 2.736115
v 3.450174 -0.164337 2.733178
v 3.446635 -0.083865 2.736294
v 3.440881 -0.003627 2.745857
v 3.429427 0.075788 2.760676
v 3.409180 0.151263 2.781222
v 3.384645 0.223331 2.806345
v 3.357244 0.291134 2.837339
v 3.326540 0.354011 2.873909
v 3.292298 0.410296 2.915630
v 3.258339 0.459856 2.961949
v 3.223252 0.502710 3.011142
v 3.191350 0.538848 3.065549
v 3.169122 0.569243 3.126943
v 3.146443 0.592751 3.191758
v 3.122802 0.608342 3.257204
v 3.102589 0.622025 3.327780
v 3.075874 0.623167 3.395849
v 3.056388 0.618436 3.465374
v 3.047372 0.609058 3.538429
v 3.041195 0.592816 3.612592
v 3.035801 0.570029 3.686028
v 3.036105 0.542794 3.758827
v 3.034610 0.508553 3.831280
v 3.028973 0.462193 3.897826
v 3.022305 0.409430 3.958265
v 3.018323 0.351428 4.014092
v 3.015961 0.287529 4.065445
v 3.009951 0.216387 4.104971
v 3.008947 0.140928 4.140509
v 3.010484 0.060991 4.169080
v 3.019278 -0.021186 4.195463
v 3.029243 -0.108477 4.213613
v 3.030974 -0.197391 4.214097
v 3.032844 -0.285257 4.206217
v 3.036417 -0.370314 4.188165
v 3.041382 -0.452630 4.162882
v 3.049048 -0.531664 4.130551
v 3.060231 -0.606812 4.092216
v 3.076310 -0.677737 4.048944
v 3.091877 -0.742125 3.997133
v 3.108524 -0.799565 3.939472
v 3.125891 -0.849686 3.877122
v 3.143182 -0.890957 3.811033
v 3.161352 -0.923365 3.742160
v 3.171857 -0.944256 3.670254
v 3.185513 -0.957898 3.598486
v 3.201439 -0.964996 3.527225
v 3.219374 -0.965827 3.456634
v 3.233888 -0.958764 3.385698
v 3.246498 -0.945745 3.316036
v 3.259696 -0.927194 3.248471
v 3.273324 -0.903380 3.183511
v 3.287340 -0.874629 3.121542
v 3.303038 -0.841134 3.063340
v 3.320322 -0.802847 3.009078
v 3.337530 -0.759637 2.958736
v 3.359239 -0.712169 2.914058
v 3.380407 -0.659651 2.873971
v 3.400808 -0.602307 2.838641
v 3.329774 -0.481708 3.017554
v 3.321354 -0.497250 3.043730
v 3.310267 -0.517986 3.078263
v 3.298835 -0.540493 3.116231
v 3.293239 -0.562649 3.157426
v 3.286695 -0.583868 3.199833
v 3.279902 -0.603469 3.243409
v 3.272590 -0.620929 3.288247
v 3.269114 -0.636084 3.335266
v 3.266593 -0.648789 3.384140
v 3.264011 -0.658952 3.434551
v 3.261372 -0.666597 3.486203
v 3.253748 -0.672148 3.538415
v 3.247031 -0.676075 3.590572
v 3.241000 -0.679483 3.641108
v 3.235550 -0.682734 3.686444
v 3.230079 -0.685647 3.718851
v 3.327073 -0.450357 3.016114
v 3.312116 -0.458433 3.057309
v 3.298260 -0.472640 3.098310
v 3.285068 -0.489912 3.139207
v 3.278206 -0.507812 3.181822
v 3.272625 -0.525428 3.224588
v 3.266856 -0.542273 3.267528
v 3.265513 -0.556962 3.311798
v 3.264149 -0.570221 3.357279
v 3.261670 -0.581815 3.404014
v 3.258879 -0.591577 3.452140
v 3.257321 -0.599641 3.501735
v 3.257681 -0.606709 3.552500
v 3.255811 -0.613993 3.603770
v 3.249697 -0.623312 3.654126
v 3.242392 -0.636109 3.700833
v 3.229872 -0.655926 3.739348
v 3.325218 -0.405074 3.011647
v 3.305925 -0.412147 3.061353
v 3.289971 -0.423474 3.108302
v 3.275173 -0.437730 3.152835
v 3.264024 -0.453352 3.196620
v 3.257771 -0.468720 3.240404
v 3.254198 -0.483289 3.284355
v 3.255077 -0.496279 3.328708
v 3.255749 -0.508149 3.373780
v 3.253741 -0.519092 3.419802
v 3.252993 -0.528453 3.467257
v 3.254835 -0.536898 3.516270
v 3.255902 -0.545468 3.566972
v 3.254053 -0.555325 3.618866
v 3.252252 -0.568374 3.671237
v 3.243534 -0.587137 3.722272
v 3.228023 -0.614264 3.767504
v 3.325723 -0.352835 3.006489
v 3.300780 -0.361311 3.059525
v 3.284085 -0.371922 3.111058
v 3.267978 -0.384807 3.158831
v 3.253028 -0.399227 3.203821
v 3.244815 -0.413735 3.248977
v 3.244607 -0.426639 3.294590
v 3.245335 -0.438878 3.339946
v 3.245722 -0.450257 3.385725
v 3.245480 -0.460738 3.432260
v 3.249088 -0.469481 3.480206
v 3.252529 -0.478507 3.529967
v 3.254170 -0.488125 3.581916
v 3.253720 -0.499468 3.635582
v 3.253603 -0.514707 3.690792
v 3.239504 -0.536186 3.745719
v 3.222663 -0.566365 3.797391
v 3.323057 -0.297069 2.999425
v 3.291432 -0.308302 3.052593
v 3.270277 -0.320207 3.106017
v 3.256200 -0.332372 3.157599
v 3.243777 -0.346047 3.205975
v 3.234629 -0.360287 3.252737
v 3.234214 -0.372765 3.299846
v 3.233736 -0.384927 3.346746
v 3.233099 -0.396452 3.393959
v 3.232240 -0.407225 3.441968
v 3.235349 -0.416394 3.491521
v 3.239068 -0.425204 3.542854
v 3.243763 -0.434312 3.596423
v 3.247121 -0.445429 3.652630
v 3.245141 -0.460911 3.711795
v 3.232662 -0.483605 3.769900
v 3.217643 -0.514824 3.827056
v 3.318348 -0.239359 2.992965
v 3.285837 -0.253159 3.047760
v 3.257390 -0.267455 3.099300
v 3.240931 -0.281263 3.152710
v 3.228965 -0.295139 3.203406
v 3.218986 -0.309622 3.252059
v 3.218502 -0.322076 3.301459
v 3.221901 -0.333315 3.350597
v 3.221154 -0.344925 3.399720
v 3.220219 -0.355956 3.449668
v 3.222172 -0.365627 3.501112
v 3.226423 -0.374377 3.554356
v 3.231513 -0.383348 3.609864
v 3.236935 -0.393874 3.667955
v 3.228902 -0.410287 3.728255
v 3.219263 -0.431502 3.790619
v 3.210413 -0.460545 3.853481
v 3.313328 -0.180511 2.989752
v 3.279252 -0.197340 3.044429
v 3.250625 -0.213498 3.097237
v 3.227199 -0.229792 3.148645
v 3.214984 -0.244236 3.200656
v 3.205144 -0.259041 3.251172
v 3.198358 -0.273821 3.301584
v 3.201917 -0.284768 3.352411
v 3.205338 -0.295414 3.403646
v 3.208565 -0.305853 3.455817
v 3.209299 -0.315932 3.509027
v 3.214270 -0.324522 3.564112
v 3.219686 -0.333205 3.621532
v 3.225613 -0.343121 3.681617
v 3.224097 -0.357746 3.745019
v 3.215489 -0.377340 3.810160
v 3.204126 -0.403939 3.876588
v 3.307089 -0.121428 2.990465
v 3.271676 -0.141257 3.044027
v 3.242959 -0.159301 3.096967
v 3.216390 -0.176968 3.146713
v 3.200684 -0.193230 3.198835
v 3.191197 -0.208242 3.250486
v 3.182286 -0.223563 3.301300
v 3.181738 -0.236497 3.353755
v 3.185256 -0.247438 3.406562
v 3.189065 -0.257734 3.460311
v 3.196356 -0.266165 3.515051
v 3.203260 -0.274240 3.571688
v 3.208766 -0.282581 3.630700
v 3.214610 -0.291700 3.692420
v 3.215254 -0.304199 3.757546
v 3.211985 -0.321389 3.825706
v 3.198718 -0.345008 3.894932
v 3.297512 -0.062867 2.994398
v 3.262390 -0.085478 3.047088
v 3.234061 -0.105326 3.099743
v 3.207346 -0.124124 3.149421
v 3.186038 -0.142070 3.199369
v 3.176787 -0.157159 3.251248
v 3.167723 -0.172600 3.302796
v 3.161297 -0.187618 3.355472
v 3.166587 -0.197942 3.409110
v 3.173124 -0.207553 3.463711
v 3.180672 -0.216141 3.519635
v 3.190429 -0.223320 3.577048
v 3.197464 -0.231033 3.637022
v 3.203011 -0.239397 3.699857
v 3.203142 -0.250340 3.765814
v 3.204901 -0.263711 3.835172
v 3.191945 -0.284327 3.907251
v 3.285255 -0.005293 3.002327
v 3.251061 -0.030422 3.053777
v 3.223439 -0.051835 3.105594
v 3.196578 -0.071497 3.154434
v 3.171788 -0.090181 3.202014
v 3.159946 -0.105975 3.253049
v 3.150861 -0.121104 3.304721
v 3.143653 -0.135838 3.357750
v 3.150030 -0.146083 3.411347
v 3.156643 -0.155848 3.466287
v 3.164295 -0.164605 3.522675
v 3.174142 -0.171879 3.580538
v 3.184065 -0.178540 3.640526
v 3.191149 -0.185946 3.703596
v 3.191779 -0.195320 3.769997
v 3.193413 -0.206292 3.840178
v 3.185111 -0.222586 3.913919
v 3.270963 0.050877 3.014563
v 3.237800 0.023612 3.063984
v 3.209818 0.000876 3.113585
v 3.182853 -0.019229 3.160846
v 3.158437 -0.037591 3.207512
v 3.143653 -0.053418 3.256677
v 3.132642 -0.068479 3.307234
v 3.127019 -0.082111 3.360160
v 3.133106 -0.092254 3.413521
v 3.139477 -0.102148 3.468275
v 3.147129 -0.111128 3.524503
v 3.157031 -0.118650 3.582186
v 3.166996 -0.125547 3.641876
v 3.179356 -0.131216 3.703811
v 3.181254 -0.139149 3.770205
v 3.181828 -0.148218 3.840580
v 3.179149 -0.160045 3.915581
v 3.254503 0.105220 3.030337
v 3.223162 0.076525 3.077349
v 3.193988 0.052979 3.123467
v 3.167854 0.033185 3.169191
v 3.144269 0.015772 3.214790
v 3.129644 0.001137 3.262826
v 3.114971 -0.013371 3.310918
v 3.109701 -0.026062 3.363297
v 3.115656 -0.035891 3.416021
v 3.121750 -0.045919 3.470186
v 3.129138 -0.055322 3.525819
v 3.141111 -0.062544 3.582574
v 3.154344 -0.069055 3.640948
v 3.167647 -0.074831 3.701927
v 3.175458 -0.081289 3.767158
v 3.175056 -0.088645 3.836467
v 3.173083 -0.097072 3.910069
v 3.236588 0.157400 3.048944
v 3.207519 0.128259 3.092957
v 3.179931 0.105230 3.136672
v 3.152786 0.086488 3.179135
v 3.129353 0.070560 3.223238
v 3.115587 0.057875 3.270263
v 3.102361 0.045488 3.317725
v 3.092369 0.033505 3.367368
v 3.095775 0.023115 3.419490
v 3.101883 0.012794 3.472983
v 3.117547 0.005345 3.526774
v 3.129326 -0.002823 3.582366
v 3.142469 -0.010217 3.639439
v 3.155431 -0.016735 3.698950
v 3.165590 -0.022633 3.761992
v 3.169101 -0.028580 3.829674
v 3.164863 -0.034738 3.901413
v 3.217899 0.206949 3.068928
v 3.191558 0.178817 3.109202
v 3.165770 0.157756 3.150003
v 3.139976 0.141532 3.190547
v 3.117657 0.128418 3.233417
v 3.104764 0.117950 3.279376
v 3.091579 0.107614 3.325848
v 3.082355 0.097385 3.374605
v 3.076553 0.086646 3.424282
v 3.089848 0.077988 3.478059
v 3.107921 0.069571 3.529925
v 3.119126 0.059979 3.584138
v 3.130551 0.050786 3.639841
v 3.143133 0.042770 3.697343
v 3.153140 0.035893 3.757962
v 3.161407 0.031009 3.822396
v 3.156976 0.026400 3.890666
v 3.200220 0.253004 3.088975
v 3.176649 0.228049 3.124312
v 3.153022 0.211021 3.162100
v 3.128370 0.198813 3.200823
v 3.106432 0.189328 3.242765
v 3.093359 0.181552 3.288309
v 3.080098 0.173378 3.334642
v 3.075202 0.165661 3.384763
v 3.077799 0.156405 3.434745
v 3.080964 0.146502 3.487054
v 3.098670 0.136603 3.537632
v 3.109915 0.125272 3.590565
v 3.121369 0.113965 3.644570
v 3.132455 0.103282 3.699996
v 3.142988 0.094207 3.757193
v 3.151062 0.087817 3.816919
v 3.148500 0.084064 3.879393
v 3.186606 0.293493 3.108039
v 3.169302 0.275869 3.139311
v 3.146305 0.265666 3.173443
v 3.121265 0.259294 3.210185
v 3.097569 0.254750 3.250777
v 3.083948 0.249536 3.297547
v 3.077473 0.243933 3.347072
v 3.079226 0.236698 3.397283
v 3.081967 0.227918 3.448013
v 3.084696 0.217531 3.499720
v 3.090513 0.205257 3.552105
v 3.102326 0.192174 3.604261
v 3.114389 0.178170 3.657014
v 3.125046 0.163852 3.710438
v 3.134567 0.150482 3.763952
v 3.141312 0.139815 3.817320
v 3.139671 0.133985 3.869581
v 3.178726 0.322748 3.122359
v 3.164911 0.321859 3.147364
v 3.145051 0.321730 3.181579
v 3.120386 0.322339 3.218543
v 3.099785 0.322713 3.261718
v 3.085499 0.322141 3.310060
v 3.081310 0.316809 3.361628
v 3.083484 0.310152 3.413694
v 3.085361 0.301373 3.466516
v 3.085284 0.289952 3.519884
v 3.088456 0.275953 3.573654
v 3.098053 0.259880 3.627016
v 3.109445 0.242149 3.679990
v 3.119465 0.222911 3.732569
v 3.129242 0.203099 3.782731
v 3.131202 0.183613 3.829549
v 3.131417 0.168214 3.864297
v 3.343312 -0.494958 2.985832
v 3.349323 -0.453244 2.971186
v 3.353491 -0.402949 2.959816
v 3.356233 -0.346742 2.949907
v 3.357639 -0.286854 2.941909
v 3.355070 -0.224969 2.935566
v 3.351192 -0.162087 2.933094
v 3.344621 -0.099107 2.934465
v 3.334261 -0.036774 2.939672
v 3.321153 0.024315 2.949678
v 3.304977 0.083525 2.964089
v 3.286031 0.140270 2.982584
v 3.265333 0.194003 3.004757
v 3.243618 0.244006 3.029527
v 3.222199 0.289194 3.055841
v 3.201217 0.327642 3.082057
v 3.184958 0.356423 3.111169
v 3.366219 -0.511370 2.937692
v 3.376640 -0.460418 2.917423
v 3.385040 -0.403104 2.901787
v 3.388315 -0.341268 2.887952
v 3.389583 -0.276098 2.877821
v 3.387844 -0.209094 2.871402
v 3.383627 -0.141247 2.869539
v 3.378579 -0.073236 2.873528
v 3.369086 -0.006009 2.881962
v 3.354751 0.059418 2.894717
v 3.337488 0.122554 2.912770
v 3.316693 0.182571 2.935421
v 3.292845 0.238731 2.961720
v 3.268138 0.290387 2.992106
v 3.242191 0.336485 3.024624
v 3.215662 0.375806 3.058458
v 3.193026 0.407225 3.096641
v 3.420571 -0.539279 2.867704
v 3.433139 -0.477390 2.843108
v 3.443699 -0.410333 2.823739
v 3.452487 -0.339176 2.809329
v 3.454799 -0.264814 2.798727
v 3.453705 -0.188989 2.793174
v 3.450361 -0.112381 2.793644
v 3.443796 -0.035862 2.799856
v 3.432564 0.039694 2.811524
v 3.414816 0.112667 2.827956
v 3.393163 0.182698 2.849880
v 3.367721 0.248864 2.877101
v 3.338873 0.310404 2.909162
v 3.307989 0.366361 2.945953
v 3.276468 0.416036 2.986559
v 3.244476 0.458723 3.029928
v 3.216929 0.494335 3.078277
v 3.166372 0.371634 3.144823
v 3.145017 0.381400 3.183497
v 3.126099 0.388073 3.227628
v 3.113039 0.391956 3.276731
v 3.099272 0.393068 3.327911
v 3.084744 0.390646 3.379660
v 3.084073 0.384915 3.435147
v 3.084017 0.375650 3.491486
v 3.084308 0.362705 3.548074
v 3.089335 0.346298 3.604483
v 3.095332 0.326717 3.660497
v 3.105587 0.304541 3.715479
v 3.113440 0.279349 3.769789
v 3.115220 0.249782 3.819730
v 3.118239 0.218413 3.865170
v 3.123183 0.184031 3.901912
v 3.169765 0.429901 3.138251
v 3.145751 0.446422 3.183684
v 3.127698 0.457723 3.234740
v 3.113274 0.464778 3.289486
v 3.096717 0.467453 3.345313
v 3.078332 0.465720 3.401133
v 3.078083 0.459902 3.462361
v 3.079149 0.449969 3.524018
v 3.082951 0.434793 3.585004
v 3.086995 0.415015 3.645505
v 3.091884 0.391626 3.705140
v 3.092701 0.362995 3.764776
v 3.094695 0.329710 3.821094
v 3.098324 0.292022 3.873029
v 3.102278 0.250104 3.921052
v 3.102534 0.201665 3.960439
v 3.190533 0.522210 3.130634
v 3.166795 0.543457 3.187174
v 3.145037 0.558508 3.247093
v 3.124374 0.568688 3.309859
v 3.102832 0.571868 3.373559
v 3.083311 0.569351 3.438346
v 3.084828 0.562854 3.506540
v 3.084405 0.552012 3.577449
v 3.078830 0.531757 3.645941
v 3.075341 0.505925 3.713554
v 3.078762 0.476404 3.780952
v 3.082175 0.440016 3.846397
v 3.082501 0.397742 3.909197
v 3.077723 0.346679 3.963140
v 3.076276 0.291003 4.012804
v 3.079468 0.230985 4.057731
v 3.131223 0.139656 3.927139
v 3.138348 0.084470 3.947705
v 3.141762 0.022006 3.963583
v 3.145633 -0.043699 3.976574
v 3.150369 -0.110831 3.985631
v 3.156276 -0.178247 3.989710
v 3.164323 -0.245359 3.987764
v 3.173408 -0.311975 3.980403
v 3.179578 -0.376615 3.964802
v 3.184903 -0.439520 3.941881
v 3.186129 -0.499214 3.912133
v 3.191821 -0.554905 3.879303
v 3.202838 -0.607398 3.844943
v 3.213086 -0.654569 3.807494
v 3.216846 -0.693805 3.767753
v 3.221797 -0.722078 3.728740
v 3.107063 0.146348 3.992916
v 3.110919 0.083244 4.018586
v 3.116764 0.015416 4.039734
v 3.121238 -0.056381 4.055204
v 3.125288 -0.129701 4.064635
v 3.132088 -0.202843 4.067516
v 3.134990 -0.276454 4.060425
v 3.138868 -0.348029 4.046811
v 3.146803 -0.417419 4.027976
v 3.152565 -0.484813 4.001482
v 3.150376 -0.546477 3.963258
v 3.163506 -0.605786 3.926868
v 3.177999 -0.660162 3.885992
v 3.187548 -0.708000 3.839071
v 3.193517 -0.746633 3.788728
v 3.204631 -0.777164 3.738531
v 3.078553 0.161432 4.093982
v 3.076767 0.086328 4.120074
v 3.081601 0.008148 4.143334
v 3.093684 -0.072461 4.163630
v 3.097347 -0.156674 4.170437
v 3.098746 -0.239973 4.166622
v 3.103683 -0.322084 4.156069
v 3.108939 -0.402408 4.137711
v 3.114507 -0.479252 4.110380
v 3.123834 -0.553122 4.077799
v 3.134374 -0.622572 4.037899
v 3.148064 -0.686769 3.992245
v 3.162287 -0.744555 3.940192
v 3.173886 -0.794441 3.882745
v 3.186690 -0.836169 3.822645
v 3.204257 -0.869906 3.761521
v 3.226590 -0.734750 3.684027
v 3.232067 -0.740525 3.633380
v 3.238534 -0.742430 3.579305
v 3.246256 -0.741252 3.523845
v 3.255535 -0.737049 3.468399
v 3.264758 -0.729446 3.413549
v 3.267528 -0.718373 3.359557
v 3.270811 -0.704039 3.307207
v 3.279189 -0.686383 3.257730
v 3.287153 -0.665777 3.210275
v 3.294216 -0.642531 3.164745
v 3.301882 -0.616740 3.121300
v 3.310621 -0.588858 3.080541
v 3.324491 -0.559097 3.044221
v 3.336685 -0.527886 3.012035
v 3.214658 -0.796885 3.684574
v 3.223141 -0.808048 3.627016
v 3.229809 -0.813276 3.567478
v 3.239165 -0.813740 3.507254
v 3.249150 -0.809758 3.447141
v 3.259579 -0.801490 3.387858
v 3.268712 -0.788818 3.329795
v 3.277611 -0.772303 3.273899
v 3.285609 -0.751563 3.220240
v 3.293586 -0.727112 3.169233
v 3.306216 -0.699614 3.121854
v 3.315980 -0.668278 3.076546
v 3.326166 -0.634077 3.034374
v 3.340770 -0.596678 2.997320
v 3.354107 -0.555974 2.964504
v 3.214831 -0.892176 3.696429
v 3.227379 -0.906738 3.630118
v 3.241955 -0.914536 3.563254
v 3.252259 -0.914840 3.495149
v 3.263450 -0.909564 3.427571
v 3.275374 -0.899080 3.361198
v 3.287963 -0.883568 3.296646
v 3.300933 -0.863224 3.234498
v 3.310814 -0.837630 3.174640
v 3.321734 -0.807667 3.118031
v 3.338534 -0.773930 3.066006
v 3.355028 -0.735782 3.017478
v 3.373704 -0.693708 2.973527
v 3.390780 -0.646701 2.933523
v 3.406056 -0.595386 2.897750
vn -0.0014 0.0402 -0.9992
vn 0.0007 0.0335 -0.9994
vn -0.0107 -0.1639 -0.9864
vn -0.0355 -0.1470 -0.9885
vn -0.0048 0.0581 -0.9983
vn 0.0062 0.0384 -0.9992
vn 0.0599 -0.1369 -0.9888
vn -0.0106 -0.0695 -0.9975
vn 0.0234 0.0362 -0.9991
vn 0.0108 0.0556 -0.9984
vn 0.0375 -0.0689 -0.9969
vn -0.0009 -0.0283 -0.9996
vn 0.0063 0.0374 -0.9993
vn 0.0051 0.0392 -0.9992
vn 0.0254 -0.0294 -0.9992
vn -0.0005 -0.0004 -1.0000
vn -0.0151 0.0361 -0.9992
vn -0.0191 0.0419 -0.9989
vn -0.0628 0.0055 -0.9980
vn -0.0319 -0.0315 -0.9990
vn 0.0005 0.0130 -0.9999
vn -0.0150 0.0361 -0.9992
vn -0.0535 -0.0283 -0.9982
vn -0.0353 -0.0521 -0.9980
vn -0.0010 0.0305 -0.9995
vn 0.0116 0.0104 -0.9999
vn -0.0550 -0.0481 -0.9973
vn -0.0211 -0.0971 -0.9951
vn 0.0128 0.0206 -0.9997
vn 0.0088 0.0278 -0.9996
vn -0.0544 -0.0885 -0.9946
vn -0.0443 -0.1051 -0.9935
vn 0.0050 0.0120 -0.9999
vn -0.0015 0.0253 -0.9997
vn -0.0660 -0.0983 -0.9930
vn -0.0642 -0.1016 -0.9927
vn 0.0525 -0.0283 -0.9982
vn 0.0415 -0.0018 -0.9991
vn -0.0436 -0.1095 -0.9930
vn -0.0349 -0.1289 -0.9910
vn 0.0592 -0.0251 -0.9979
vn 0.0616 -0.0321 -0.9976
vn 0.0113 -0.1488 -0.9888
vn 0.0009 -0.1199 -0.9928
vn 0.0012 0.0150 -0.9999
vn 0.0048 0.0014 -1.0000
vn -0.0753 -0.0803 -0.9939
vn -0.0718 -0.0943 -0.9929
vn -0.0375 0.0501 -0.9980
vn -0.0342 0.0345 -0.9988
vn -0.2154 -0.0013 -0.9765
vn -0.1905 -0.1412 -0.9715
vn -0.0479 0.0472 -0.9977
vn -0.0497 0.0574 -0.9971
vn -0.1793 -0.1493 -0.9724
vn -0.1873 -0.0907 -0.9781
vn -0.1111 0.0605 -0.9920
vn -0.1161 0.0877 -0.9894
vn -0.1364 -0.1305 -0.9820
vn -0.1414 0.0605 -0.9881
vn -0.1315 0.0691 -0.9889
vn -0.1322 0.0714 -0.9886
vn -0.2178 0.1405 -0.9658
vn -0.2380 -0.0600 -0.9694
vn -0.0014 0.0405 -0.9992
vn -0.0014 0.0403 -0.9992
vn -0.0100 0.0458 -0.9989
vn -0.0096 0.0444 -0.9990
vn 0.0086 0.0679 -0.9977
vn 0.0231 0.0348 -0.9991
vn 0.0077 0.0769 -0.9970
vn 0.0129 0.0667 -0.9977
vn 0.0004 0.0707 -0.9975
vn -0.0048 0.0802 -0.9968
vn 0.0218 0.0548 -0.9983
vn 0.0150 0.0668 -0.9977
vn 0.0222 0.0332 -0.9992
vn 0.0083 0.0587 -0.9982
vn 0.0247 0.0221 -0.9995
vn 0.0185 0.0343 -0.9992
vn 0.0298 -0.0123 -0.9995
vn 0.0123 0.0264 -0.9996
vn 0.0460 0.0038 -0.9989
vn 0.0562 -0.0223 -0.9982
vn 0.0545 0.0456 -0.9975
vn 0.0718 -0.0068 -0.9974
vn 0.0386 0.0310 -0.9988
vn 0.0319 0.0556 -0.9979
vn -0.0281 0.0632 -0.9976
vn -0.0279 0.0622 -0.9977
vn -0.0340 0.0667 -0.9972
vn -0.0338 0.0658 -0.9973
vn -0.0816 0.0565 -0.9951
vn -0.0918 0.0910 -0.9916
vn -0.1305 0.0716 -0.9889
vn -0.0098 0.0455 -0.9989
vn -0.0093 0.0280 -0.9996
vn -0.0124 0.0593 -0.9982
vn -0.0101 0.0456 -0.9989
vn -0.0065 0.0852 -0.9963
vn 0.0031 0.0521 -0.9986
vn 0.0080 0.0805 -0.9967
vn 0.0084 0.0794 -0.9968
vn 0.0104 0.0666 -0.9977
vn 0.0037 0.0820 -0.9966
vn 0.0219 0.0665 -0.9975
vn 0.0240 0.0619 -0.9978
vn 0.0303 0.0683 -0.9972
vn 0.0329 0.0628 -0.9975
vn 0.0450 0.0587 -0.9973
vn 0.0427 0.0640 -0.9970
vn 0.0668 0.0427 -0.9969
vn 0.0628 0.0523 -0.9967
vn 0.0685 0.0422 -0.9968
vn 0.0686 0.0420 -0.9968
vn 0.0545 0.0507 -0.9972
vn 0.0556 0.0472 -0.9973
vn 0.0552 0.0432 -0.9975
vn 0.0530 0.0513 -0.9973
vn -0.0188 0.0646 -0.9977
vn -0.0209 0.0733 -0.9971
vn -0.0312 0.0658 -0.9973
vn -0.0321 0.0695 -0.9971
vn -0.0635 0.0569 -0.9964
vn -0.0706 0.0781 -0.9944
vn -0.1545 0.1225 -0.9804
vn -0.1306 0.0715 -0.9889
vn -0.0322 0.0724 -0.9969
vn -0.0324 0.0102 -0.9994
vn -0.0147 0.0821 -0.9965
vn -0.0125 0.0592 -0.9982
vn -0.0096 0.0817 -0.9966
vn -0.0091 0.0790 -0.9968
vn 0.0057 0.0747 -0.9972
vn 0.0058 0.0743 -0.9972
vn 0.0161 0.0599 -0.9981
vn 0.0122 0.0720 -0.9973
vn 0.0179 0.0625 -0.9979
vn 0.0192 0.0587 -0.9981
vn 0.0264 0.0598 -0.9979
vn 0.0267 0.0591 -0.9979
vn 0.0426 0.0542 -0.9976
vn 0.0428 0.0537 -0.9976
vn 0.0681 0.0440 -0.9967
vn 0.0678 0.0447 -0.9967
vn 0.0695 0.0428 -0.9967
vn 0.0693 0.0436 -0.9966
vn 0.0555 0.0414 -0.9976
vn 0.0533 0.0488 -0.9974
vn 0.0547 0.0403 -0.9977
vn 0.0543 0.0418 -0.9976
vn -0.0209 0.0761 -0.9969
vn -0.0183 0.0654 -0.9977
vn -0.0233 0.0725 -0.9971
vn -0.0245 0.0772 -0.9967
vn -0.0486 0.0669 -0.9966
vn -0.0528 0.0801 -0.9954
vn -0.1846 0.1336 -0.9737
vn -0.1654 0.0881 -0.9823
vn -0.0304 0.0768 -0.9966
vn -0.0304 0.0753 -0.9967
vn -0.0216 0.0827 -0.9963
vn -0.0209 0.0702 -0.9973
vn -0.0120 0.0786 -0.9968
vn -0.0118 0.0767 -0.9970
vn 0.0056 0.0615 -0.9981
vn 0.0038 0.0700 -0.9975
vn 0.0140 0.0607 -0.9981
vn 0.0150 0.0568 -0.9983
vn 0.0168 0.0592 -0.9981
vn 0.0167 0.0595 -0.9981
vn 0.0315 0.0340 -0.9989
vn 0.0248 0.0558 -0.9981
vn 0.0326 0.0350 -0.9989
vn 0.0331 0.0334 -0.9989
vn 0.0576 0.0269 -0.9980
vn 0.0582 0.0249 -0.9980
vn 0.0563 0.0391 -0.9976
vn 0.0600 0.0260 -0.9979
vn 0.0543 0.0404 -0.9977
vn 0.0544 0.0398 -0.9977
vn 0.0519 0.0525 -0.9973
vn -0.0212 0.0762 -0.9969
vn -0.0211 0.0757 -0.9969
vn -0.0130 0.0415 -0.9991
vn -0.0613 0.0732 -0.9954
vn -0.0553 0.0520 -0.9971
vn -0.2019 0.1156 -0.9726
vn -0.1961 0.0995 -0.9755
vn -0.0387 0.0795 -0.9961
vn -0.0388 0.0627 -0.9973
vn -0.0280 0.0864 -0.9959
vn -0.0273 0.0718 -0.9970
vn -0.0099 0.0476 -0.9988
vn -0.0128 0.0770 -0.9970
vn -0.0026 0.0460 -0.9989
vn -0.0022 0.0432 -0.9991
vn 0.0049 0.0480 -0.9988
vn 0.0062 0.0413 -0.9991
vn 0.0150 0.0277 -0.9995
vn 0.0110 0.0450 -0.9989
vn 0.0259 0.0246 -0.9994
vn 0.0265 0.0223 -0.9994
vn 0.0271 0.0250 -0.9993
vn 0.0274 0.0239 -0.9993
vn 0.0463 0.0347 -0.9983
vn 0.0514 0.0149 -0.9986
vn 0.0511 0.0377 -0.9980
vn 0.0525 0.0323 -0.9981
vn 0.0515 0.0408 -0.9978
vn 0.0524 0.0372 -0.9979
vn 0.0434 0.0552 -0.9975
vn 0.0460 0.0428 -0.9980
vn -0.0093 0.0163 -0.9998
vn -0.0195 -0.0017 -0.9998
vn -0.0242 0.0208 -0.9995
vn -0.0991 0.0664 -0.9929
vn -0.0873 0.0169 -0.9960
vn -0.2175 0.1185 -0.9688
vn -0.2102 0.0934 -0.9732
vn -0.0498 0.0718 -0.9962
vn -0.0496 0.0602 -0.9970
vn -0.0384 0.0519 -0.9979
vn -0.0390 0.0649 -0.9971
vn -0.0153 0.0450 -0.9989
vn -0.0147 0.0375 -0.9992
vn -0.0063 0.0460 -0.9989
vn -0.0055 0.0393 -0.9992
vn 0.0047 0.0252 -0.9997
vn 0.0021 0.0414 -0.9991
vn 0.0146 0.0088 -0.9999
vn 0.0122 0.0213 -0.9997
vn 0.0175 0.0100 -0.9998
vn 0.0181 0.0071 -0.9998
vn 0.0202 0.0058 -0.9998
vn 0.0195 0.0091 -0.9998
vn 0.0270 0.0124 -0.9996
vn 0.0294 0.0018 -0.9996
vn 0.0345 0.0125 -0.9993
vn 0.0353 0.0090 -0.9993
vn 0.0368 0.0034 -0.9993
vn 0.0350 0.0124 -0.9993
vn 0.0135 0.0303 -0.9994
vn 0.0170 0.0108 -0.9998
vn 0.0019 0.0311 -0.9995
vn 0.0013 0.0346 -0.9994
vn -0.0014 0.0335 -0.9994
vn -0.0012 0.0321 -0.9995
vn -0.1009 0.0725 -0.9922
vn -0.0996 0.0653 -0.9929
vn -0.2202 0.1066 -0.9696
vn -0.2210 0.1101 -0.9690
vn -0.0611 0.0667 -0.9959
vn -0.0604 0.0515 -0.9968
vn -0.0368 0.0370 -0.9986
vn -0.0378 0.0531 -0.9979
vn -0.0236 0.0380 -0.9990
vn -0.0229 0.0290 -0.9993
vn -0.0113 0.0191 -0.9998
vn -0.0127 0.0319 -0.9994
vn 0.0008 0.0029 -1.0000
vn -0.0007 0.0133 -0.9999
vn 0.0077 0.0110 -0.9999
vn 0.0098 -0.0019 -1.0000
vn 0.0152 0.0110 -0.9998
vn 0.0160 0.0068 -0.9998
vn 0.0221 0.0040 -0.9997
vn 0.0213 0.0081 -0.9997
vn 0.0240 -0.0031 -0.9997
vn 0.0226 0.0039 -0.9997
vn 0.0260 -0.0061 -0.9996
vn 0.0255 -0.0038 -0.9997
vn 0.0304 -0.0086 -0.9995
vn 0.0303 -0.0079 -0.9995
vn -0.0075 0.0403 -0.9992
vn -0.0016 0.0045 -1.0000
vn 0.0010 0.0589 -0.9983
vn 0.0045 0.0355 -0.9994
vn 0.0100 0.0597 -0.9982
vn 0.0106 0.0551 -0.9984
vn -0.0996 0.1904 -0.9766
vn -0.0874 0.0986 -0.9913
vn -0.1553 0.1359 -0.9785
vn -0.1675 0.2171 -0.9617
vn -0.0727 0.0244 -0.9971
vn -0.0740 0.0401 -0.9964
vn -0.0503 0.0306 -0.9983
vn -0.0488 0.0120 -0.9987
vn -0.0315 0.0191 -0.9993
vn -0.0317 0.0208 -0.9993
vn -0.0124 -0.0166 -0.9998
vn -0.0154 0.0104 -0.9998
vn -0.0094 -0.0160 -0.9998
vn -0.0091 -0.0184 -0.9998
vn -0.0058 -0.0179 -0.9998
vn -0.0015 -0.0125 -0.9999
vn -0.0000 -0.0208 -0.9998
vn 0.0089 -0.0083 -0.9999
vn 0.0109 -0.0186 -0.9998
vn 0.0176 -0.0071 -0.9998
vn 0.0188 -0.0130 -0.9997
vn 0.0230 -0.0052 -0.9997
vn 0.0239 -0.0100 -0.9997
vn 0.0256 0.0189 -0.9995
vn -0.0115 0.0420 -0.9991
vn -0.0105 0.0352 -0.9993
vn -0.0099 0.0448 -0.9989
vn -0.0094 0.0410 -0.9991
vn -0.0032 0.0604 -0.9982
vn -0.0009 0.0406 -0.9992
vn -0.1364 0.1201 -0.9833
vn -0.1368 0.1237 -0.9828
vn -0.1469 0.0327 -0.9886
vn -0.1581 0.1305 -0.9788
vn -0.0763 0.0025 -0.9971
vn -0.0777 0.0132 -0.9969
vn -0.0646 -0.0105 -0.9979
vn -0.0655 -0.0025 -0.9978
vn -0.0477 -0.0308 -0.9984
vn -0.0490 -0.0181 -0.9986
vn -0.0283 -0.0121 -0.9995
vn -0.0248 -0.0424 -0.9988
vn -0.0125 -0.0145 -0.9998
vn -0.0116 -0.0207 -0.9997
vn -0.0055 -0.0203 -0.9998
vn -0.0059 -0.0179 -0.9998
vn -0.0050 -0.0224 -0.9997
vn -0.0054 -0.0204 -0.9998
vn -0.0001 -0.0225 -0.9997
vn 0.0004 -0.0252 -0.9997
vn 0.0060 -0.0185 -0.9998
vn 0.0076 -0.0264 -0.9996
vn 0.0111 -0.0092 -0.9999
vn 0.0137 -0.0224 -0.9997
vn 0.0047 0.0217 -0.9998
vn 0.0102 -0.0088 -0.9999
vn -0.0145 0.0178 -0.9997
vn -0.0169 0.0326 -0.9993
vn -0.0207 0.0057 -0.9998
vn -0.0229 0.0221 -0.9995
vn -0.0343 0.0388 -0.9987
vn -0.0315 0.0114 -0.9994
vn -0.1431 0.0482 -0.9885
vn -0.1472 0.1015 -0.9839
vn -0.1400 0.0540 -0.9887
vn -0.1394 0.0461 -0.9892
vn -0.0705 -0.0396 -0.9967
vn -0.0775 -0.0003 -0.9970
vn -0.0773 -0.0316 -0.9965
vn -0.0765 -0.0372 -0.9964
vn -0.0547 -0.0312 -0.9980
vn -0.0532 -0.0425 -0.9977
vn -0.0408 -0.0398 -0.9984
vn -0.0410 -0.0378 -0.9984
vn -0.0311 -0.0278 -0.9991
vn -0.0285 -0.0461 -0.9985
vn -0.0156 -0.0267 -0.9995
vn -0.0140 -0.0368 -0.9992
vn -0.0096 -0.0272 -0.9996
vn -0.0091 -0.0302 -0.9995
vn -0.0039 -0.0314 -0.9995
vn -0.0041 -0.0302 -0.9995
vn 0.0011 -0.0448 -0.9990
vn -0.0014 -0.0327 -0.9995
vn -0.0038 -0.0507 -0.9987
vn -0.0059 -0.0410 -0.9991
vn -0.0299 -0.0270 -0.9992
vn -0.0277 -0.0378 -0.9989
vn -0.0335 -0.0431 -0.9985
vn -0.0371 -0.0231 -0.9990
vn -0.0474 -0.0180 -0.9987
vn -0.0446 -0.0368 -0.9983
vn -0.0644 0.0120 -0.9979
vn -0.0622 -0.0092 -0.9980
vn -0.1375 0.0678 -0.9882
vn -0.1369 0.0585 -0.9889
vn -0.1344 0.1218 -0.9834
vn -0.1333 0.0650 -0.9889
vn -0.0423 -0.0586 -0.9974
vn -0.0555 -0.0005 -0.9985
vn -0.0823 -0.0438 -0.9956
vn -0.0824 -0.0434 -0.9957
vn -0.0660 -0.0421 -0.9969
vn -0.0646 -0.0516 -0.9966
vn -0.0474 -0.0473 -0.9978
vn -0.0468 -0.0515 -0.9976
vn -0.0418 -0.0560 -0.9976
vn -0.0428 -0.0497 -0.9978
vn -0.0364 -0.0455 -0.9983
vn -0.0338 -0.0604 -0.9976
vn -0.0257 -0.0413 -0.9988
vn -0.0234 -0.0528 -0.9983
vn -0.0114 -0.0555 -0.9984
vn -0.0129 -0.0484 -0.9987
vn -0.0072 -0.0540 -0.9985
vn -0.0061 -0.0584 -0.9983
vn -0.0115 -0.0319 -0.9994
vn -0.0059 -0.0547 -0.9985
vn -0.0276 -0.0227 -0.9994
vn -0.0250 -0.0193 -0.9995
vn -0.0238 -0.0249 -0.9994
vn -0.0434 -0.0036 -0.9991
vn -0.0424 -0.0089 -0.9991
vn -0.0668 0.0211 -0.9975
vn -0.0654 0.0103 -0.9978
vn -0.1345 0.0373 -0.9902
vn -0.1366 0.0692 -0.9882
vn -0.1719 0.1453 -0.9743
vn -0.1720 0.0658 -0.9829
vn -0.0281 -0.0271 -0.9992
vn -0.0294 -0.0224 -0.9993
vn -0.0586 -0.0602 -0.9965
vn -0.0683 -0.0120 -0.9976
vn -0.0715 -0.0578 -0.9958
vn -0.0721 -0.0540 -0.9959
vn -0.0591 -0.0536 -0.9968
vn -0.0574 -0.0652 -0.9962
vn -0.0463 -0.0534 -0.9975
vn -0.0450 -0.0615 -0.9971
vn -0.0418 -0.0584 -0.9974
vn -0.0423 -0.0557 -0.9975
vn -0.0373 -0.0600 -0.9975
vn -0.0370 -0.0613 -0.9974
vn -0.0218 -0.0618 -0.9979
vn -0.0197 -0.0705 -0.9973
vn -0.0168 -0.0553 -0.9983
vn -0.0138 -0.0665 -0.9977
vn -0.0291 -0.0273 -0.9992
vn -0.0219 -0.0523 -0.9984
vn -0.0296 -0.0275 -0.9992
vn -0.0298 -0.0269 -0.9992
vn -0.0295 -0.0266 -0.9992
vn -0.0292 -0.0277 -0.9992
vn -0.0639 0.0467 -0.9969
vn -0.0492 -0.0148 -0.9987
vn -0.0596 0.0646 -0.9961
vn -0.0554 0.0414 -0.9976
vn -0.0968 0.0605 -0.9935
vn -0.0999 0.0924 -0.9907
vn -0.1828 0.1873 -0.9651
vn -0.1834 0.1293 -0.9745
vn -0.0278 -0.0289 -0.9992
vn -0.0282 -0.0274 -0.9992
vn -0.0369 -0.0459 -0.9983
vn -0.0415 -0.0233 -0.9989
vn -0.0536 -0.0665 -0.9963
vn -0.0586 -0.0346 -0.9977
vn -0.0637 -0.0592 -0.9962
vn -0.0634 -0.0606 -0.9961
vn -0.0572 -0.0449 -0.9974
vn -0.0539 -0.0653 -0.9964
vn -0.0389 -0.0623 -0.9973
vn -0.0402 -0.0558 -0.9976
vn -0.0377 -0.0671 -0.9970
vn -0.0387 -0.0624 -0.9973
vn -0.0301 -0.0661 -0.9974
vn -0.0282 -0.0731 -0.9969
vn -0.0256 -0.0658 -0.9975
vn -0.0245 -0.0696 -0.9973
vn -0.0502 -0.0337 -0.9982
vn -0.0431 -0.0553 -0.9975
vn -0.0364 -0.0417 -0.9985
vn -0.0363 -0.0418 -0.9985
vn -0.0462 -0.0137 -0.9988
vn -0.0364 -0.0416 -0.9985
vn -0.0839 0.0105 -0.9964
vn -0.0828 0.0070 -0.9965
vn -0.1034 0.0749 -0.9918
vn -0.0869 0.0122 -0.9961
vn -0.0919 0.0654 -0.9936
vn -0.0923 0.0678 -0.9934
vn -0.2087 0.2274 -0.9512
vn -0.2079 0.1541 -0.9659
vn -0.0288 -0.0316 -0.9991
vn -0.0288 -0.0317 -0.9991
vn -0.0292 -0.0319 -0.9991
vn -0.0293 -0.0314 -0.9991
vn -0.0306 -0.0329 -0.9990
vn -0.0309 -0.0308 -0.9991
vn -0.0379 -0.0473 -0.9982
vn -0.0405 -0.0259 -0.9988
vn -0.0500 -0.0495 -0.9975
vn -0.0518 -0.0372 -0.9980
vn -0.0372 -0.0564 -0.9977
vn -0.0367 -0.0591 -0.9976
vn -0.0376 -0.0385 -0.9985
vn -0.0328 -0.0595 -0.9977
vn -0.0304 -0.0146 -0.9994
vn -0.0206 -0.0501 -0.9985
vn -0.0036 -0.0388 -0.9992
vn -0.0064 -0.0301 -0.9995
vn -0.0304 -0.0457 -0.9985
vn -0.0415 -0.0158 -0.9990
vn -0.0442 -0.0237 -0.9987
vn -0.0366 -0.0422 -0.9984
vn -0.0610 0.0061 -0.9981
vn -0.0492 -0.0210 -0.9986
vn -0.0756 0.0028 -0.9971
vn -0.0815 0.0164 -0.9965
vn -0.1249 0.0269 -0.9918
vn -0.1249 0.0270 -0.9918
vn -0.1460 0.1271 -0.9811
vn -0.1156 0.0221 -0.9931
vn -0.2506 0.3351 -0.9083
vn -0.2402 0.1856 -0.9528
vn 0.0385 -0.0248 -0.9989
vn 0.0187 0.0773 -0.9968
vn 0.0010 -0.0585 -0.9983
vn -0.0032 0.0076 -1.0000
vn -0.0291 -0.0386 -0.9988
vn -0.0295 -0.0315 -0.9991
vn -0.0321 -0.0088 -0.9994
vn -0.0301 -0.0377 -0.9988
vn -0.0300 0.0379 -0.9988
vn -0.0233 -0.0162 -0.9996
vn 0.0084 0.0125 -0.9999
vn 0.0096 0.0055 -0.9999
vn 0.0033 0.0102 -0.9999
vn 0.0016 0.0179 -0.9998
vn -0.0046 0.0023 -1.0000
vn -0.0092 0.0194 -0.9998
vn -0.0110 0.0610 -0.9981
vn 0.0125 -0.0092 -0.9999
vn -0.0049 0.0911 -0.9958
vn 0.0130 0.0464 -0.9988
vn 0.0361 0.0123 -0.9993
vn 0.0014 0.0877 -0.9961
vn -0.0178 -0.0013 -0.9998
vn -0.0450 0.0513 -0.9977
vn -0.1299 0.1301 -0.9829
vn -0.0698 0.0205 -0.9973
vn -0.0987 0.1252 -0.9872
vn -0.0940 0.1167 -0.9887
vn -0.1888 0.2334 -0.9539
vn -0.1408 0.1395 -0.9802
vn -0.2998 0.2882 -0.9094
vn -0.2945 0.2703 -0.9166
vn 0.1158 0.0595 -0.9915
vn 0.1158 0.0596 -0.9915
vn 0.1143 0.0495 -0.9922
vn 0.1154 0.0602 -0.9915
vn 0.0897 0.1177 -0.9890
vn 0.0886 0.0819 -0.9927
vn 0.0909 0.1079 -0.9900
vn 0.0908 0.1165 -0.9890
vn 0.0627 0.1204 -0.9907
vn 0.0614 0.1378 -0.9886
vn 0.0746 0.1587 -0.9845
vn 0.0827 0.1019 -0.9914
vn 0.1036 0.1145 -0.9880
vn 0.0989 0.1377 -0.9855
vn 0.1028 0.0458 -0.9936
vn 0.0805 0.1330 -0.9878
vn 0.0141 0.1117 -0.9936
vn 0.0152 0.1081 -0.9940
vn 0.0072 0.1152 -0.9933
vn 0.0068 0.1161 -0.9932
vn 0.0203 0.1735 -0.9846
vn 0.0643 0.0858 -0.9942
vn -0.0263 0.2622 -0.9646
vn 0.0325 0.1686 -0.9852
vn -0.0724 0.2582 -0.9634
vn -0.0890 0.2814 -0.9554
vn -0.1424 0.3552 -0.9239
vn -0.0679 0.2570 -0.9640
vn -0.2010 0.4005 -0.8940
vn -0.1594 0.3575 -0.9202
vn -0.1959 0.3469 -0.9172
vn -0.2707 0.3995 -0.8758
vn 0.1158 0.0597 -0.9915
vn 0.1109 0.0530 -0.9924
vn 0.1113 0.0595 -0.9920
vn 0.0141 -0.0420 -0.9990
vn 0.0271 0.0331 -0.9991
vn -0.0348 -0.0257 -0.9991
vn -0.0305 -0.0073 -0.9995
vn -0.0431 -0.0186 -0.9989
vn -0.0394 -0.0056 -0.9992
vn -0.0399 -0.0071 -0.9992
vn -0.0461 -0.0119 -0.9989
vn -0.0345 0.0183 -0.9992
vn -0.0551 0.0033 -0.9985
vn -0.0369 0.0448 -0.9983
vn -0.0572 0.0315 -0.9979
vn -0.0508 0.0444 -0.9977
vn -0.0495 0.0452 -0.9978
vn -0.0536 0.0378 -0.9978
vn -0.0323 0.0488 -0.9983
vn -0.0361 0.0426 -0.9984
vn -0.0207 0.0495 -0.9986
vn -0.0173 0.0545 -0.9984
vn -0.0083 0.0580 -0.9983
vn -0.0364 0.0201 -0.9991
vn -0.0422 0.0183 -0.9989
vn -0.0383 0.0231 -0.9990
vn -0.0112 0.0295 -0.9995
vn -0.0434 -0.0057 -0.9990
vn 0.0405 0.0060 -0.9992
vn -0.0585 -0.0817 -0.9949
vn 0.1564 -0.0892 -0.9837
vn -0.2171 0.2930 -0.9311
vn -0.3190 0.3048 -0.8974
vn -0.2110 0.2976 -0.9311
vn -0.2109 0.2976 -0.9311
vn -0.1978 0.2695 -0.9425
vn -0.2469 0.2643 -0.9323
vn -0.2672 0.2264 -0.9367
vn -0.2320 0.2333 -0.9443
vn -0.2732 0.2248 -0.9353
vn -0.2671 0.2266 -0.9367
vn -0.2843 0.2199 -0.9332
vn -0.2739 0.2239 -0.9354
vn -0.3128 0.1641 -0.9355
vn -0.3223 0.1594 -0.9331
vn -0.3149 0.1357 -0.9394
vn -0.3347 0.1239 -0.9341
vn -0.2497 0.2130 -0.9446
vn -0.2888 0.1883 -0.9387
vn -0.2061 0.1844 -0.9610
vn -0.2877 0.1266 -0.9493
vn -0.1781 0.1616 -0.9707
vn -0.2292 0.1209 -0.9658
vn -0.1883 0.1172 -0.9751
vn -0.1916 0.1141 -0.9748
vn -0.1847 0.1336 -0.9737
vn -0.2130 0.0976 -0.9722
vn -0.1860 0.1255 -0.9745
vn -0.2532 0.0338 -0.9668
vn -0.2143 0.0801 -0.9735
vn -0.2816 0.0415 -0.9586
vn -0.2559 0.0843 -0.9630
vn -0.0140 -0.1653 -0.9861
vn -0.0141 -0.1653 -0.9861
vn -0.0571 -0.1223 -0.9909
vn 0.0495 -0.1240 -0.9911
vn 0.0181 -0.0504 -0.9986
vn 0.0283 -0.0493 -0.9984
vn 0.0244 -0.0419 -0.9988
vn 0.0267 -0.0414 -0.9988
vn -0.0045 -0.0247 -0.9997
vn 0.0535 -0.0074 -0.9985
vn -0.0375 -0.0177 -0.9991
vn 0.0157 0.0023 -0.9999
vn -0.0479 -0.0009 -0.9989
vn -0.0172 0.0129 -0.9998
vn -0.0169 0.0380 -0.9991
vn -0.0290 0.0315 -0.9991
vn 0.0199 0.0590 -0.9981
vn -0.0181 0.0354 -0.9992
vn 0.0543 0.0460 -0.9975
vn -0.0031 0.0053 -1.0000
vn 0.0561 -0.0066 -0.9984
vn 0.0269 -0.0299 -0.9992
vn 0.0841 0.0013 -0.9965
vn 0.0493 -0.0297 -0.9983
vn 0.1100 0.0050 -0.9939
vn 0.0774 -0.0284 -0.9966
vn 0.1120 0.0220 -0.9935
vn 0.1127 0.0228 -0.9934
vn 0.1148 0.0602 -0.9916
vn 0.1143 0.0595 -0.9917
vn 0.1154 0.0605 -0.9915
vn 0.1149 0.0595 -0.9916
vn -0.1775 0.0216 -0.9839
vn -0.0977 0.0235 -0.9949
vn 0.2782 -0.8333 -0.4777
vn 0.0198 -0.7769 -0.6293
vn -0.1334 0.0430 -0.9901
vn -0.1572 0.0386 -0.9868
vn 0.3468 -0.7000 -0.6242
vn 0.3720 -0.7011 -0.6083
vn -0.0648 0.0960 -0.9933
vn -0.0905 0.0878 -0.9920
vn 0.4784 -0.6469 -0.5938
vn 0.4660 -0.6478 -0.6027
vn -0.0723 0.0790 -0.9942
vn -0.0824 0.0747 -0.9938
vn 0.5145 -0.6174 -0.5951
vn 0.3067 -0.6258 -0.7171
vn -0.0919 0.0538 -0.9943
vn -0.0893 0.0552 -0.9945
vn 0.4904 -0.5106 -0.7062
vn 0.5544 -0.5017 -0.6640
vn -0.1003 0.0376 -0.9942
vn -0.1031 0.0359 -0.9940
vn 0.5566 -0.4997 -0.6636
vn 0.6139 -0.4851 -0.6228
vn -0.0890 0.0450 -0.9950
vn -0.1012 0.0360 -0.9942
vn 0.6321 -0.4660 -0.6191
vn 0.6754 -0.4493 -0.5848
vn -0.0958 0.0564 -0.9938
vn -0.0754 0.0733 -0.9945
vn 0.6943 -0.4258 -0.5802
vn 0.7154 -0.4153 -0.5619
vn -0.0402 0.1394 -0.9894
vn -0.0755 0.1061 -0.9915
vn 0.7707 -0.3301 -0.5451
vn 0.7170 -0.3608 -0.5965
vn -0.0555 0.0925 -0.9942
vn -0.0569 0.0910 -0.9942
vn 0.7644 -0.2760 -0.5826
vn 0.7554 -0.2821 -0.5915
vn -0.0821 0.0226 -0.9964
vn -0.0714 0.0357 -0.9968
vn 0.7614 -0.2689 -0.5899
vn 0.8230 -0.2173 -0.5248
vn -0.0553 0.0741 -0.9957
vn -0.0776 0.0435 -0.9960
vn 0.8204 -0.2252 -0.5256
vn 0.8505 -0.1949 -0.4886
vn -0.0470 0.0549 -0.9974
vn -0.0618 0.0307 -0.9976
vn 0.8722 -0.0911 -0.4807
vn 0.9110 -0.0225 -0.4118
vn -0.0665 -0.0058 -0.9978
vn -0.0493 0.0271 -0.9984
vn 0.9118 -0.0058 -0.4105
vn 0.9418 0.0922 -0.3234
vn -0.0362 0.1077 -0.9935
vn -0.0660 0.0391 -0.9971
vn 0.9202 0.2356 -0.3126
vn 0.9129 0.3704 -0.1718
vn 0.0266 0.1906 -0.9813
vn -0.0281 0.0230 -0.9993
vn 0.9185 0.3556 -0.1727
vn 0.8846 0.4619 -0.0647
vn 0.1062 -0.8499 -0.5162
vn 0.0740 -0.8700 -0.4875
vn -0.1364 -0.0902 -0.9865
vn -0.0285 0.0658 -0.9974
vn 0.0137 -0.1306 -0.9913
vn 0.8887 0.4581 -0.0199
vn 0.8540 0.5166 -0.0617
vn 0.1656 0.1006 -0.9810
vn 0.0153 0.2431 -0.9699
vn 0.1319 0.0679 -0.9889
vn 0.1103 0.0791 -0.9907
vn 0.1692 0.2621 -0.9501
vn 0.1342 0.0632 -0.9889
vn 0.2101 0.3255 -0.9219
vn 0.2038 0.2113 -0.9560
vn 0.2601 0.3766 -0.8891
vn 0.2624 0.2596 -0.9294
vn 0.2936 0.3514 -0.8890
vn 0.2947 0.3378 -0.8939
vn 0.2877 0.2734 -0.9179
vn 0.2742 0.3712 -0.8871
vn 0.2497 0.3401 -0.9066
vn 0.2571 0.3035 -0.9175
vn 0.2877 0.2764 -0.9170
vn 0.2765 0.3170 -0.9072
vn 0.1826 0.3209 -0.9293
vn 0.1660 0.3689 -0.9145
vn 0.1166 0.3719 -0.9209
vn 0.1232 0.3574 -0.9258
vn 0.0499 0.4669 -0.8829
vn 0.1007 0.3796 -0.9197
vn -0.0928 0.6276 -0.7730
vn 0.0322 0.4728 -0.8806
vn -0.1726 0.7442 -0.6452
vn -0.0071 0.6146 -0.7888
vn -0.0485 0.7407 -0.6701
vn -0.0448 0.7380 -0.6733
vn -0.1845 0.7497 -0.6355
vn -0.1667 0.7411 -0.6504
vn -0.3181 0.7612 -0.5651
vn -0.2349 0.7422 -0.6277
vn 0.1431 0.3379 -0.9302
vn 0.1248 0.2393 -0.9629
vn 0.8792 0.4760 -0.0199
vn 0.8245 0.5608 0.0749
vn 0.1667 0.3399 -0.9256
vn 0.1629 0.2926 -0.9423
vn 0.7917 0.6064 0.0737
vn 0.8117 0.5822 0.0463
vn 0.1739 0.1899 -0.9663
vn 0.1802 0.3127 -0.9326
vn 0.7943 0.6059 0.0448
vn 0.7754 0.6277 0.0685
vn 0.1468 0.4083 -0.9009
vn 0.1516 0.2293 -0.9615
vn 0.7150 0.6961 0.0653
vn 0.7139 0.6971 0.0665
vn 0.2384 0.4521 -0.8595
vn 0.2616 0.2482 -0.9327
vn 0.6424 0.7637 0.0642
vn 0.6558 0.7532 0.0509
vn 0.2831 0.4483 -0.8479
vn 0.2928 0.3857 -0.8749
vn 0.6131 0.7886 0.0483
vn 0.5974 0.7995 0.0625
vn 0.3254 0.4787 -0.8154
vn 0.3492 0.3718 -0.8601
vn 0.6307 0.7734 0.0637
vn 0.6706 0.7414 0.0260
vn 0.3034 0.4948 -0.8143
vn 0.3009 0.5024 -0.8106
vn 0.6449 0.7638 0.0259
vn 0.4790 0.8585 0.1832
vn 0.1929 0.6037 -0.7735
vn 0.2133 0.5649 -0.7971
vn 0.4024 0.8973 0.1813
vn 0.3947 0.8994 0.1878
vn 0.0751 0.6967 -0.7134
vn 0.1145 0.6449 -0.7556
vn 0.1861 0.9644 0.1877
vn 0.2946 0.9504 0.0999
vn -0.0891 0.7757 -0.6248
vn -0.0510 0.7367 -0.6743
vn 0.0485 0.9931 0.1072
vn 0.1419 0.9894 0.0299
vn -0.1269 0.7599 -0.6376
vn -0.1615 0.7874 -0.5949
vn -0.0357 0.9987 0.0365
vn -0.1190 0.9873 0.1049
vn -0.0902 0.7839 -0.6143
vn -0.0468 0.7491 -0.6608
vn -0.0367 0.9941 0.1023
vn -0.0517 0.9921 0.1140
vn -0.1823 0.7864 -0.5902
vn -0.1844 0.7875 -0.5881
vn -0.1379 0.9835 0.1171
vn -0.1504 0.9805 0.1268
vn -0.2419 0.7438 -0.6231
vn -0.3192 0.7685 -0.5545
vn -0.2581 0.9575 0.1287
vn -0.2335 0.9660 0.1112
vn -0.2550 0.9595 0.1196
vn -0.2680 0.9570 0.1107
vn -0.2196 0.7117 -0.6673
vn -0.1752 0.7559 -0.6307
vn -0.3896 0.6208 -0.6803
vn -0.2459 0.7832 -0.5711
vn -0.2612 0.6050 -0.7522
vn -0.4238 0.6010 -0.6777
vn -0.3520 0.5175 -0.7799
vn -0.3991 0.5117 -0.7608
vn -0.3400 0.4521 -0.8246
vn -0.4515 0.4290 -0.7824
vn -0.4141 0.3675 -0.8327
vn -0.4229 0.3647 -0.8295
vn -0.4268 0.3421 -0.8372
vn -0.4373 0.3377 -0.8335
vn -0.3863 0.3130 -0.8677
vn -0.4762 0.2660 -0.8381
vn -0.4324 0.2110 -0.8767
vn -0.4507 0.1994 -0.8701
vn -0.3506 0.3041 -0.8858
vn -0.4033 0.2705 -0.8742
vn -0.3343 0.2676 -0.9037
vn -0.3808 0.2338 -0.8946
vn -0.3827 0.1717 -0.9078
vn -0.3580 0.1939 -0.9134
vn -0.4147 0.1057 -0.9038
vn -0.3897 0.1347 -0.9111
vn -0.4652 0.0640 -0.8829
vn -0.4117 0.1371 -0.9010
vn -0.5150 0.0205 -0.8569
vn -0.4647 0.0978 -0.8800
vn -0.5642 -0.0903 -0.8207
vn -0.5142 0.0123 -0.8576
vn -0.6048 -0.1438 -0.7832
vn -0.5776 -0.0374 -0.8155
vn -0.2722 0.6770 -0.6838
vn -0.3070 0.6812 -0.6646
vn -0.3914 0.9130 0.1147
vn -0.3443 0.9350 0.0845
vn -0.2856 0.6043 -0.7439
vn -0.4123 0.6031 -0.6829
vn -0.4727 0.8778 0.0776
vn -0.4604 0.8850 0.0697
vn -0.3859 0.5269 -0.7573
vn -0.4019 0.5249 -0.7503
vn -0.5942 0.8020 0.0613
vn -0.5334 0.8456 0.0197
vn -0.3752 0.4637 -0.8026
vn -0.4828 0.4373 -0.7588
vn -0.6566 0.7542 0.0104
vn -0.6811 0.7316 0.0286
vn -0.4846 0.3584 -0.7979
vn -0.4602 0.3682 -0.8079
vn -0.7902 0.6126 0.0180
vn -0.8044 0.5933 0.0313
vn -0.5420 0.3310 -0.7725
vn -0.4789 0.3669 -0.7975
vn -0.8811 0.4724 0.0210
vn -0.8683 0.4959 0.0071
vn -0.3989 0.3830 -0.8332
vn -0.5732 0.2691 -0.7740
vn -0.8570 0.5153 0.0090
vn -0.9030 0.4263 0.0538
vn -0.2817 0.4199 -0.8627
vn -0.4261 0.3315 -0.8418
vn -0.8686 0.4916 0.0620
vn -0.9282 0.3499 0.1266
vn -0.3954 0.2309 -0.8890
vn -0.3449 0.2706 -0.8988
vn -0.9339 0.3350 0.1248
vn -0.9571 0.2351 0.1697
vn -0.5228 0.0526 -0.8508
vn -0.4085 0.1767 -0.8955
vn -0.9733 0.1633 0.1612
vn -0.9756 0.1253 0.1803
vn -0.5998 -0.0270 -0.7997
vn -0.5198 0.1079 -0.8475
vn -0.9839 -0.0801 0.1600
vn -0.9913 -0.0179 0.1305
vn -0.6574 -0.0668 -0.7505
vn -0.6033 0.0518 -0.7958
vn -0.9811 -0.1534 0.1179
vn -0.9938 -0.0765 0.0811
vn -0.6868 -0.0494 -0.7251
vn -0.6658 0.0028 -0.7461
vn -0.9870 -0.1425 0.0737
vn -0.9895 -0.1279 0.0667
vn -0.6835 -0.1282 -0.7186
vn -0.6757 -0.1031 -0.7300
vn -0.9744 -0.2178 0.0551
vn -0.9522 -0.2908 0.0935
vn -0.6879 -0.2873 -0.6665
vn -0.6704 -0.1646 -0.7235
vn -0.9075 -0.4132 0.0751
vn -0.9315 -0.3608 0.0470
vn -0.6512 -0.2111 -0.7290
vn -0.5450 -0.2601 -0.7971
vn -0.8988 -0.4339 0.0633
vn -0.8824 -0.4698 0.0266
vn -0.6218 -0.3111 -0.7187
vn -0.6921 -0.2799 -0.6654
vn -0.5183 -0.2894 -0.8047
vn -0.5023 -0.4059 -0.7636
vn -0.4605 -0.2160 -0.8610
vn -0.4336 -0.3763 -0.8188
vn -0.4453 -0.1941 -0.8741
vn -0.4370 -0.2378 -0.8674
vn -0.3021 -0.2009 -0.9319
vn -0.2701 -0.3196 -0.9083
vn -0.1144 -0.2815 -0.9527
vn -0.1019 -0.3126 -0.9444
vn -0.1311 -0.2894 -0.9482
vn -0.1402 -0.2704 -0.9525
vn -0.1755 -0.2404 -0.9547
vn -0.1528 -0.2814 -0.9474
vn -0.1235 -0.2505 -0.9602
vn -0.1181 -0.2585 -0.9587
vn -0.1410 -0.2143 -0.9665
vn -0.1109 -0.2535 -0.9609
vn -0.1697 -0.1302 -0.9768
vn -0.0910 -0.2235 -0.9705
vn -0.0778 -0.1427 -0.9867
vn -0.0802 -0.1402 -0.9869
vn -0.0089 -0.1202 -0.9927
vn 0.0178 -0.1451 -0.9893
vn 0.0400 -0.1220 -0.9917
vn 0.0358 -0.1185 -0.9923
vn 0.0600 -0.1199 -0.9910
vn 0.0596 -0.1196 -0.9910
vn -0.5979 -0.2963 -0.7448
vn -0.5948 -0.3469 -0.7252
vn -0.8415 -0.5387 0.0410
vn -0.8496 -0.5264 0.0337
vn -0.5804 -0.2922 -0.7601
vn -0.5773 -0.3195 -0.7514
vn -0.7974 -0.6032 0.0152
vn -0.8329 -0.5532 -0.0151
vn -0.5528 -0.3121 -0.7727
vn -0.5515 -0.3189 -0.7708
vn -0.7816 -0.6229 -0.0320
vn -0.8010 -0.5966 -0.0489
vn -0.4744 -0.3180 -0.8209
vn -0.4561 -0.3863 -0.8017
vn -0.7201 -0.6902 -0.0714
vn -0.7902 -0.5978 -0.1348
vn -0.2855 -0.3158 -0.9048
vn -0.2223 -0.4584 -0.8605
vn -0.5740 -0.7998 -0.1759
vn -0.7224 -0.6201 -0.3059
vn -0.2727 -0.1699 -0.9470
vn -0.1762 -0.3644 -0.9144
vn -0.5763 -0.7456 -0.3346
vn -0.5834 -0.7373 -0.3407
vn -0.1628 -0.2020 -0.9658
vn -0.1593 -0.2075 -0.9652
vn -0.4212 -0.8321 -0.3608
vn -0.4386 -0.8169 -0.3746
vn -0.1548 -0.1559 -0.9756
vn -0.1100 -0.2132 -0.9708
vn -0.3907 -0.8384 -0.3800
vn -0.3359 -0.8794 -0.3375
vn -0.1634 -0.1223 -0.9790
vn -0.1277 -0.1596 -0.9789
vn -0.2717 -0.8998 -0.3413
vn -0.3735 -0.8282 -0.4178
vn -0.1378 -0.1489 -0.9792
vn -0.1684 -0.1221 -0.9781
vn -0.1944 -0.8837 -0.4258
vn -0.1862 -0.8885 -0.4193
vn -0.0079 -0.1889 -0.9820
vn -0.0778 -0.1436 -0.9866
vn 0.0160 -0.9109 -0.4123
vn -0.0071 -0.9023 -0.4310
vn 0.0148 -0.2016 -0.9794
vn -0.0090 -0.1891 -0.9819
vn 0.0539 -0.9031 -0.4260
vn 0.0037 -0.8850 -0.4657
vn -0.0614 -0.1486 -0.9870
vn 0.0424 -0.1937 -0.9801
vn 0.0049 -0.8850 -0.4656
vn -0.0699 -0.8521 -0.5186
vn -0.0809 -0.0629 -0.9947
vn 0.0585 -0.1037 -0.9929
vn 0.0439 -0.8573 -0.5130
vn 0.0328 -0.8530 -0.5208
vn 0.0556 -0.8463 -0.5297
vn 0.2027 -0.8628 -0.4632
vn 0.4235 -0.7572 -0.4973
vn 0.2374 -0.7717 -0.5900
vn 0.4598 -0.6401 -0.6155
vn 0.1747 -0.6636 -0.7274
vn 0.2785 -0.5982 -0.7514
vn 0.3635 -0.5865 -0.7238
vn 0.5053 -0.4533 -0.7343
vn 0.5471 -0.4374 -0.7137
vn 0.5512 -0.4323 -0.7136
vn 0.5829 -0.4176 -0.6970
vn 0.5997 -0.3940 -0.6965
vn 0.6148 -0.3856 -0.6880
vn 0.6309 -0.3597 -0.6874
vn 0.5878 -0.3857 -0.7112
vn 0.6314 -0.3091 -0.7111
vn 0.6179 -0.3182 -0.7189
vn 0.6552 -0.2358 -0.7177
vn 0.7048 -0.1924 -0.6829
vn 0.7111 -0.1723 -0.6816
vn 0.7915 -0.0823 -0.6055
vn 0.7764 -0.1498 -0.6122
vn 0.8518 -0.0553 -0.5210
vn 0.8577 -0.0036 -0.5141
vn 0.9037 0.0927 -0.4180
vn 0.9035 0.0999 -0.4168
vn 0.9304 0.2173 -0.2950
vn 0.8857 0.3832 -0.2623
vn 0.8827 0.4139 -0.2224
vn 0.8524 0.4819 -0.2028
vn 0.8467 0.5029 -0.1737
vn 0.0767 -0.8558 -0.5116
vn 0.0999 -0.8355 -0.5403
vn 0.8371 0.5284 -0.1416
vn 0.8171 0.5543 -0.1583
vn 0.7954 0.5935 -0.1232
vn 0.7961 0.5920 -0.1255
vn 0.7874 0.6043 -0.1222
vn 0.7753 0.6251 -0.0900
vn 0.7553 0.6500 -0.0836
vn 0.7352 0.6769 -0.0377
vn 0.7029 0.7107 -0.0287
vn 0.7113 0.7014 -0.0456
vn 0.6475 0.7615 -0.0297
vn 0.6708 0.7381 -0.0721
vn 0.5869 0.8078 -0.0542
vn 0.5938 0.8020 -0.0650
vn 0.6620 0.7455 -0.0775
vn 0.5501 0.8314 0.0787
vn 0.4746 0.8758 0.0874
vn 0.5169 0.8554 0.0326
vn 0.3867 0.9208 0.0509
vn 0.4283 0.9036 -0.0033
vn 0.2875 0.9576 0.0182
vn 0.2669 0.9627 0.0435
vn 0.1460 0.9874 0.0617
vn 0.0971 0.9883 0.1174
vn -0.1148 0.9828 0.1449
vn -0.0649 0.9938 0.0900
vn -0.0540 0.9946 0.0887
vn -0.0979 0.9861 0.1340
vn -0.1492 0.9790 0.1387
vn -0.1531 0.9778 0.1427
vn -0.2309 0.9617 0.1479
vn -0.1406 0.9881 0.0628
vn -0.2697 0.9605 0.0686
vn -0.2706 0.9603 0.0679
vn -0.3447 0.9362 0.0693
vn -0.3621 0.9284 0.0842
vn -0.4601 0.8841 0.0821
vn -0.4786 0.8726 0.0978
vn -0.5326 0.8410 0.0955
vn -0.5475 0.8297 0.1085
vn -0.6787 0.7276 0.0994
vn -0.6845 0.7214 0.1051
vn -0.8027 0.5896 0.0896
vn -0.8160 0.5683 0.1055
vn -0.8659 0.4908 0.0966
vn -0.8691 0.4843 0.1009
vn -0.9022 0.4211 0.0934
vn -0.8586 0.5114 0.0353
vn -0.9304 0.3662 0.0171
vn -0.9485 0.3129 0.0490
vn -0.9676 0.2492 0.0401
vn -0.9774 0.1998 0.0685
vn -0.9893 0.1335 0.0594
vn -0.9927 0.0432 0.1122
vn -0.9943 -0.0163 0.1050
vn -0.9965 0.0383 0.0738
vn -0.9955 -0.0749 0.0576
vn -0.9911 -0.1089 0.0772
vn -0.9889 -0.1285 0.0740
vn -0.9734 -0.1987 0.1141
vn -0.9518 -0.2908 0.0973
vn -0.9683 -0.2408 0.0666
vn -0.9318 -0.3606 0.0428
vn -0.9118 -0.4044 0.0714
vn -0.8843 -0.4669 -0.0087
vn -0.9112 -0.4058 0.0711
vn -0.8530 -0.5215 -0.0231
vn -0.8818 -0.4678 -0.0596
vn -0.8349 -0.5443 -0.0820
vn -0.8511 -0.5150 -0.1018
vn -0.8017 -0.5848 -0.1240
vn -0.8166 -0.5597 -0.1413
vn -0.7897 -0.5941 -0.1531
vn -0.7872 -0.5981 -0.1503
vn -0.7337 -0.6573 -0.1719
vn -0.7061 -0.6931 -0.1452
vn -0.5910 -0.7852 -0.1847
vn -0.5978 -0.7787 -0.1905
vn -0.4412 -0.8670 -0.2314
vn -0.4463 -0.8634 -0.2354
vn -0.3368 -0.9056 -0.2579
vn -0.4469 -0.8282 -0.3382
vn -0.3722 -0.8567 -0.3571
vn -0.3205 -0.8907 -0.3223
vn -0.1841 -0.9186 -0.3496
vn -0.1895 -0.9160 -0.3535
vn -0.0048 -0.9257 -0.3783
vn -0.1147 -0.8838 -0.4535
vn 0.0033 -0.8827 -0.4699
vn -0.0598 -0.8588 -0.5088
vn -0.0681 -0.8591 -0.5072
vn -0.0252 -0.8749 -0.4837
vn 0.0391 -0.8673 -0.4963
vn 0.0282 -0.8645 -0.5018
vn 0.2413 -0.9143 -0.3253
vn 0.1749 -0.9155 -0.3624
vn 0.3141 -0.8671 -0.3866
vn 0.3634 -0.8602 -0.3577
vn 0.3586 -0.8626 -0.3569
vn 0.3940 -0.8552 -0.3368
vn 0.5281 -0.7726 -0.3525
vn 0.5019 -0.7821 -0.3694
vn 0.7114 -0.5952 -0.3736
vn 0.6519 -0.6303 -0.4216
vn 0.7294 -0.5392 -0.4210
vn 0.6714 -0.5756 -0.4668
vn 0.7433 -0.4796 -0.4662
vn 0.7546 -0.4711 -0.4567
vn 0.7425 -0.4898 -0.4570
vn 0.7745 -0.4643 -0.4296
vn 0.7939 -0.4308 -0.4291
vn 0.8565 -0.3679 -0.3621
vn 0.8924 -0.2787 -0.3548
vn 0.9311 -0.2186 -0.2921
vn 0.9447 -0.1620 -0.2851
vn 0.9638 -0.1181 -0.2391
vn 0.9611 -0.1345 -0.2413
vn 0.9839 -0.0674 -0.1656
vn 0.9880 0.0484 -0.1470
vn 0.9859 0.0337 -0.1641
vn 0.9717 0.1944 -0.1341
vn 0.9695 0.2261 -0.0943
vn 0.9198 0.3882 -0.0573
vn 0.9163 0.3982 -0.0431
vn 0.8770 0.4800 -0.0216
vn 0.8768 0.4804 -0.0210
vn 0.1391 -0.9369 -0.3206
vn 0.1259 -0.9447 -0.3029
vn 0.8402 0.5400 -0.0488
vn 0.8701 0.4926 -0.0178
vn 0.8132 0.5808 -0.0378
vn 0.8092 0.5869 -0.0276
vn 0.7872 0.6163 -0.0197
vn 0.7735 0.6337 0.0112
vn 0.7432 0.6687 0.0204
vn 0.7343 0.6777 0.0380
vn 0.7225 0.6901 0.0413
vn 0.7113 0.7001 0.0619
vn 0.6884 0.7222 0.0677
vn 0.6771 0.7307 0.0867
vn 0.6107 0.7854 0.1015
vn 0.6210 0.7791 0.0861
vn 0.5512 0.8284 0.0993
vn 0.5497 0.8292 0.1014
vn 0.5225 0.8460 0.1059
vn 0.5323 0.8415 0.0927
vn 0.4383 0.8923 0.1080
vn 0.4098 0.9007 0.1440
vn 0.2780 0.9465 0.1639
vn 0.2672 0.9473 0.1765
vn 0.1041 0.9746 0.1982
vn 0.0805 0.9714 0.2234
vn -0.0508 0.9703 0.2366
vn -0.0023 0.9826 0.1856
vn -0.0925 0.9766 0.1940
vn -0.0934 0.9764 0.1949
vn -0.1481 0.9688 0.1989
vn -0.1071 0.9816 0.1582
vn -0.1334 0.9781 0.1600
vn -0.1574 0.9705 0.1828
vn -0.2633 0.9468 0.1851
vn -0.2606 0.9471 0.1871
vn -0.3551 0.9161 0.1862
vn -0.3534 0.9170 0.1847
vn -0.4731 0.8618 0.1828
vn -0.4954 0.8447 0.2027
vn -0.5401 0.8173 0.2010
vn -0.5803 0.7785 0.2391
vn -0.6717 0.7034 0.2325
vn -0.7012 0.6618 0.2652
vn -0.7989 0.5460 0.2522
vn -0.7710 0.5989 0.2164
vn -0.8587 0.4713 0.2012
vn -0.8382 0.5177 0.1717
vn -0.8519 0.4957 0.1688
vn -0.8623 0.4720 0.1836
vn -0.9411 0.2991 0.1580
vn -0.9448 0.2815 0.1678
vn -0.9697 0.1902 0.1533
vn -0.9656 0.2217 0.1360
vn -0.9932 0.0437 0.1075
vn -0.9933 0.0591 0.0993
vn -0.9948 0.0364 0.0954
vn -0.9948 0.0355 0.0959
vn -0.9917 -0.1083 0.0698
vn -0.9952 -0.0814 0.0551
vn -0.9808 -0.1922 0.0333
vn -0.9735 -0.2231 0.0505
vn -0.9698 -0.2394 0.0470
vn -0.9590 -0.2751 0.0679
vn -0.9148 -0.4022 0.0385
vn -0.9281 -0.3719 0.0197
vn -0.9164 -0.4002 0.0027
vn -0.9202 -0.3911 0.0149
vn -0.8810 -0.4729 -0.0169
vn -0.8837 -0.4676 -0.0205
vn -0.8508 -0.5242 -0.0372
vn -0.8565 -0.5142 -0.0442
vn -0.8173 -0.5728 -0.0627
vn -0.8102 -0.5836 -0.0548
vn -0.7873 -0.6132 -0.0648
vn -0.7674 -0.6397 -0.0443
vn -0.7045 -0.7063 -0.0693
vn -0.6922 -0.7194 -0.0580
vn -0.5956 -0.7980 -0.0915
vn -0.5336 -0.8447 -0.0415
vn -0.4366 -0.8970 -0.0686
vn -0.4872 -0.8667 -0.1073
vn -0.4386 -0.8906 -0.1202
vn -0.3639 -0.9291 -0.0660
vn -0.3029 -0.9496 -0.0806
vn -0.3378 -0.9353 -0.1052
vn -0.1738 -0.9745 -0.1421
vn -0.1948 -0.9682 -0.1572
vn -0.0904 -0.9800 -0.1773
vn -0.1376 -0.9679 -0.2105
vn -0.0204 -0.9723 -0.2329
vn -0.0420 -0.9680 -0.2473
vn 0.0091 -0.9664 -0.2570
vn 0.0045 -0.9656 -0.2600
vn 0.0742 -0.9589 -0.2737
vn 0.0328 -0.9538 -0.2985
vn 0.2037 -0.9496 -0.2383
vn 0.2488 -0.9453 -0.2108
vn 0.3943 -0.8884 -0.2349
vn 0.3896 -0.8897 -0.2381
vn 0.4172 -0.8760 -0.2418
vn 0.4282 -0.8727 -0.2344
vn 0.5335 -0.8095 -0.2450
vn 0.5278 -0.8120 -0.2491
vn 0.6954 -0.6692 -0.2619
vn 0.6585 -0.6930 -0.2935
vn 0.7246 -0.6224 -0.2958
vn 0.7389 -0.6118 -0.2824
vn 0.8103 -0.5140 -0.2813
vn 0.8077 -0.5166 -0.2842
vn 0.8197 -0.4977 -0.2837
vn 0.8797 -0.4280 -0.2072
vn 0.8954 -0.3951 -0.2050
vn 0.9066 -0.3782 -0.1871
vn 0.9554 -0.2390 -0.1734
vn 0.9712 -0.1989 -0.1308
vn 0.9828 -0.1378 -0.1230
vn 0.9736 -0.1675 -0.1548
vn 0.9873 -0.0719 -0.1414
vn 0.9976 -0.0074 -0.0692
vn 0.9977 0.0151 -0.0657
vn 0.9985 0.0475 -0.0277
vn 0.9779 0.2089 0.0010
vn 0.9740 0.2255 0.0225
vn 0.9235 0.3796 0.0549
vn 0.9404 0.3402 -0.0008
vn 0.8819 0.4706 0.0296
vn 0.8912 0.4535 0.0033
vn 0.1300 -0.9727 -0.1921
vn 0.1575 -0.9605 -0.2293
vn 0.8758 0.4808 0.0418
vn 0.8564 0.5161 0.0185
vn 0.8191 0.5701 0.0638
vn 0.8318 0.5540 0.0350
vn 0.7779 0.6261 0.0532
vn 0.7707 0.6336 0.0678
vn 0.7378 0.6705 0.0775
vn 0.7467 0.6624 0.0606
vn 0.7120 0.6987 0.0702
vn 0.6987 0.7093 0.0937
vn 0.6779 0.7285 0.0988
vn 0.6728 0.7320 0.1073
vn 0.6230 0.7732 0.1185
vn 0.6385 0.7638 0.0947
vn 0.5503 0.8274 0.1122
vn 0.5541 0.8256 0.1068
vn 0.5336 0.8385 0.1105
vn 0.5434 0.8339 0.0968
vn 0.4079 0.9052 0.1192
vn 0.3575 0.9160 0.1821
vn 0.2684 0.9435 0.1944
vn 0.2894 0.9420 0.1699
vn 0.0782 0.9777 0.1949
vn 0.0441 0.9719 0.2312
vn 0.0020 0.9720 0.2350
vn 0.0290 0.9780 0.2068
vn -0.0914 0.9719 0.2168
vn -0.0704 0.9782 0.1955
vn -0.1035 0.9748 0.1978
vn -0.1388 0.9626 0.2328
vn -0.1522 0.9604 0.2336
vn -0.1916 0.9432 0.2716
vn -0.2508 0.9263 0.2813
vn -0.2610 0.9257 0.2739
vn -0.3422 0.8960 0.2830
vn -0.4033 0.8495 0.3401
vn -0.4763 0.8115 0.3384
vn -0.4207 0.8607 0.2868
vn -0.5742 0.7692 0.2805
vn -0.6098 0.7272 0.3153
vn -0.6936 0.6519 0.3065
vn -0.6433 0.7227 0.2527
vn -0.7678 0.5950 0.2377
vn -0.7854 0.5619 0.2595
vn -0.8261 0.5044 0.2513
vn -0.8198 0.5189 0.2424
vn -0.8544 0.4637 0.2345
vn -0.8784 0.3900 0.2762
vn -0.9293 0.2680 0.2543
vn -0.9137 0.3463 0.2125
vn -0.9581 0.2149 0.1895
vn -0.9616 0.1789 0.2081
vn -0.9819 0.0493 0.1827
vn -0.9783 0.1672 0.1223
vn -0.9947 0.0355 0.0965
vn -0.9943 0.0187 0.1052
vn -0.9929 -0.0843 0.0839
vn -0.9917 -0.0930 0.0885
vn -0.9728 -0.2239 0.0598
vn -0.9722 -0.2262 0.0611
vn -0.9605 -0.2736 0.0499
vn -0.9468 -0.3134 0.0724
vn -0.9252 -0.3752 0.0568
vn -0.9432 -0.3309 0.0303
vn -0.9203 -0.3910 0.0140
vn -0.9204 -0.3906 0.0146
vn -0.8832 -0.4690 -0.0080
vn -0.8925 -0.4506 -0.0203
vn -0.8564 -0.5148 -0.0397
vn -0.8381 -0.5453 -0.0181
vn -0.8092 -0.5866 -0.0317
vn -0.8010 -0.5983 -0.0229
vn -0.7670 -0.6406 -0.0376
vn -0.7321 -0.6812 -0.0034
vn -0.6895 -0.7241 -0.0196
vn -0.6519 -0.7581 0.0136
vn -0.5319 -0.8464 -0.0249
vn -0.5693 -0.8203 -0.0548
vn -0.4851 -0.8708 -0.0798
vn -0.4684 -0.8810 -0.0667
vn -0.3668 -0.9256 -0.0936
vn -0.3595 -0.9290 -0.0881
vn -0.3366 -0.9369 -0.0939
vn -0.3044 -0.9499 -0.0705
vn -0.1884 -0.9772 -0.0979
vn -0.1958 -0.9752 -0.1032
vn -0.1269 -0.9848 -0.1183
vn -0.1346 -0.9831 -0.1237
vn -0.0280 -0.9889 -0.1459
vn -0.0559 -0.9847 -0.1651
vn 0.0167 -0.9835 -0.1799
vn 0.0021 -0.9819 -0.1895
vn 0.0500 -0.9786 -0.1994
vn 0.0776 -0.9803 -0.1816
vn 0.2629 -0.9559 -0.1310
vn 0.2822 -0.9521 -0.1181
vn 0.4081 -0.9023 -0.1387
vn 0.4068 -0.9028 -0.1396
vn 0.4443 -0.8841 -0.1448
vn 0.4482 -0.8826 -0.1420
vn 0.5446 -0.8245 -0.1532
vn 0.5632 -0.8146 -0.1384
vn 0.6843 -0.7140 -0.1481
vn 0.6776 -0.7190 -0.1543
vn 0.7602 -0.6301 -0.1584
vn 0.7444 -0.6444 -0.1750
vn 0.8275 -0.5335 -0.1752
vn 0.8442 -0.5135 -0.1537
vn 0.8875 -0.4354 -0.1511
vn 0.8843 -0.4400 -0.1560
vn 0.9111 -0.3828 -0.1526
vn 0.9206 -0.3662 -0.1354
vn 0.9722 -0.2003 -0.1211
vn 0.9679 -0.2127 -0.1341
vn 0.9766 -0.1715 -0.1295
vn 0.9854 -0.1403 -0.0967
vn 0.9968 -0.0056 -0.0796
vn 0.9948 -0.0239 -0.0995
vn 0.9945 0.0580 -0.0873
vn 0.9942 0.1006 -0.0386
vn 0.9724 0.2329 -0.0166
vn 0.9791 0.1924 -0.0662
vn 0.9371 0.3470 -0.0377
vn 0.9292 0.3695 -0.0075
vn 0.8918 0.4522 0.0100
vn 0.9025 0.4300 -0.0226
vn 0.1367 -0.9788 -0.1524
vn 0.1888 -0.9749 -0.1178
vn 0.8542 0.5200 -0.0023
vn 0.8477 0.5303 0.0144
vn 0.8304 0.5568 0.0206
vn 0.8154 0.5763 0.0551
vn 0.7708 0.6334 0.0691
vn 0.7689 0.6352 0.0727
vn 0.7481 0.6589 0.0787
vn 0.7654 0.6420 0.0446
vn 0.6963 0.7150 0.0631
vn 0.7142 0.6993 0.0297
vn 0.6673 0.7437 0.0412
vn 0.6806 0.7324 0.0170
vn 0.6321 0.7743 0.0282
vn 0.6195 0.7834 0.0495
vn 0.5503 0.8325 0.0636
vn 0.5517 0.8318 0.0615
vn 0.5403 0.8391 0.0637
vn 0.5074 0.8545 0.1117
vn 0.3541 0.9252 0.1366
vn 0.3991 0.9136 0.0783
vn 0.2827 0.9545 0.0950
vn 0.2184 0.9606 0.1721
vn 0.0407 0.9805 0.1920
vn 0.0453 0.9813 0.1871
vn 0.0273 0.9816 0.1888
vn -0.0133 0.9727 0.2319
vn -0.0666 0.9695 0.2359
vn -0.0731 0.9674 0.2426
vn -0.1373 0.9594 0.2464
vn -0.1446 0.9564 0.2536
vn -0.1934 0.9472 0.2559
vn -0.2058 0.9413 0.2678
vn -0.2616 0.9268 0.2695
vn -0.2541 0.9309 0.2625
vn -0.4146 0.8707 0.2645
vn -0.4119 0.8727 0.2620
vn -0.4244 0.8668 0.2619
vn -0.4783 0.8208 0.3124
vn -0.6118 0.7301 0.3045
vn -0.5181 0.8276 0.2159
vn -0.6495 0.7313 0.2081
vn -0.7050 0.6573 0.2663
vn -0.7865 0.5632 0.2536
vn -0.7715 0.5910 0.2354
vn -0.8228 0.5220 0.2249
vn -0.8532 0.4466 0.2694
vn -0.8820 0.3931 0.2600
vn -0.8772 0.4092 0.2512
vn -0.9087 0.3420 0.2392
vn -0.9178 0.2980 0.2624
vn -0.9555 0.1745 0.2380
vn -0.9432 0.2748 0.1869
vn -0.9730 0.1621 0.1646
vn -0.9754 0.1143 0.1887
vn -0.9859 0.0118 0.1669
vn -0.9879 0.0579 0.1440
vn -0.9894 -0.0952 0.1093
vn -0.9799 -0.1466 0.1350
vn -0.9661 -0.2314 0.1142
vn -0.9765 -0.1935 0.0944
vn -0.9477 -0.3126 0.0641
vn -0.9452 -0.3194 0.0678
vn -0.9403 -0.3343 0.0639
vn -0.9468 -0.3172 0.0539
vn -0.9191 -0.3926 0.0333
vn -0.9092 -0.4137 0.0465
vn -0.8889 -0.4568 0.0338
vn -0.8884 -0.4578 0.0344
vn -0.8364 -0.5481 0.0060
vn -0.8250 -0.5648 0.0182
vn -0.7988 -0.6016 0.0057
vn -0.8041 -0.5944 0.0002
vn -0.7343 -0.6781 -0.0306
vn -0.6953 -0.7187 0.0049
vn -0.6546 -0.7559 -0.0104
vn -0.6858 -0.7268 -0.0377
vn -0.5711 -0.8172 -0.0769
vn -0.5581 -0.8271 -0.0663
vn -0.4707 -0.8773 -0.0932
vn -0.4328 -0.8992 -0.0640
vn -0.3591 -0.9295 -0.0843
vn -0.4110 -0.9033 -0.1232
vn -0.3126 -0.9380 -0.1496
vn -0.2230 -0.9711 -0.0846
vn -0.1944 -0.9767 -0.0913
vn -0.2188 -0.9697 -0.1088
vn -0.1351 -0.9826 -0.1278
vn -0.0973 -0.9901 -0.1009
vn -0.0486 -0.9926 -0.1113
vn 0.0118 -0.9922 -0.1239
vn 0.0171 -0.9926 -0.1203
vn 0.0851 -0.9873 -0.1342
vn 0.0759 -0.9872 -0.1403
vn 0.2802 -0.9509 -0.1311
vn 0.2918 -0.9485 -0.1232
vn 0.4065 -0.9026 -0.1416
vn 0.4066 -0.9026 -0.1416
vn 0.4474 -0.8821 -0.1474
vn 0.4595 -0.8773 -0.1386
vn 0.5615 -0.8135 -0.1511
vn 0.6276 -0.7727 -0.0954
vn 0.6835 -0.7230 -0.1003
vn 0.6375 -0.7571 -0.1428
vn 0.7476 -0.6471 -0.1493
vn 0.7773 -0.6182 -0.1167
vn 0.8478 -0.5173 -0.1167
vn 0.8285 -0.5416 -0.1423
vn 0.8861 -0.4419 -0.1399
vn 0.8947 -0.4285 -0.1261
vn 0.9218 -0.3677 -0.1228
vn 0.9277 -0.3563 -0.1111
vn 0.9709 -0.2173 -0.1006
vn 0.9745 -0.2060 -0.0891
vn 0.9864 -0.1424 -0.0825
vn 0.9803 -0.1660 -0.1071
vn 0.9956 -0.0254 -0.0901
vn 0.9975 -0.0072 -0.0704
vn 0.9931 0.1033 -0.0547
vn 0.9931 0.1038 -0.0541
vn 0.9814 0.1879 -0.0403
vn 0.9712 0.2375 0.0206
vn 0.9321 0.3597 0.0434
vn 0.9451 0.3268 -0.0004
vn 0.9063 0.4223 0.0184
vn 0.8931 0.4466 0.0544
vn 0.1940 -0.9775 -0.0824
vn 0.1545 -0.9819 -0.1092
vn 0.8517 0.5193 0.0696
vn 0.8733 0.4869 0.0175
vn 0.8140 0.5796 0.0380
vn 0.8140 0.5797 0.0381
vn 0.7672 0.6393 0.0520
vn 0.7887 0.6147 0.0064
vn 0.7622 0.6472 0.0140
vn 0.7573 0.6527 0.0244
vn 0.7149 0.6983 0.0356
vn 0.7364 0.6764 -0.0078
vn 0.6793 0.7339 0.0066
vn 0.6774 0.7355 0.0101
vn 0.6165 0.7870 0.0240
vn 0.6125 0.7899 0.0309
vn 0.5497 0.8342 0.0439
vn 0.5460 0.8363 0.0496
vn 0.5018 0.8630 0.0582
vn 0.4542 0.8818 0.1268
vn 0.4049 0.9043 0.1352
vn 0.4103 0.9029 0.1280
vn 0.2169 0.9637 0.1558
vn 0.1939 0.9639 0.1827
vn 0.0465 0.9788 0.1995
vn 0.0425 0.9781 0.2038
vn -0.0155 0.9778 0.2088
vn -0.0274 0.9748 0.2214
vn -0.0749 0.9715 0.2247
vn -0.0814 0.9695 0.2313
vn -0.1467 0.9609 0.2349
vn -0.1429 0.9624 0.2311
vn -0.2098 0.9494 0.2339
vn -0.2536 0.9269 0.2766
vn -0.2522 0.9273 0.2765
vn -0.3009 0.8975 0.3225
vn -0.4033 0.8567 0.3215
vn -0.3765 0.8777 0.2965
vn -0.4814 0.8258 0.2936
vn -0.5143 0.7938 0.3245
vn -0.5002 0.8025 0.3253
vn -0.4999 0.8027 0.3251
vn -0.6984 0.6481 0.3037
vn -0.6666 0.6946 0.2706
vn -0.7685 0.5872 0.2541
vn -0.7370 0.6395 0.2188
vn -0.8669 0.4607 0.1905
vn -0.8588 0.4801 0.1789
vn -0.8906 0.4224 0.1688
vn -0.9040 0.3822 0.1915
vn -0.9334 0.3115 0.1780
vn -0.9298 0.3263 0.1701
vn -0.9470 0.2783 0.1607
vn -0.9523 0.2495 0.1759
vn -0.9816 0.1195 0.1490
vn -0.9782 0.1647 0.1262
vn -0.9926 0.0626 0.1038
vn -0.9925 0.0386 0.1158
vn -0.9875 -0.1395 0.0736
vn -0.9925 -0.1073 0.0577
vn -0.9816 -0.1871 0.0375
vn -0.9646 -0.2538 0.0716
vn -0.9465 -0.3180 0.0543
vn -0.9561 -0.2904 0.0393
vn -0.9486 -0.3148 0.0326
vn -0.9339 -0.3534 0.0547
vn -0.9101 -0.4127 0.0373
vn -0.9172 -0.3974 0.0279
vn -0.8904 -0.4551 0.0104
vn -0.8621 -0.5048 0.0438
vn -0.8245 -0.5654 0.0238
vn -0.8235 -0.5668 0.0248
vn -0.8028 -0.5961 0.0146
vn -0.8116 -0.5842 0.0055
vn -0.6998 -0.7130 -0.0435
vn -0.6948 -0.7181 -0.0390
vn -0.6862 -0.7262 -0.0424
vn -0.6942 -0.7181 -0.0496
vn -0.5607 -0.8222 -0.0976
vn -0.5695 -0.8153 -0.1049
vn -0.4399 -0.8863 -0.1445
vn -0.4647 -0.8702 -0.1639
vn -0.4150 -0.8922 -0.1780
vn -0.3629 -0.9216 -0.1379
vn -0.2322 -0.9577 -0.1700
vn -0.2782 -0.9387 -0.2036
vn -0.2300 -0.9491 -0.2153
vn -0.1201 -0.9833 -0.1365
vn -0.1022 -0.9848 -0.1404
vn -0.0604 -0.9920 -0.1106
vn -0.0488 -0.9924 -0.1130
vn -0.0063 -0.9965 -0.0831
vn 0.0215 -0.9958 -0.0888
vn 0.0238 -0.9959 -0.0872
vn 0.0821 -0.9917 -0.0989
vn 0.1249 -0.9897 -0.0694
vn 0.2933 -0.9494 -0.1126
vn 0.2851 -0.9512 -0.1183
vn 0.4071 -0.9029 -0.1380
vn 0.3733 -0.9135 -0.1617
vn 0.4545 -0.8737 -0.1733
vn 0.5037 -0.8530 -0.1368
vn 0.6213 -0.7690 -0.1503
vn 0.5721 -0.7978 -0.1905
vn 0.6303 -0.7512 -0.1960
vn 0.6695 -0.7250 -0.1616
vn 0.7719 -0.6134 -0.1670
vn 0.7616 -0.6231 -0.1780
vn 0.8242 -0.5373 -0.1789
vn 0.8426 -0.5156 -0.1556
vn 0.8920 -0.4254 -0.1532
vn 0.8988 -0.4146 -0.1422
vn 0.9253 -0.3528 -0.1391
vn 0.9164 -0.3689 -0.1556
vn 0.9697 -0.1986 -0.1426
vn 0.9793 -0.1684 -0.1119
vn 0.9799 -0.1653 -0.1115
vn 0.9815 -0.1597 -0.1057
vn 0.9962 -0.0045 -0.0864
vn 0.9985 0.0364 -0.0421
vn 0.9944 0.1002 -0.0330
vn 0.9952 0.0836 -0.0516
vn 0.9689 0.2461 -0.0263
vn 0.9713 0.2346 -0.0402
vn 0.9433 0.3310 -0.0236
vn 0.9372 0.3488 -0.0006
vn 0.8909 0.4538 0.0186
vn 0.9008 0.4340 -0.0095
vn 0.1753 -0.9781 -0.1119
vn 0.1574 -0.9836 -0.0886
vn 0.8731 0.4872 0.0162
vn 0.8636 0.5042 0.0042
vn 0.8138 0.5801 0.0358
vn 0.8218 0.5695 0.0176
vn 0.7910 0.6113 0.0268
vn 0.8034 0.5955 -0.0013
vn 0.7558 0.6546 0.0121
vn 0.7561 0.6544 0.0117
vn 0.7395 0.6730 0.0161
vn 0.7529 0.6581 -0.0123
vn 0.6770 0.7359 0.0070
vn 0.6700 0.7421 0.0203
vn 0.6128 0.7896 0.0332
vn 0.6236 0.7816 0.0143
vn 0.5436 0.8387 0.0310
vn 0.5518 0.8338 0.0179
vn 0.4437 0.8953 0.0385
vn 0.3985 0.9113 0.1034
vn 0.4074 0.9075 0.1019
vn 0.3493 0.9196 0.1798
vn 0.1958 0.9596 0.2021
vn 0.1702 0.9578 0.2315
vn 0.0463 0.9687 0.2439
vn 0.0829 0.9755 0.2036
vn -0.0282 0.9767 0.2129
vn -0.0214 0.9784 0.2055
vn -0.0837 0.9742 0.2097
vn -0.0957 0.9703 0.2222
vn -0.1436 0.9638 0.2246
vn -0.1411 0.9647 0.2222
vn -0.2598 0.9389 0.2258
vn -0.2515 0.9431 0.2177
vn -0.3170 0.9272 0.1994
vn -0.2923 0.9311 0.2183
vn -0.3893 0.8993 0.1992
vn -0.4367 0.8660 0.2437
vn -0.5275 0.8151 0.2397
vn -0.4942 0.8439 0.2087
vn -0.5188 0.8294 0.2073
vn -0.5239 0.8250 0.2119
vn -0.6773 0.7092 0.1956
vn -0.7196 0.6522 0.2383
vn -0.7345 0.6363 0.2358
vn -0.7320 0.6402 0.2331
vn -0.8554 0.4760 0.2044
vn -0.8499 0.4888 0.1968
vn -0.9060 0.3843 0.1773
vn -0.9023 0.3958 0.1709
vn -0.9314 0.3280 0.1577
vn -0.9394 0.2943 0.1757
vn -0.9536 0.2507 0.1669
vn -0.9560 0.2359 0.1745
vn -0.9742 0.1605 0.1586
vn -0.9746 0.1562 0.1608
vn -0.9903 0.0363 0.1340
vn -0.9892 0.0121 0.1459
vn -0.9867 -0.1144 0.1151
vn -0.9883 -0.1050 0.1104
vn -0.9646 -0.2537 0.0713
vn -0.9603 -0.2677 0.0784
vn -0.9531 -0.2942 0.0710
vn -0.9629 -0.2642 0.0551
vn -0.9361 -0.3505 0.0304
vn -0.9256 -0.3758 0.0448
vn -0.9166 -0.3983 0.0349
vn -0.9176 -0.3956 0.0389
vn -0.8661 -0.4999 0.0025
vn -0.8797 -0.4753 -0.0135
vn -0.8289 -0.5578 -0.0415
vn -0.8589 -0.5064 -0.0764
vn -0.8173 -0.5677 -0.0981
vn -0.7859 -0.6150 -0.0641
vn -0.6986 -0.7084 -0.1006
vn -0.7494 -0.6449 -0.1500
vn -0.6996 -0.6939 -0.1707
vn -0.6784 -0.7191 -0.1506
vn -0.5736 -0.7973 -0.1878
vn -0.5809 -0.7905 -0.1940
vn -0.4676 -0.8536 -0.2295
vn -0.4159 -0.8896 -0.1889
vn -0.3676 -0.9078 -0.2019
vn -0.3096 -0.9376 -0.1583
vn -0.2750 -0.9469 -0.1667
vn -0.1976 -0.9741 -0.1098
vn -0.1190 -0.9847 -0.1274
vn -0.1335 -0.9814 -0.1378
vn -0.0656 -0.9861 -0.1526
vn -0.0461 -0.9893 -0.1387
vn -0.0145 -0.9893 -0.1454
vn 0.0097 -0.9917 -0.1283
vn 0.0179 -0.9914 -0.1299
vn 0.0376 -0.9925 -0.1163
vn 0.1161 -0.9845 -0.1318
vn 0.1513 -0.9826 -0.1075
vn 0.2776 -0.9456 -0.1696
vn 0.3019 -0.9410 -0.1530
vn 0.3729 -0.9132 -0.1642
vn 0.3723 -0.9134 -0.1646
vn 0.4974 -0.8483 -0.1816
vn 0.5362 -0.8303 -0.1519
vn 0.5770 -0.8016 -0.1566
vn 0.5425 -0.8198 -0.1836
vn 0.6649 -0.7210 -0.1949
vn 0.6775 -0.7122 -0.1837
vn 0.7602 -0.6218 -0.1884
vn 0.7478 -0.6327 -0.2010
vn 0.8363 -0.5095 -0.2026
vn 0.8247 -0.5225 -0.2166
vn 0.8890 -0.4047 -0.2141
vn 0.8795 -0.4179 -0.2278
vn 0.9060 -0.3585 -0.2250
vn 0.9271 -0.3236 -0.1890
vn 0.9715 -0.1588 -0.1763
vn 0.9468 -0.2183 -0.2366
vn 0.9630 -0.1406 -0.2300
vn 0.9824 -0.0801 -0.1686
vn 0.9869 0.0544 -0.1519
vn 0.9897 0.1039 -0.0986
vn 0.9907 0.0918 -0.1003
vn 0.9901 0.1257 -0.0628
vn 0.9707 0.2357 -0.0467
vn 0.9638 0.2665 -0.0100
vn 0.9375 0.3480 0.0034
vn 0.9407 0.3390 -0.0082
vn 0.9024 0.4309 0.0080
vn 0.9096 0.4152 -0.0138
vn 0.1643 -0.9685 -0.1873
vn 0.2083 -0.9653 -0.1577
vn 0.8634 0.5044 0.0030
vn 0.8647 0.5023 -0.0003
vn 0.8214 0.5702 0.0133
vn 0.8319 0.5549 -0.0118
vn 0.8031 0.5958 -0.0033
vn 0.8192 0.5719 -0.0431
vn 0.7512 0.6597 -0.0241
vn 0.7575 0.6517 -0.0384
vn 0.7493 0.6612 -0.0363
vn 0.7407 0.6717 -0.0172
vn 0.6672 0.7449 0.0005
vn 0.6720 0.7405 -0.0086
vn 0.6219 0.7831 0.0027
vn 0.6108 0.7915 0.0224
vn 0.5540 0.8318 0.0340
vn 0.5515 0.8333 0.0380
vn 0.3936 0.9169 0.0654
vn 0.4181 0.9079 0.0304
vn 0.3327 0.9420 0.0444
vn 0.2726 0.9539 0.1253
vn 0.1607 0.9770 0.1404
vn 0.1305 0.9756 0.1765
vn 0.0806 0.9801 0.1816
vn 0.0508 0.9752 0.2153
vn -0.0197 0.9751 0.2209
vn -0.0119 0.9771 0.2125
vn -0.0962 0.9712 0.2178
vn -0.0711 0.9789 0.1915
vn -0.1441 0.9701 0.1952
vn -0.1421 0.9708 0.1932
vn -0.2539 0.9471 0.1963
vn -0.2441 0.9516 0.1868
vn -0.2957 0.9367 0.1875
vn -0.3318 0.9169 0.2216
vn -0.4398 0.8709 0.2196
vn -0.4684 0.8484 0.2468
vn -0.4895 0.8367 0.2458
vn -0.4708 0.8522 0.2283
vn -0.5221 0.8225 0.2256
vn -0.5416 0.8044 0.2441
vn -0.7215 0.6547 0.2252
vn -0.6776 0.7130 0.1803
vn -0.7400 0.6505 0.1709
vn -0.7203 0.6771 0.1507
vn -0.8578 0.4996 0.1209
vn -0.8703 0.4729 0.1374
vn -0.9071 0.4022 0.1242
vn -0.9325 0.3181 0.1710
vn -0.9407 0.2956 0.1665
vn -0.9496 0.2484 0.1911
vn -0.9539 0.2339 0.1881
vn -0.9508 0.2533 0.1781
vn -0.9750 0.1566 0.1575
vn -0.9775 0.1001 0.1856
vn -0.9863 0.0097 0.1646
vn -0.9844 -0.0125 0.1754
vn -0.9824 -0.1102 0.1508
vn -0.9917 -0.0463 0.1199
vn -0.9621 -0.2655 0.0617
vn -0.9635 -0.2610 0.0594
vn -0.9626 -0.2646 0.0584
vn -0.9650 -0.2566 0.0543
vn -0.9278 -0.3726 0.0200
vn -0.9344 -0.3560 0.0107
vn -0.9207 -0.3903 0.0001
vn -0.9247 -0.3807 -0.0055
vn -0.8809 -0.4720 -0.0351
vn -0.8897 -0.4542 -0.0462
vn -0.8586 -0.5086 -0.0645
vn -0.8360 -0.5475 -0.0382
vn -0.7858 -0.6152 -0.0627
vn -0.7841 -0.6176 -0.0610
vn -0.7472 -0.6600 -0.0774
vn -0.7474 -0.6599 -0.0775
vn -0.6766 -0.7287 -0.1061
vn -0.6930 -0.7107 -0.1209
vn -0.5797 -0.7986 -0.1615
vn -0.5414 -0.8307 -0.1299
vn -0.4146 -0.8946 -0.1664
vn -0.3843 -0.9120 -0.1433
vn -0.3099 -0.9368 -0.1623
vn -0.2936 -0.9440 -0.1502
vn -0.2041 -0.9638 -0.1717
vn -0.1632 -0.9763 -0.1421
vn -0.1348 -0.9797 -0.1485
vn -0.1255 -0.9819 -0.1418
vn -0.0485 -0.9862 -0.1584
vn -0.0102 -0.9913 -0.1310
vn 0.0088 -0.9908 -0.1349
vn -0.0275 -0.9867 -0.1605
vn 0.0299 -0.9846 -0.1722
vn 0.0898 -0.9874 -0.1304
vn 0.1466 -0.9791 -0.1412
vn 0.0974 -0.9798 -0.1748
vn 0.2954 -0.9350 -0.1962
vn 0.2970 -0.9347 -0.1951
vn 0.3659 -0.9076 -0.2058
vn 0.4066 -0.8962 -0.1777
vn 0.5301 -0.8253 -0.1946
vn 0.4749 -0.8481 -0.2349
vn 0.5326 -0.8110 -0.2421
vn 0.5806 -0.7877 -0.2060
vn 0.6728 -0.7079 -0.2148
vn 0.6490 -0.7236 -0.2351
vn 0.7411 -0.6266 -0.2413
vn 0.7623 -0.6086 -0.2202
vn 0.8239 -0.5218 -0.2213
vn 0.8318 -0.5131 -0.2119
vn 0.8825 -0.4207 -0.2101
vn 0.8716 -0.4353 -0.2253
vn 0.9220 -0.3186 -0.2201
vn 0.9405 -0.2848 -0.1855
vn 0.9568 -0.2273 -0.1813
vn 0.9665 -0.2031 -0.1566
vn 0.9858 -0.0838 -0.1452
vn 0.9908 -0.0600 -0.1210
vn 0.9893 0.1043 -0.1016
vn 0.9893 0.0994 -0.1069
vn 0.9859 0.1323 -0.1025
vn 0.9836 0.1699 -0.0607
vn 0.9611 0.2726 -0.0452
vn 0.9607 0.2743 -0.0432
vn 0.9387 0.3433 -0.0322
vn 0.9393 0.3415 -0.0345
vn 0.9088 0.4166 -0.0217
vn 0.9073 0.4201 -0.0169
vn 0.2047 -0.9618 -0.1818
vn 0.2057 -0.9617 -0.1812
vn 0.8645 0.5026 -0.0019
vn 0.8731 0.4869 -0.0252
vn 0.8318 0.5549 -0.0122
vn 0.8451 0.5326 -0.0471
vn 0.8197 0.5714 -0.0395
vn 0.8172 0.5754 -0.0330
vn 0.7607 0.6489 -0.0175
vn 0.7724 0.6336 -0.0443
vn 0.7379 0.6740 -0.0354
vn 0.7436 0.6669 -0.0483
vn 0.6685 0.7431 -0.0300
vn 0.6573 0.7536 -0.0081
vn 0.6079 0.7940 0.0027
vn 0.6016 0.7987 0.0138
vn 0.5496 0.8351 0.0244
vn 0.5048 0.8581 0.0943
vn 0.4284 0.8972 0.1078
vn 0.3849 0.9079 0.1661
vn 0.2795 0.9428 0.1817
vn 0.2660 0.9433 0.1984
vn 0.1348 0.9675 0.2139
vn 0.1524 0.9692 0.1933
vn 0.0495 0.9778 0.2036
vn 0.0449 0.9769 0.2088
vn -0.0118 0.9769 0.2133
vn 0.0092 0.9817 0.1903
vn -0.0706 0.9781 0.1957
vn -0.0694 0.9784 0.1945
vn -0.1415 0.9699 0.1981
vn -0.1103 0.9799 0.1662
vn -0.2458 0.9542 0.1708
vn -0.2422 0.9557 0.1673
vn -0.3377 0.9261 0.1679
vn -0.3004 0.9445 0.1327
vn -0.4805 0.8674 0.1297
vn -0.4306 0.8987 0.0837
vn -0.4842 0.8711 0.0816
vn -0.4769 0.8758 0.0751
vn -0.5580 0.8268 0.0703
vn -0.5785 0.8109 0.0886
vn -0.6850 0.7244 0.0771
vn -0.7306 0.6718 0.1221
vn -0.7224 0.6804 0.1233
vn -0.7848 0.5897 0.1907
vn -0.8670 0.4685 0.1700
vn -0.8609 0.4825 0.1614
vn -0.9370 0.3236 0.1318
vn -0.9225 0.3715 0.1050
vn -0.9612 0.2629 0.0832
vn -0.9538 0.2930 0.0670
vn -0.9612 0.2689 0.0619
vn -0.9714 0.2210 0.0873
vn -0.9911 0.1163 0.0640
vn -0.9890 0.1383 0.0529
vn -0.9997 0.0077 0.0221
vn -0.9997 0.0042 0.0238
vn -0.9994 -0.0315 0.0149
vn -0.9858 -0.1509 0.0736
vn -0.9649 -0.2589 0.0444
vn -0.9753 -0.2194 0.0246
vn -0.9678 -0.2511 0.0156
vn -0.9623 -0.2707 0.0258
vn -0.9350 -0.3545 0.0008
vn -0.9387 -0.3447 -0.0046
vn -0.9252 -0.3791 -0.0152
vn -0.9130 -0.4080 0.0017
vn -0.8881 -0.4594 -0.0149
vn -0.8841 -0.4672 -0.0100
vn -0.8359 -0.5476 -0.0374
vn -0.8284 -0.5594 -0.0293
vn -0.7835 -0.6193 -0.0512
vn -0.7806 -0.6231 -0.0484
vn -0.7464 -0.6624 -0.0636
vn -0.7425 -0.6671 -0.0600
vn -0.6906 -0.7187 -0.0813
vn -0.6555 -0.7535 -0.0511
vn -0.5384 -0.8377 -0.0919
vn -0.5444 -0.8332 -0.0966
vn -0.3843 -0.9120 -0.1434
vn -0.3718 -0.9186 -0.1341
vn -0.2940 -0.9434 -0.1537
vn -0.2595 -0.9572 -0.1286
vn -0.1642 -0.9749 -0.1506
vn -0.2059 -0.9618 -0.1805
vn -0.1320 -0.9714 -0.1972
vn -0.0963 -0.9804 -0.1719
vn -0.0174 -0.9820 -0.1881
vn -0.0517 -0.9758 -0.2123
vn -0.0348 -0.9758 -0.2158
vn 0.0072 -0.9824 -0.1867
vn 0.0801 -0.9763 -0.2009
vn 0.0999 -0.9772 -0.1872
vn 0.0957 -0.9778 -0.1865
vn 0.1239 -0.9781 -0.1674
vn 0.2982 -0.9359 -0.1874
vn 0.3329 -0.9287 -0.1636
vn 0.4070 -0.8966 -0.1746
vn 0.3892 -0.9020 -0.1871
vn 0.4808 -0.8538 -0.1999
vn 0.4636 -0.8603 -0.2121
vn 0.5773 -0.7847 -0.2256
vn 0.5750 -0.7859 -0.2274
vn 0.6491 -0.7236 -0.2347
vn 0.6706 -0.7095 -0.2164
vn 0.7620 -0.6082 -0.2224
vn 0.7588 -0.6110 -0.2256
vn 0.8291 -0.5107 -0.2275
vn 0.8396 -0.4989 -0.2149
vn 0.8736 -0.4371 -0.2142
vn 0.8810 -0.4270 -0.2039
vn 0.9384 -0.2827 -0.1986
vn 0.9410 -0.2777 -0.1936
vn 0.9620 -0.1982 -0.1880
vn 0.9823 -0.1377 -0.1269
vn 0.9910 -0.0602 -0.1196
vn 0.9945 -0.0387 -0.0977
vn 0.9920 0.0956 -0.0830
vn 0.9918 0.1053 -0.0726
vn 0.9833 0.1705 -0.0642
vn 0.9826 0.1768 -0.0573
vn 0.9606 0.2744 -0.0435
vn 0.9624 0.2665 -0.0528
vn 0.9386 0.3426 -0.0412
vn 0.9373 0.3466 -0.0362
vn 0.9066 0.4213 -0.0239
vn 0.9091 0.4153 -0.0320
vn 0.2120 -0.9608 -0.1786
vn 0.2070 -0.9631 -0.1721
vn 0.8715 0.4889 -0.0378
vn 0.8833 0.4682 -0.0229
vn 0.8474 0.5300 -0.0303
vn 0.8512 0.5233 -0.0406
vn 0.8176 0.5750 -0.0307
vn 0.8156 0.5781 -0.0257
vn 0.7768 0.6296 -0.0152
vn 0.7926 0.6075 -0.0531
vn 0.7448 0.6660 -0.0407
vn 0.7435 0.6676 -0.0377
vn 0.6558 0.7547 -0.0171
vn 0.6474 0.7622 -0.0010
vn 0.6008 0.7993 0.0090
vn 0.5719 0.8182 0.0581
vn 0.5019 0.8619 0.0718
vn 0.4771 0.8721 0.1089
vn 0.3802 0.9164 0.1254
vn 0.3595 0.9205 0.1530
vn 0.2623 0.9505 0.1669
vn 0.2204 0.9506 0.2186
vn 0.1562 0.9615 0.2260
vn 0.1686 0.9627 0.2114
vn 0.0465 0.9737 0.2231
vn 0.0666 0.9774 0.2004
vn 0.0109 0.9787 0.2050
vn 0.0103 0.9786 0.2057
vn -0.0675 0.9752 0.2109
vn -0.0507 0.9799 0.1929
vn -0.1069 0.9747 0.1961
vn -0.1348 0.9650 0.2250
vn -0.2354 0.9448 0.2279
vn -0.1706 0.9716 0.1638
vn -0.2958 0.9384 0.1787
vn -0.3124 0.9354 0.1655
vn -0.4231 0.8887 0.1767
vn -0.3284 0.9403 0.0899
vn -0.4763 0.8751 0.0859
vn -0.4615 0.8841 0.0727
vn -0.5795 0.8124 0.0656
vn -0.6170 0.7805 0.1009
vn -0.7326 0.6750 0.0872
vn -0.7490 0.6543 0.1042
vn -0.7929 0.6017 0.0962
vn -0.7922 0.6028 0.0954
vn -0.8668 0.4927 0.0764
vn -0.8894 0.4446 0.1067
vn -0.9232 0.3729 0.0932
vn -0.9369 0.3289 0.1181
vn -0.9514 0.2876 0.1098
vn -0.9528 0.2818 0.1130
vn -0.9705 0.2194 0.0997
vn -0.9725 0.2075 0.1059
vn -0.9870 0.1334 0.0894
vn -0.9900 0.0815 0.1155
vn -0.9955 -0.0057 0.0945
vn -0.9963 0.0156 0.0840
vn -0.9883 -0.1465 0.0426
vn -0.9799 -0.1891 0.0635
vn -0.9732 -0.2237 0.0541
vn -0.9823 -0.1840 0.0342
vn -0.9633 -0.2684 0.0107
vn -0.9515 -0.3060 0.0304
vn -0.9373 -0.3482 0.0179
vn -0.9422 -0.3349 0.0106
vn -0.9116 -0.4106 0.0186
vn -0.8999 -0.4356 -0.0208
vn -0.8834 -0.4687 -0.0001
vn -0.8817 -0.4718 0.0018
vn -0.8283 -0.5596 -0.0285
vn -0.8345 -0.5499 -0.0351
vn -0.7815 -0.6209 -0.0612
vn -0.7805 -0.6222 -0.0602
vn -0.7437 -0.6641 -0.0765
vn -0.7303 -0.6801 -0.0641
vn -0.6591 -0.7464 -0.0924
vn -0.6190 -0.7832 -0.0590
vn -0.5432 -0.8353 -0.0847
vn -0.5281 -0.8460 -0.0731
vn -0.3704 -0.9212 -0.1194
vn -0.3700 -0.9213 -0.1191
vn -0.2614 -0.9540 -0.1469
vn -0.2668 -0.9519 -0.1508
vn -0.2043 -0.9648 -0.1656
vn -0.1863 -0.9705 -0.1528
vn -0.0964 -0.9803 -0.1725
vn -0.1183 -0.9750 -0.1880
vn -0.0505 -0.9780 -0.2023
vn -0.0399 -0.9800 -0.1949
vn 0.0049 -0.9790 -0.2039
vn 0.0220 -0.9811 -0.1920
vn 0.0972 -0.9737 -0.2063
vn 0.0991 -0.9737 -0.2049
vn 0.1179 -0.9709 -0.2084
vn 0.1717 -0.9701 -0.1716
vn 0.3315 -0.9274 -0.1732
vn 0.3299 -0.9278 -0.1743
vn 0.3897 -0.9024 -0.1836
vn 0.3668 -0.9087 -0.1992
vn 0.4634 -0.8601 -0.2135
vn 0.4776 -0.8547 -0.2035
vn 0.5769 -0.7877 -0.2161
vn 0.5714 -0.7906 -0.2204
vn 0.6683 -0.7074 -0.2302
vn 0.7114 -0.6761 -0.1918
vn 0.7636 -0.6154 -0.1955
vn 0.7351 -0.6400 -0.2234
vn 0.8373 -0.4968 -0.2285
vn 0.8286 -0.5065 -0.2387
vn 0.8750 -0.4214 -0.2384
vn 0.8907 -0.3999 -0.2164
vn 0.9379 -0.2748 -0.2116
vn 0.9407 -0.2695 -0.2063
vn 0.9723 -0.1268 -0.1964
vn 0.9808 -0.0988 -0.1684
vn 0.9864 -0.0286 -0.1619
vn 0.9802 -0.0566 -0.1899
vn 0.9776 0.1211 -0.1720
vn 0.9783 0.1362 -0.1564
vn 0.9700 0.1916 -0.1494
vn 0.9695 0.2039 -0.1361
vn 0.9523 0.2781 -0.1259
vn 0.9481 0.3025 -0.0978
vn 0.9304 0.3553 -0.0898
vn 0.9244 0.3759 -0.0644
vn 0.9059 0.4195 -0.0574
vn 0.9044 0.4234 -0.0522
vn 0.2356 -0.9550 -0.1799
vn 0.2156 -0.9643 -0.1539
vn 0.8791 0.4734 -0.0553
vn 0.8864 0.4606 -0.0460
vn 0.8504 0.5242 -0.0463
vn 0.8583 0.5083 -0.0697
vn 0.8109 0.5824 -0.0560
vn 0.8176 0.5709 -0.0741
vn 0.7902 0.6092 -0.0667
vn 0.7901 0.6093 -0.0665
vn 0.7407 0.6697 -0.0542
vn 0.7126 0.7016 0.0056
vn 0.6505 0.7593 0.0194
vn 0.6527 0.7575 0.0154
vn 0.5683 0.8221 0.0328
vn 0.5323 0.8417 0.0904
vn 0.4761 0.8736 0.1007
vn 0.4296 0.8875 0.1664
vn 0.3622 0.9151 0.1772
vn 0.3545 0.9161 0.1872
vn 0.2188 0.9541 0.2047
vn 0.2178 0.9540 0.2059
vn 0.1837 0.9637 0.1936
vn 0.0671 0.9765 0.2048
vn 0.0340 0.9696 0.2423
vn 0.0150 0.9697 0.2437
vn 0.0364 0.9748 0.2200
vn -0.0465 0.9730 0.2262
vn -0.0661 0.9667 0.2473
vn -0.1315 0.9591 0.2507
vn -0.1018 0.9702 0.2197
vn -0.1637 0.9611 0.2224
vn -0.1720 0.9577 0.2308
vn -0.3100 0.9322 0.1871
vn -0.2500 0.9398 0.2330
vn -0.3191 0.9291 0.1871
vn -0.3475 0.9130 0.2136
vn -0.4510 0.8673 0.2110
vn -0.4461 0.8709 0.2064
vn -0.6086 0.7691 0.1950
vn -0.6251 0.7513 0.2116
vn -0.7406 0.6422 0.1976
vn -0.7084 0.6868 0.1628
vn -0.7887 0.5964 0.1490
vn -0.7953 0.5857 0.1567
vn -0.8874 0.4414 0.1329
vn -0.9012 0.4046 0.1551
vn -0.9350 0.3259 0.1401
vn -0.9264 0.3557 0.1234
vn -0.9531 0.2824 0.1085
vn -0.9613 0.2431 0.1295
vn -0.9711 0.2053 0.1214
vn -0.9735 0.1879 0.1303
vn -0.9909 0.0829 0.1062
vn -0.9901 0.1020 0.0966
vn -0.9969 0.0167 0.0762
vn -0.9966 0.0038 0.0826
vn -0.9821 -0.1850 0.0354
vn -0.9830 -0.1808 0.0333
vn -0.9824 -0.1837 0.0325
vn -0.9824 -0.1841 0.0327
vn -0.9536 -0.3012 -0.0004
vn -0.9441 -0.3293 0.0145
vn -0.9420 -0.3353 0.0127
vn -0.9360 -0.3513 0.0215
vn -0.8975 -0.4409 0.0118
vn -0.8904 -0.4551 -0.0110
vn -0.8817 -0.4718 0.0017
vn -0.8808 -0.4736 0.0028
vn -0.8337 -0.5517 -0.0242
vn -0.8327 -0.5532 -0.0232
vn -0.7797 -0.6241 -0.0496
vn -0.7928 -0.6062 -0.0625
vn -0.7321 -0.6753 -0.0897
vn -0.6868 -0.7252 -0.0494
vn -0.6205 -0.7806 -0.0742
vn -0.6300 -0.7723 -0.0819
vn -0.5323 -0.8386 -0.1156
vn -0.4751 -0.8769 -0.0730
vn -0.3683 -0.9239 -0.1037
vn -0.3705 -0.9229 -0.1053
vn -0.2649 -0.9551 -0.1331
vn -0.2717 -0.9524 -0.1379
vn -0.1869 -0.9695 -0.1582
vn -0.1879 -0.9692 -0.1589
vn -0.1167 -0.9776 -0.1749
vn -0.1085 -0.9796 -0.1692
vn -0.0385 -0.9822 -0.1840
vn -0.0343 -0.9829 -0.1811
vn 0.0219 -0.9811 -0.1925
vn 0.0473 -0.9835 -0.1749
vn 0.1019 -0.9774 -0.1852
vn 0.1325 -0.9775 -0.1639
vn 0.1717 -0.9702 -0.1711
vn 0.1745 -0.9700 -0.1692
vn 0.3229 -0.9208 -0.2189
vn 0.3263 -0.9201 -0.2167
vn 0.3629 -0.9048 -0.2227
vn 0.4080 -0.8925 -0.1924
vn 0.4777 -0.8548 -0.2029
vn 0.5277 -0.8330 -0.1666
vn 0.5786 -0.7969 -0.1735
vn 0.5820 -0.7950 -0.1709
vn 0.7121 -0.6768 -0.1866
vn 0.6835 -0.6985 -0.2121
vn 0.7362 -0.6410 -0.2171
vn 0.7017 -0.6678 -0.2482
vn 0.8252 -0.5034 -0.2562
vn 0.8036 -0.5255 -0.2796
vn 0.8776 -0.3886 -0.2808
vn 0.9107 -0.3410 -0.2331
vn 0.9362 -0.2655 -0.2301
vn 0.9413 -0.2556 -0.2204
vn 0.9734 -0.0922 -0.2098
vn 0.9666 -0.1128 -0.2303
vn 0.9730 -0.0508 -0.2251
vn 0.9880 0.0202 -0.1533
vn 0.9810 0.1337 -0.1405
vn 0.9808 0.1255 -0.1490
vn 0.9689 0.2044 -0.1395
vn 0.9639 0.2512 -0.0882
vn 0.9505 0.2999 -0.0814
vn 0.9497 0.3034 -0.0774
vn 0.9241 0.3762 -0.0665
vn 0.9327 0.3453 -0.1042
vn 0.8985 0.4293 -0.0910
vn 0.8987 0.4290 -0.0914
vn 0.2460 -0.9436 -0.2215
vn 0.2321 -0.9512 -0.2032
vn 0.8775 0.4687 -0.1015
vn 0.8886 0.4502 -0.0880
vn 0.8540 0.5116 -0.0941
vn 0.8522 0.5157 -0.0882
vn 0.8169 0.5714 -0.0780
vn 0.8157 0.5737 -0.0745
vn 0.7899 0.6095 -0.0675
vn 0.7835 0.6193 -0.0511
vn 0.7066 0.7069 -0.0323
vn 0.7084 0.7049 -0.0360
vn 0.6465 0.7625 -0.0223
vn 0.6047 0.7947 0.0530
vn 0.5293 0.8458 0.0674
vn 0.5433 0.8383 0.0452
vn 0.4169 0.9065 0.0676
vn 0.4121 0.9081 0.0745
vn 0.3414 0.9360 0.0852
vn 0.3483 0.9343 0.0757
vn 0.2025 0.9747 0.0946
vn 0.2084 0.9741 0.0871
vn 0.1704 0.9811 0.0914
vn 0.0858 0.9773 0.1938
vn 0.0285 0.9796 0.1989
vn 0.0137 0.9763 0.2158
vn 0.0356 0.9762 0.2140
vn 0.0109 0.9703 0.2417
vn -0.0662 0.9668 0.2467
vn -0.0775 0.9628 0.2589
vn -0.0964 0.9608 0.2599
vn -0.0828 0.9658 0.2457
vn -0.1694 0.9534 0.2496
vn -0.1588 0.9580 0.2389
vn -0.2460 0.9333 0.2615
vn -0.2729 0.9312 0.2416
vn -0.3408 0.9029 0.2621
vn -0.3100 0.9218 0.2328
vn -0.4427 0.8663 0.2312
vn -0.4750 0.8397 0.2632
vn -0.6194 0.7431 0.2533
vn -0.5690 0.7970 0.2027
vn -0.7059 0.6830 0.1877
vn -0.6951 0.6970 0.1762
vn -0.7951 0.5854 0.1588
vn -0.7936 0.5877 0.1571
vn -0.9041 0.4092 0.1233
vn -0.8986 0.4236 0.1147
vn -0.9279 0.3587 0.1014
vn -0.9380 0.3250 0.1201
vn -0.9635 0.2468 0.1035
vn -0.9618 0.2553 0.0990
vn -0.9772 0.1945 0.0854
vn -0.9757 0.2037 0.0807
vn -0.9925 0.1076 0.0584
vn -0.9946 0.0210 0.1015
vn -0.9953 0.0017 0.0968
vn -0.9961 0.0325 0.0817
vn -0.9834 -0.1796 0.0256
vn -0.9852 -0.1699 0.0209
vn -0.9832 -0.1817 0.0176
vn -0.9798 -0.1983 0.0258
vn -0.9456 -0.3251 -0.0113
vn -0.9498 -0.3125 -0.0179
vn -0.9389 -0.3430 -0.0273
vn -0.9396 -0.3412 -0.0282
vn -0.8931 -0.4444 -0.0700
vn -0.8971 -0.4379 -0.0590
vn -0.8850 -0.4594 -0.0751
vn -0.8574 -0.5129 -0.0422
vn -0.8350 -0.5476 -0.0545
vn -0.8131 -0.5812 -0.0318
vn -0.7913 -0.6099 -0.0425
vn -0.7608 -0.6489 -0.0139
vn -0.6864 -0.7258 -0.0456
vn -0.6921 -0.7201 -0.0504
vn -0.6293 -0.7736 -0.0743
vn -0.5960 -0.8016 -0.0476
vn -0.4767 -0.8749 -0.0862
vn -0.5001 -0.8597 -0.1035
vn -0.3743 -0.9166 -0.1405
vn -0.3825 -0.9123 -0.1463
vn -0.2758 -0.9452 -0.1747
vn -0.2837 -0.9418 -0.1802
vn -0.1928 -0.9601 -0.2024
vn -0.1739 -0.9664 -0.1893
vn -0.1127 -0.9726 -0.2032
vn -0.0820 -0.9799 -0.1820
vn -0.0357 -0.9808 -0.1919
vn -0.0254 -0.9825 -0.1848
vn 0.0440 -0.9790 -0.1990
vn 0.0526 -0.9798 -0.1931
vn 0.1264 -0.9700 -0.2076
vn 0.1183 -0.9698 -0.2131
vn 0.1666 -0.9606 -0.2223
vn 0.1845 -0.9601 -0.2104
vn 0.3274 -0.9212 -0.2102
vn 0.3416 -0.9181 -0.2008
vn 0.4049 -0.8895 -0.2119
vn 0.4042 -0.8897 -0.2123
vn 0.5179 -0.8239 -0.2301
vn 0.5199 -0.8231 -0.2287
vn 0.5716 -0.7857 -0.2363
vn 0.5849 -0.7789 -0.2264
vn 0.6790 -0.6943 -0.2385
vn 0.6786 -0.6946 -0.2388
vn 0.7030 -0.6690 -0.2414
vn 0.7637 -0.6186 -0.1849
vn 0.8200 -0.5403 -0.1889
vn 0.8419 -0.5146 -0.1626
vn 0.9219 -0.3516 -0.1629
vn 0.8726 -0.4271 -0.2367
vn 0.9388 -0.2535 -0.2332
vn 0.9436 -0.2438 -0.2238
vn 0.9695 -0.1151 -0.2163
vn 0.9751 -0.0977 -0.1992
vn 0.9817 0.0259 -0.1884
vn 0.9867 0.0642 -0.1497
vn 0.9819 0.1246 -0.1430
vn 0.9818 0.1504 -0.1159
vn 0.9618 0.2536 -0.1030
vn 0.9628 0.2463 -0.1110
vn 0.9460 0.3074 -0.1026
vn 0.9406 0.3312 -0.0749
vn 0.9374 0.3405 -0.0736
vn 0.9384 0.3364 -0.0786
vn 0.9028 0.4250 -0.0651
vn 0.9099 0.4045 -0.0917
vn 0.2479 -0.9458 -0.2098
vn 0.2647 -0.9436 -0.1987
vn 0.8892 0.4497 -0.0845
vn 0.8892 0.4497 -0.0844
vn 0.8548 0.5137 -0.0737
vn 0.8570 0.5090 -0.0805
vn 0.8166 0.5730 -0.0690
vn 0.8194 0.5681 -0.0767
vn 0.7808 0.6213 -0.0664
vn 0.7748 0.6301 -0.0516
vn 0.7088 0.7045 -0.0368
vn 0.5940 0.8043 -0.0138
vn 0.5965 0.8024 -0.0182
vn 0.5346 0.8451 -0.0069
vn 0.4970 0.8661 0.0532
vn 0.4109 0.9092 0.0668
vn 0.4019 0.9122 0.0797
vn 0.3501 0.9327 0.0871
vn 0.3255 0.9379 0.1202
vn 0.2155 0.9673 0.1340
vn 0.1893 0.9677 0.1667
vn 0.0836 0.9806 0.1772
vn 0.0976 0.9822 0.1605
vn 0.0073 0.9857 0.1681
vn 0.0085 0.9860 0.1666
vn 0.0007 0.9859 0.1672
vn -0.0368 0.9771 0.2095
vn -0.0841 0.9736 0.2122
vn -0.1204 0.9603 0.2516
vn -0.0822 0.9648 0.2498
vn -0.1047 0.9562 0.2734
vn -0.1535 0.9491 0.2752
vn -0.1184 0.9636 0.2397
vn -0.2728 0.9310 0.2426
vn -0.2801 0.9270 0.2496
vn -0.3076 0.9182 0.2496
vn -0.2557 0.9456 0.2009
vn -0.4843 0.8524 0.1969
vn -0.5080 0.8327 0.2203
vn -0.5674 0.7947 0.2159
vn -0.5617 0.8002 0.2104
vn -0.6931 0.6942 0.1941
vn -0.7653 0.5815 0.2759
vn -0.7773 0.5667 0.2732
vn -0.7702 0.5806 0.2641
vn -0.8848 0.4053 0.2298
vn -0.8588 0.4763 0.1886
vn -0.9347 0.3197 0.1557
vn -0.9154 0.3840 0.1204
vn -0.9622 0.2563 0.0921
vn -0.9600 0.2660 0.0869
vn -0.9761 0.2049 0.0726
vn -0.9834 0.1520 0.0991
vn -0.9974 0.0261 0.0675
vn -0.9935 0.1107 0.0265
vn -0.9990 0.0435 0.0094
vn -0.9982 -0.0352 0.0477
vn -0.9857 -0.1684 0.0114
vn -0.9892 -0.1464 0.0007
vn -0.9813 -0.1919 -0.0124
vn -0.9694 -0.2452 0.0136
vn -0.9493 -0.3143 -0.0075
vn -0.9628 -0.2686 -0.0308
vn -0.9402 -0.3367 -0.0523
vn -0.9056 -0.4241 -0.0053
vn -0.8948 -0.4463 -0.0127
vn -0.8760 -0.4823 0.0086
vn -0.8544 -0.5196 -0.0044
vn -0.8571 -0.5152 -0.0072
vn -0.8131 -0.5813 -0.0315
vn -0.8137 -0.5804 -0.0321
vn -0.7649 -0.6417 -0.0559
vn -0.7668 -0.6393 -0.0577
vn -0.6956 -0.7130 -0.0887
vn -0.7157 -0.6903 -0.1062
vn -0.6051 -0.7821 -0.1490
vn -0.5990 -0.7877 -0.1441
vn -0.5064 -0.8444 -0.1747
vn -0.4769 -0.8656 -0.1528
vn -0.3857 -0.9049 -0.1799
vn -0.3666 -0.9154 -0.1663
vn -0.2845 -0.9399 -0.1885
vn -0.2540 -0.9526 -0.1675
vn -0.1737 -0.9668 -0.1875
vn -0.1498 -0.9738 -0.1712
vn -0.0826 -0.9789 -0.1868
vn -0.0743 -0.9807 -0.1811
vn -0.0263 -0.9811 -0.1918
vn -0.0005 -0.9847 -0.1742
vn 0.0537 -0.9812 -0.1856
vn 0.0605 -0.9816 -0.1810
vn 0.1212 -0.9736 -0.1934
vn 0.1122 -0.9735 -0.1995
vn 0.1840 -0.9594 -0.2139
vn 0.2029 -0.9583 -0.2012
vn 0.3453 -0.9217 -0.1769
vn 0.3452 -0.9217 -0.1770
vn 0.4080 -0.8932 -0.1888
vn 0.4255 -0.8875 -0.1772
vn 0.5255 -0.8282 -0.1948
vn 0.5044 -0.8376 -0.2097
vn 0.5855 -0.7794 -0.2229
vn 0.5751 -0.7849 -0.2305
vn 0.6775 -0.6935 -0.2450
vn 0.6626 -0.7035 -0.2569
vn 0.7494 -0.6058 -0.2671
vn 0.7727 -0.5856 -0.2451
vn 0.8283 -0.5018 -0.2492
vn 0.8039 -0.5272 -0.2753
vn 0.8640 -0.4200 -0.2776
vn 0.8636 -0.4205 -0.2781
vn 0.9330 -0.2352 -0.2725
vn 0.9624 -0.1720 -0.2103
vn 0.9738 -0.0966 -0.2058
vn 0.9927 -0.0097 -0.1202
vn 0.9918 0.0585 -0.1139
vn 0.9913 0.0511 -0.1214
vn 0.9825 0.1496 -0.1109
vn 0.9811 0.1731 -0.0860
vn 0.9675 0.2409 -0.0776
vn 0.9708 0.2156 -0.1052
vn 0.9385 0.3336 -0.0896
vn 0.9433 0.3113 -0.1152
vn 0.9333 0.3415 -0.1110
vn 0.9384 0.3153 -0.1415
vn 0.9033 0.4096 -0.1276
vn 0.9066 0.3968 -0.1436
vn 0.2656 -0.9446 -0.1927
vn 0.3019 -0.9383 -0.1685
vn 0.8795 0.4565 -0.1342
vn 0.8848 0.4386 -0.1574
vn 0.8438 0.5169 -0.1445
vn 0.8347 0.5389 -0.1135
vn 0.8133 0.5719 -0.1075
vn 0.8011 0.5940 -0.0732
vn 0.7722 0.6319 -0.0658
vn 0.7601 0.6488 -0.0369
vn 0.7108 0.7030 -0.0255
vn 0.7126 0.7010 -0.0292
vn 0.5987 0.8010 -0.0061
vn 0.5929 0.8053 0.0039
vn 0.4918 0.8704 0.0217
vn 0.4575 0.8861 0.0738
vn 0.4022 0.9119 0.0819
vn 0.4014 0.9121 0.0831
vn 0.3216 0.9422 0.0936
vn 0.2772 0.9488 0.1515
vn 0.1885 0.9688 0.1611
vn 0.1967 0.9688 0.1510
vn 0.0975 0.9823 0.1601
vn 0.0086 0.9859 0.1669
vn -0.0027 0.9837 0.1799
vn -0.0407 0.9824 0.1822
vn -0.0387 0.9829 0.1800
vn -0.1302 0.9742 0.1843
vn -0.1215 0.9771 0.1749
vn -0.1190 0.9774 0.1748
vn -0.1221 0.9764 0.1781
vn -0.1275 0.9757 0.1783
vn -0.1701 0.9601 0.2219
vn -0.2839 0.9325 0.2232
vn -0.2821 0.9335 0.2215
vn -0.2528 0.9418 0.2215
vn -0.2665 0.9349 0.2342
vn -0.5074 0.8319 0.2245
vn -0.4731 0.8599 0.1914
vn -0.5648 0.8043 0.1843
vn -0.6068 0.7621 0.2259
vn -0.7775 0.5970 0.1977
vn -0.7550 0.6326 0.1723
vn -0.7843 0.5979 0.1656
vn -0.7998 0.5716 0.1835
vn -0.8616 0.4802 0.1646
vn -0.8603 0.4830 0.1630
vn -0.9138 0.3811 0.1405
vn -0.9132 0.3828 0.1396
vn -0.9585 0.2623 0.1119
vn -0.9689 0.2021 0.1428
vn -0.9806 0.1474 0.1293
vn -0.9799 0.1551 0.1255
vn -0.9890 0.0980 0.1108
vn -0.9894 0.0326 0.1416
vn -0.9917 -0.0466 0.1200
vn -0.9918 -0.0456 0.1196
vn -0.9832 -0.1603 0.0871
vn -0.9787 -0.1812 0.0970
vn -0.9640 -0.2551 0.0751
vn -0.9737 -0.2204 0.0582
vn -0.9589 -0.2808 0.0398
vn -0.9413 -0.3311 0.0657
vn -0.9020 -0.4305 0.0336
vn -0.9194 -0.3930 0.0131
vn -0.8781 -0.4781 -0.0158
vn -0.8845 -0.4661 -0.0228
vn -0.8596 -0.5096 -0.0382
vn -0.8393 -0.5435 -0.0170
vn -0.8136 -0.5806 -0.0310
vn -0.8265 -0.5613 -0.0437
vn -0.7680 -0.6363 -0.0733
vn -0.7490 -0.6601 -0.0561
vn -0.7131 -0.6973 -0.0722
vn -0.7122 -0.6983 -0.0715
vn -0.5971 -0.7934 -0.1184
vn -0.5927 -0.7972 -0.1150
vn -0.4770 -0.8652 -0.1544
vn -0.4519 -0.8816 -0.1363
vn -0.3662 -0.9164 -0.1618
vn -0.3682 -0.9153 -0.1633
vn -0.2568 -0.9469 -0.1937
vn -0.2262 -0.9586 -0.1729
vn -0.1522 -0.9697 -0.1912
vn -0.1155 -0.9793 -0.1663
vn -0.0737 -0.9816 -0.1761
vn -0.0661 -0.9831 -0.1709
vn -0.0020 -0.9827 -0.1853
vn 0.0104 -0.9842 -0.1769
vn 0.0595 -0.9804 -0.1877
vn 0.0678 -0.9809 -0.1821
vn 0.1133 -0.9749 -0.1919
vn 0.1403 -0.9747 -0.1738
vn 0.2051 -0.9607 -0.1871
vn 0.2128 -0.9600 -0.1820
vn 0.3459 -0.9223 -0.1724
vn 0.3414 -0.9234 -0.1753
vn 0.4232 -0.8855 -0.1917
vn 0.4360 -0.8811 -0.1832
vn 0.5065 -0.8395 -0.1966
vn 0.5178 -0.8344 -0.1888
vn 0.5802 -0.7895 -0.2000
vn 0.5797 -0.7898 -0.2004
vn 0.6703 -0.7102 -0.2154
vn 0.6620 -0.7159 -0.2220
vn 0.7740 -0.5868 -0.2378
vn 0.7701 -0.5904 -0.2416
vn 0.8100 -0.5325 -0.2458
vn 0.8091 -0.5334 -0.2466
vn 0.8696 -0.4255 -0.2503
vn 0.9373 -0.3162 -0.1463
vn 0.9726 -0.1828 -0.1435
vn 0.9666 -0.2000 -0.1600
vn 0.9890 -0.0054 -0.1476
vn 0.9863 -0.0218 -0.1636
vn 0.9860 0.0568 -0.1566
vn 0.9875 0.0743 -0.1390
vn 0.9754 0.1798 -0.1275
vn 0.9758 0.1696 -0.1382
vn 0.9665 0.2199 -0.1322
vn 0.9681 0.1825 -0.1716
vn 0.9357 0.3172 -0.1545
vn 0.9361 0.3143 -0.1576
vn 0.9351 0.3176 -0.1572
vn 0.9330 0.3306 -0.1421
vn 0.9089 0.3953 -0.1325
vn 0.9056 0.4075 -0.1172
vn 0.3026 -0.9390 -0.1635
vn 0.8943 0.4328 -0.1132
vn 0.8880 0.4513 -0.0884
vn 0.8425 0.5337 -0.0740
vn 0.8500 0.5176 -0.0975
vn 0.7992 0.5953 -0.0830
vn 0.7778 0.6278 -0.0291
vn 0.7620 0.6471 -0.0252
vn 0.7645 0.6440 -0.0307
vn 0.7143 0.6996 -0.0191
vn 0.6955 0.7183 0.0185
vn 0.5984 0.8003 0.0380
vn 0.5963 0.8017 0.0415
vn 0.4560 0.8876 0.0641
vn 0.4722 0.8806 0.0400
vn 0.3963 0.9167 0.0505
vn 0.3930 0.9179 0.0552
vn 0.2653 0.9616 0.0705
vn 0.2767 0.9593 0.0554
vn 0.1836 0.9809 0.0647
vn 0.1745 0.9817 0.0763
vn 0.0860 0.9928 0.0835
vn 0.0495 0.9906 0.1273
vn -0.0099 0.9913 0.1310
vn -0.0293 0.9877 0.1534
vn -0.0425 0.9871 0.1541
vn -0.0526 0.9848 0.1654
vn -0.1224 0.9781 0.1682
vn -0.1161 0.9800 0.1613
vn -0.1245 0.9790 0.1616
vn -0.1501 0.9705 0.1885
vn -0.1750 0.9663 0.1890
vn -0.1833 0.9630 0.1974
vn -0.2856 0.9377 0.1978
vn -0.2864 0.9373 0.1987
vn -0.2717 0.9416 0.1989
vn -0.3324 0.9079 0.2553
vn -0.4653 0.8498 0.2478
vn -0.4487 0.8630 0.2323
vn -0.6079 0.7635 0.2181
vn -0.6318 0.7364 0.2422
vn -0.7491 0.6245 0.2211
vn -0.7137 0.6761 0.1830
vn -0.8021 0.5749 0.1618
vn -0.8245 0.5335 0.1884
vn -0.8588 0.4808 0.1769
vn -0.8733 0.4454 0.1975
vn -0.9087 0.3760 0.1813
vn -0.9227 0.3248 0.2077
vn -0.9646 0.1967 0.1758
vn -0.9660 0.1838 0.1820
vn -0.9739 0.1474 0.1727
vn -0.9757 0.1029 0.1936
vn -0.9844 0.0275 0.1735
vn -0.9853 0.0945 0.1425
vn -0.9935 -0.0434 0.1052
vn -0.9855 -0.1046 0.1337
vn -0.9768 -0.1833 0.1109
vn -0.9855 -0.1428 0.0919
vn -0.9726 -0.2221 0.0683
vn -0.9786 -0.1978 0.0567
vn -0.9461 -0.3233 0.0176
vn -0.9503 -0.3111 0.0114
vn -0.9215 -0.3882 -0.0137
vn -0.9070 -0.4210 0.0039
vn -0.8836 -0.4680 -0.0123
vn -0.8841 -0.4672 -0.0127
vn -0.8411 -0.5395 -0.0390
vn -0.8392 -0.5426 -0.0370
vn -0.8265 -0.5612 -0.0441
vn -0.8239 -0.5652 -0.0415
vn -0.7509 -0.6558 -0.0782
vn -0.7789 -0.6184 -0.1041
vn -0.7165 -0.6849 -0.1328
vn -0.6699 -0.7366 -0.0932
vn -0.5934 -0.7955 -0.1228
vn -0.5573 -0.8247 -0.0960
vn -0.4515 -0.8824 -0.1324
vn -0.4769 -0.8660 -0.1503
vn -0.3702 -0.9107 -0.1833
vn -0.3182 -0.9365 -0.1474
vn -0.2262 -0.9587 -0.1722
vn -0.2012 -0.9672 -0.1553
vn -0.1167 -0.9774 -0.1761
vn -0.1057 -0.9800 -0.1687
vn -0.0670 -0.9818 -0.1779
vn -0.0423 -0.9860 -0.1613
vn 0.0108 -0.9848 -0.1736
vn 0.0189 -0.9856 -0.1682
vn 0.0682 -0.9814 -0.1793
vn 0.1012 -0.9824 -0.1571
vn 0.1415 -0.9759 -0.1659
vn 0.1388 -0.9760 -0.1677
vn 0.2125 -0.9598 -0.1836
vn 0.2567 -0.9541 -0.1541
vn 0.3444 -0.9259 -0.1555
vn 0.3328 -0.9288 -0.1630
vn 0.4358 -0.8809 -0.1844
vn 0.4173 -0.8873 -0.1964
vn 0.5134 -0.8306 -0.2156
vn 0.4893 -0.8408 -0.2316
vn 0.5714 -0.7825 -0.2473
vn 0.5517 -0.7923 -0.2607
vn 0.6509 -0.7061 -0.2787
vn 0.6902 -0.6797 -0.2483
vn 0.7667 -0.5874 -0.2589
vn 0.7380 -0.6119 -0.2844
vn 0.7994 -0.5250 -0.2921
vn 0.8577 -0.4602 -0.2291
vn 0.9245 -0.3032 -0.2312
vn 0.8972 -0.3474 -0.2726
vn 0.9456 -0.1817 -0.2699
vn 0.9669 -0.1291 -0.2201
vn 0.9771 -0.0139 -0.2125
vn 0.9843 0.0252 -0.1748
vn 0.9823 0.0792 -0.1698
vn 0.9836 0.0972 -0.1519
vn 0.9748 0.1705 -0.1437
vn 0.9749 0.1648 -0.1496
vn 0.9727 0.1789 -0.1480
vn 0.9728 0.1633 -0.1644
vn 0.9388 0.3125 -0.1448
vn 0.9414 0.2939 -0.1656
vn 0.9292 0.3332 -0.1600
vn 0.9254 0.3541 -0.1353
vn 0.9037 0.4089 -0.1269
vn 0.8985 0.4263 -0.1047
vn 0.3033 -0.9395 -0.1590
vn 0.3172 -0.9365 -0.1498
vn 0.8858 0.4530 -0.1003
vn 0.8820 0.4632 -0.0863
vn 0.8538 0.5148 -0.0774
vn 0.8475 0.5276 -0.0583
vn 0.7761 0.6294 -0.0396
vn 0.7856 0.6155 -0.0629
vn 0.7599 0.6476 -0.0569
vn 0.7030 0.7087 0.0591
vn 0.7009 0.7108 0.0595
vn 0.6856 0.7228 0.0866
vn 0.6039 0.7906 0.1013
vn 0.6115 0.7862 0.0892
vn 0.4821 0.8693 0.1087
vn 0.4936 0.8648 0.0922
vn 0.4004 0.9104 0.1043
vn 0.4151 0.9059 0.0840
vn 0.2835 0.9539 0.0983
vn 0.3005 0.9508 0.0761
vn 0.1762 0.9805 0.0872
vn 0.1474 0.9814 0.1228
vn 0.0499 0.9903 0.1300
vn 0.0382 0.9889 0.1439
vn -0.0302 0.9886 0.1477
vn -0.0160 0.9912 0.1313
vn -0.0575 0.9894 0.1331
vn -0.0866 0.9824 0.1657
vn -0.1153 0.9793 0.1666
vn -0.1305 0.9744 0.1831
vn -0.1508 0.9714 0.1835
vn -0.1741 0.9626 0.2078
vn -0.1817 0.9611 0.2078
vn -0.2074 0.9500 0.2335
vn -0.2813 0.9310 0.2326
vn -0.2810 0.9312 0.2323
vn -0.3364 0.9130 0.2307
vn -0.3923 0.8751 0.2833
vn -0.4406 0.8529 0.2801
vn -0.4679 0.8292 0.3056
vn -0.6243 0.7266 0.2869
vn -0.6417 0.7037 0.3049
vn -0.6964 0.6541 0.2951
vn -0.7024 0.6446 0.3018
vn -0.8106 0.5169 0.2752
vn -0.8091 0.5204 0.2732
vn -0.8641 0.4349 0.2534
vn -0.8845 0.3659 0.2894
vn -0.9095 0.3111 0.2759
vn -0.8808 0.4182 0.2219
vn -0.9686 0.1870 0.1638
vn -0.9631 0.2272 0.1445
vn -0.9865 0.1163 0.1149
vn -0.9857 0.1281 0.1094
vn -0.9896 0.1010 0.1020
vn -0.9883 0.1209 0.0927
vn -0.9955 -0.0887 0.0346
vn -0.9913 -0.1216 0.0499
vn -0.9898 -0.1352 0.0459
vn -0.9865 -0.1545 0.0548
vn -0.9798 -0.1954 0.0426
vn -0.9724 -0.2261 0.0572
vn -0.9489 -0.3143 0.0296
vn -0.9356 -0.3498 0.0475
vn -0.9053 -0.4242 0.0224
vn -0.9319 -0.3624 -0.0103
vn -0.8862 -0.4612 -0.0444
vn -0.8591 -0.5116 -0.0153
vn -0.8384 -0.5444 -0.0273
vn -0.8576 -0.5122 -0.0471
vn -0.8256 -0.5605 -0.0652
vn -0.7868 -0.6165 -0.0279
vn -0.7736 -0.6327 -0.0345
vn -0.7763 -0.6292 -0.0370
vn -0.6691 -0.7383 -0.0849
vn -0.6147 -0.7876 -0.0426
vn -0.5538 -0.8301 -0.0651
vn -0.5866 -0.8050 -0.0891
vn -0.4748 -0.8707 -0.1286
vn -0.4581 -0.8811 -0.1170
vn -0.3197 -0.9338 -0.1606
vn -0.3035 -0.9410 -0.1498
vn -0.2037 -0.9629 -0.1768
vn -0.1910 -0.9671 -0.1683
vn -0.1082 -0.9760 -0.1888
vn -0.0850 -0.9812 -0.1733
vn -0.0451 -0.9821 -0.1827
vn -0.0068 -0.9876 -0.1570
vn 0.0196 -0.9864 -0.1631
vn 0.0368 -0.9878 -0.1515
vn 0.0999 -0.9811 -0.1659
vn 0.1157 -0.9811 -0.1553
vn 0.1398 -0.9770 -0.1607
vn 0.2007 -0.9724 -0.1194
vn 0.2599 -0.9566 -0.1322
vn 0.2402 -0.9598 -0.1454
vn 0.3326 -0.9287 -0.1640
vn 0.3603 -0.9213 -0.1462
vn 0.4232 -0.8918 -0.1598
vn 0.3845 -0.9045 -0.1843
vn 0.4937 -0.8446 -0.2075
vn 0.4751 -0.8521 -0.2195
vn 0.5566 -0.7966 -0.2360
vn 0.4960 -0.8236 -0.2751
vn 0.6768 -0.6679 -0.3095
vn 0.7021 -0.6504 -0.2898
vn 0.7357 -0.6099 -0.2946
vn 0.7875 -0.5645 -0.2473
vn 0.8531 -0.4561 -0.2535
vn 0.9024 -0.3873 -0.1888
vn 0.9131 -0.3611 -0.1891
vn 0.8836 -0.4067 -0.2318
vn 0.9655 -0.1279 -0.2269
vn 0.9836 -0.0661 -0.1677
vn 0.9867 0.0230 -0.1609
vn 0.9644 -0.0747 -0.2537
vn 0.9647 0.1110 -0.2389
vn 0.9670 0.1326 -0.2177
vn 0.9613 0.1746 -0.2130
vn 0.9610 0.1685 -0.2191
vn 0.9606 0.1716 -0.2188
vn 0.9604 0.2284 -0.1595
vn 0.9445 0.2918 -0.1511
vn 0.9462 0.2769 -0.1677
vn 0.9209 0.3571 -0.1562
vn 0.9144 0.3862 -0.1213
vn 0.8966 0.4277 -0.1145
vn 0.8978 0.4238 -0.1196
vn 0.3111 -0.9378 -0.1540
vn 0.3156 -0.9353 -0.1603
vn 0.8910 0.4532 -0.0266
vn 0.8295 0.5500 -0.0972
vn 0.8540 0.5201 -0.0148
vn 0.8260 0.5612 0.0528
vn 0.8023 0.5941 0.0588
vn 0.8181 0.5746 0.0239
vn 0.7019 0.7105 0.0499
vn 0.6840 0.7249 0.0817
vn 0.6851 0.7239 0.0814
vn 0.6950 0.7162 0.0641
vn 0.6102 0.7883 0.0786
vn 0.6230 0.7801 0.0577
vn 0.4914 0.8675 0.0768
vn 0.5377 0.8431 0.0058
vn 0.4052 0.9139 0.0224
vn 0.4188 0.9081 0.0027
vn 0.2903 0.9568 0.0158
vn 0.2585 0.9643 0.0581
vn 0.1385 0.9880 0.0679
vn 0.1330 0.9883 0.0747
vn 0.0281 0.9963 0.0813
vn 0.0235 0.9959 0.0868
vn -0.0226 0.9958 0.0890
vn -0.0364 0.9938 0.1048
vn -0.0958 0.9897 0.1066
vn -0.1162 0.9848 0.1293
vn -0.1388 0.9818 0.1297
vn -0.1713 0.9713 0.1648
vn -0.1808 0.9696 0.1648
vn -0.2138 0.9564 0.1991
vn -0.2129 0.9566 0.1991
vn -0.2521 0.9380 0.2380
vn -0.2779 0.9273 0.2510
vn -0.2963 0.9253 0.2367
vn -0.3989 0.8837 0.2449
vn -0.4178 0.8698 0.2624
vn -0.4767 0.8406 0.2573
vn -0.4771 0.8403 0.2576
vn -0.6542 0.7194 0.2333
vn -0.6829 0.6818 0.2623
vn -0.7110 0.6548 0.2564
vn -0.6769 0.7019 0.2217
vn -0.8231 0.5371 0.1846
vn -0.8255 0.5323 0.1876
vn -0.9074 0.3913 0.1533
vn -0.8791 0.4630 0.1132
vn -0.8927 0.4378 0.1070
vn -0.9264 0.3417 0.1582
vn -0.9647 0.2298 0.1288
vn -0.9584 0.2619 0.1133
vn -0.9880 0.1330 0.0786
vn -0.9687 0.2470 0.0244
vn -0.9906 0.1363 -0.0064
vn -0.9986 0.0266 0.0447
vn -0.9935 -0.1141 0.0038
vn -0.9941 -0.1086 0.0013
vn -0.9896 -0.1435 -0.0090
vn -0.9840 -0.1778 0.0067
vn -0.9766 -0.2152 -0.0046
vn -0.9764 -0.2161 -0.0042
vn -0.9418 -0.3336 -0.0415
vn -0.9350 -0.3533 -0.0318
vn -0.9331 -0.3579 -0.0333
vn -0.9255 -0.3780 -0.0230
vn -0.8636 -0.4929 -0.1056
vn -0.8842 -0.4640 -0.0528
vn -0.8600 -0.4988 -0.1077
vn -0.8296 -0.5532 -0.0754
vn -0.7918 -0.6033 -0.0949
vn -0.7551 -0.6527 -0.0613
vn -0.7776 -0.6267 -0.0505
vn -0.7342 -0.6788 -0.0127
vn -0.6172 -0.7844 -0.0624
vn -0.6336 -0.7700 -0.0749
vn -0.5870 -0.8043 -0.0925
vn -0.5666 -0.8203 -0.0774
vn -0.4578 -0.8817 -0.1143
vn -0.4396 -0.8924 -0.1016
vn -0.3027 -0.9424 -0.1425
vn -0.3112 -0.9387 -0.1482
vn -0.1925 -0.9645 -0.1807
vn -0.1710 -0.9711 -0.1665
vn -0.0868 -0.9785 -0.1871
vn -0.0800 -0.9799 -0.1826
vn -0.0124 -0.9800 -0.1984
vn 0.0214 -0.9842 -0.1756
vn 0.0331 -0.9834 -0.1782
vn 0.0877 -0.9861 -0.1412
vn 0.1168 -0.9821 -0.1477
vn 0.1262 -0.9819 -0.1413
vn 0.1954 -0.9681 -0.1567
vn 0.1939 -0.9683 -0.1577
vn 0.2369 -0.9570 -0.1673
vn 0.2703 -0.9518 -0.1451
vn 0.3569 -0.9189 -0.1682
vn 0.3521 -0.9202 -0.1712
vn 0.3854 -0.9053 -0.1787
vn 0.3471 -0.9158 -0.2019
vn 0.4732 -0.8505 -0.2297
vn 0.4270 -0.8667 -0.2580
vn 0.4966 -0.8241 -0.2727
vn 0.5412 -0.8047 -0.2441
vn 0.7062 -0.6539 -0.2715
vn 0.6807 -0.6721 -0.2915
vn 0.7747 -0.5538 -0.3053
vn 0.7586 -0.5678 -0.3196
vn 0.8722 -0.3612 -0.3299
vn 0.8604 -0.3890 -0.3294
vn 0.8941 -0.3438 -0.2871
vn 0.9595 -0.0471 -0.2779
vn 0.9484 -0.0784 -0.3073
vn 0.9496 -0.0657 -0.3065
vn 0.9753 0.0254 -0.2195
vn 0.9691 0.1312 -0.2089
vn 0.9693 0.1337 -0.2064
vn 0.9651 0.1660 -0.2028
vn 0.9651 0.1675 -0.2012
vn 0.9529 0.2337 -0.1933
vn 0.9511 0.2625 -0.1627
vn 0.9476 0.2759 -0.1609
vn 0.9487 0.2643 -0.1736
vn 0.9071 0.3911 -0.1554
vn 0.9067 0.3931 -0.1531
vn 0.8918 0.4277 -0.1476
vn 0.8899 0.4345 -0.1390
vn 0.3122 -0.9386 -0.1471
vn 0.2995 -0.9414 -0.1554
vn 0.8247 0.5529 -0.1191
vn 0.8320 0.5361 -0.1427
vn 0.7961 0.5904 -0.1330
vn 0.7894 0.6033 -0.1136
vn 0.7943 0.5966 -0.1148
vn 0.7528 0.6581 -0.0118
vn 0.6737 0.7390 0.0045
vn 0.6880 0.7253 -0.0231
vn 0.6826 0.7304 -0.0221
vn 0.6754 0.7374 -0.0081
vn 0.6145 0.7889 0.0016
vn 0.6030 0.7975 0.0215
vn 0.5418 0.8400 0.0300
vn 0.5384 0.8419 0.0353
vn 0.4267 0.9031 0.0483
vn 0.4472 0.8942 0.0184
vn 0.2551 0.9662 0.0384
vn 0.2270 0.9710 0.0753
vn 0.1343 0.9875 0.0824
vn 0.1579 0.9860 0.0530
vn 0.0192 0.9980 0.0608
vn 0.0024 0.9967 0.0808
vn -0.0400 0.9958 0.0825
vn -0.0684 0.9910 0.1154
vn -0.1182 0.9861 0.1165
vn -0.1375 0.9808 0.1380
vn -0.1755 0.9747 0.1382
vn -0.2090 0.9622 0.1744
vn -0.2178 0.9603 0.1742
vn -0.2320 0.9542 0.1889
vn -0.2602 0.9470 0.1881
vn -0.2675 0.9436 0.1953
vn -0.3031 0.9331 0.1938
vn -0.3277 0.9195 0.2169
vn -0.4263 0.8800 0.2097
vn -0.4397 0.8703 0.2219
vn -0.4833 0.8480 0.2173
vn -0.4946 0.8389 0.2271
vn -0.6928 0.6948 0.1932
vn -0.6493 0.7450 0.1527
vn -0.6854 0.7136 0.1450
vn -0.6961 0.7010 0.1548
vn -0.8320 0.5425 0.1161
vn -0.8450 0.5185 0.1310
vn -0.8789 0.4625 0.1171
vn -0.8801 0.4596 0.1187
vn -0.9316 0.3518 0.0912
vn -0.9296 0.3579 0.0880
vn -0.9609 0.2692 0.0650
vn -0.9645 0.2539 0.0726
vn -0.9683 0.2400 0.0689
vn -0.9836 0.1370 0.1172
vn -0.9961 0.0207 0.0861
vn -0.9950 -0.0089 0.0997
vn -0.9905 -0.1198 0.0682
vn -0.9972 -0.0618 0.0420
vn -0.9840 -0.1780 0.0078
vn -0.9812 -0.1925 0.0144
vn -0.9759 -0.2181 0.0066
vn -0.9747 -0.2233 0.0090
vn -0.9407 -0.3369 -0.0399
vn -0.9267 -0.3722 -0.0515
vn -0.9162 -0.3990 -0.0376
vn -0.8846 -0.4626 -0.0598
vn -0.8707 -0.4899 -0.0445
vn -0.8293 -0.5546 -0.0688
vn -0.8074 -0.5881 -0.0480
vn -0.7561 -0.6504 -0.0731
vn -0.7594 -0.6461 -0.0761
vn -0.7417 -0.6654 -0.0842
vn -0.7184 -0.6926 -0.0643
vn -0.6360 -0.7655 -0.0981
vn -0.6095 -0.7890 -0.0779
vn -0.5684 -0.8175 -0.0930
vn -0.5332 -0.8433 -0.0673
vn -0.4392 -0.8930 -0.0981
vn -0.4524 -0.8853 -0.1073
vn -0.3113 -0.9385 -0.1493
vn -0.2694 -0.9554 -0.1213
vn -0.1685 -0.9747 -0.1471
vn -0.1663 -0.9752 -0.1457
vn -0.0780 -0.9828 -0.1673
vn -0.0562 -0.9867 -0.1526
vn 0.0221 -0.9851 -0.1708
vn 0.0399 -0.9865 -0.1587
vn 0.0838 -0.9821 -0.1685
vn 0.0970 -0.9824 -0.1596
vn 0.1228 -0.9786 -0.1653
vn 0.1746 -0.9760 -0.1299
vn 0.1973 -0.9710 -0.1350
vn 0.2019 -0.9705 -0.1318
vn 0.2700 -0.9516 -0.1470
vn 0.2803 -0.9496 -0.1400
vn 0.3504 -0.9188 -0.1816
vn 0.3302 -0.9237 -0.1941
vn 0.3478 -0.9164 -0.1982
vn 0.3896 -0.9046 -0.1730
vn 0.4408 -0.8784 -0.1847
vn 0.4094 -0.8893 -0.2037
vn 0.5432 -0.8065 -0.2335
vn 0.5592 -0.7985 -0.2230
vn 0.6903 -0.6799 -0.2475
vn 0.6549 -0.7041 -0.2745
vn 0.7655 -0.5733 -0.2922
vn 0.7487 -0.5876 -0.3068
vn 0.8758 -0.3638 -0.3173
vn 0.8169 -0.4322 -0.3819
vn 0.8645 -0.3239 -0.3844
vn 0.9281 -0.2281 -0.2941
vn 0.9543 -0.0821 -0.2873
vn 0.9671 -0.0432 -0.2508
vn 0.9690 0.0299 -0.2451
vn 0.9689 0.0294 -0.2455
vn 0.9621 0.1384 -0.2351
vn 0.9622 0.1397 -0.2338
vn 0.9578 0.1721 -0.2302
vn 0.9587 0.1980 -0.2040
vn 0.9436 0.2675 -0.1953
vn 0.9433 0.2713 -0.1912
vn 0.9444 0.2670 -0.1917
vn 0.9411 0.3005 -0.1551
vn 0.9091 0.3916 -0.1424
vn 0.9078 0.3968 -0.1361
vn 0.8917 0.4333 -0.1305
vn 0.8947 0.4230 -0.1434
vn 0.2739 -0.9520 -0.1364
vn 0.2972 -0.9397 -0.1695
vn 0.8377 0.5332 -0.1183
vn 0.8321 0.5406 -0.1240
vn 0.7911 0.6025 -0.1062
vn 0.7637 0.6444 -0.0385
vn 0.7489 0.6617 -0.0352
vn 0.7433 0.6686 -0.0229
vn 0.6899 0.7238 -0.0126
vn 0.6925 0.7212 -0.0177
vn 0.6743 0.7383 -0.0146
vn 0.6620 0.7495 0.0085
vn 0.6023 0.7981 0.0172
vn 0.6068 0.7948 0.0095
vn 0.5356 0.8443 0.0185
vn 0.5043 0.8610 0.0669
vn 0.4562 0.8870 0.0720
vn 0.4539 0.8879 0.0753
vn 0.2302 0.9686 0.0943
vn 0.2460 0.9665 0.0738
vn 0.1624 0.9835 0.0792
vn 0.1900 0.9808 0.0447
vn -0.0023 0.9986 0.0533
vn -0.0030 0.9985 0.0541
vn -0.0783 0.9953 0.0564
vn -0.1115 0.9892 0.0950
vn -0.1445 0.9849 0.0955
vn -0.1779 0.9750 0.1331
vn -0.2158 0.9673 0.1330
vn -0.2266 0.9632 0.1446
vn -0.2391 0.9602 0.1444
vn -0.2617 0.9505 0.1677
vn -0.2718 0.9477 0.1673
vn -0.3177 0.9241 0.2123
vn -0.3285 0.9204 0.2122
vn -0.3293 0.9202 0.2116
vn -0.4425 0.8736 0.2027
vn -0.4544 0.8648 0.2134
vn -0.4973 0.8422 0.2083
vn -0.4890 0.8488 0.2012
vn -0.6472 0.7421 0.1746
vn -0.6311 0.7590 0.1603
vn -0.6969 0.7022 0.1460
vn -0.7206 0.6727 0.1677
vn -0.8453 0.5190 0.1272
vn -0.8162 0.5698 0.0963
vn -0.8822 0.4657 0.0693
vn -0.9124 0.3946 0.1087
vn -0.9291 0.3564 0.0989
vn -0.9200 0.3824 0.0854
vn -0.9650 0.2567 0.0527
vn -0.9819 0.1620 0.0985
vn -0.9856 0.1410 0.0929
vn -0.9825 0.1678 0.0805
vn -0.9994 0.0012 0.0352
vn -0.9990 -0.0131 0.0417
vn -0.9978 -0.0596 0.0286
vn -0.9936 -0.1026 0.0480
vn -0.9808 -0.1936 0.0210
vn -0.9875 -0.1574 0.0046
vn -0.9756 -0.2189 -0.0143
vn -0.9668 -0.2556 0.0027
vn -0.9401 -0.3401 -0.0244
vn -0.9447 -0.3263 -0.0311
vn -0.9169 -0.3955 -0.0543
vn -0.9040 -0.4259 -0.0385
vn -0.8711 -0.4883 -0.0521
vn -0.8671 -0.4941 -0.0628
vn -0.8101 -0.5799 -0.0867
vn -0.8146 -0.5729 -0.0910
vn -0.7620 -0.6369 -0.1171
vn -0.7478 -0.6556 -0.1045
vn -0.7226 -0.6815 -0.1157
vn -0.6817 -0.7270 -0.0817
vn -0.6127 -0.7828 -0.1086
vn -0.6295 -0.7675 -0.1215
vn -0.5426 -0.8259 -0.1531
vn -0.4979 -0.8588 -0.1208
vn -0.4555 -0.8800 -0.1342
vn -0.3817 -0.9206 -0.0827
vn -0.2684 -0.9566 -0.1138
vn -0.3068 -0.9415 -0.1396
vn -0.1701 -0.9698 -0.1749
vn -0.1089 -0.9851 -0.1335
vn -0.0553 -0.9877 -0.1462
vn -0.0501 -0.9885 -0.1427
vn 0.0392 -0.9858 -0.1634
vn 0.0530 -0.9866 -0.1540
vn 0.0964 -0.9818 -0.1637
vn 0.1118 -0.9818 -0.1533
vn 0.1693 -0.9715 -0.1660
vn 0.1975 -0.9693 -0.1467
vn 0.1996 -0.9688 -0.1471
vn 0.2281 -0.9652 -0.1278
vn 0.2804 -0.9497 -0.1395
vn 0.2821 -0.9494 -0.1383
vn 0.3229 -0.9173 -0.2332
vn 0.3158 -0.9186 -0.2375
vn 0.3748 -0.8924 -0.2514
vn 0.3623 -0.8955 -0.2586
vn 0.3969 -0.8782 -0.2668
vn 0.4220 -0.8708 -0.2523
vn 0.5473 -0.7885 -0.2805
vn 0.6195 -0.7499 -0.2321
vn 0.6620 -0.7099 -0.2404
vn 0.6392 -0.7248 -0.2571
vn 0.7558 -0.5933 -0.2772
vn 0.7839 -0.5675 -0.2518
vn 0.8512 -0.4560 -0.2599
vn 0.8632 -0.4408 -0.2460
vn 0.9388 -0.2365 -0.2505
vn 0.9406 -0.2328 -0.2472
vn 0.9697 -0.0451 -0.2400
vn 0.9728 -0.0337 -0.2293
vn 0.9740 0.0259 -0.2250
vn 0.9737 0.0245 -0.2263
vn 0.9668 0.1368 -0.2160
vn 0.9663 0.1314 -0.2213
vn 0.9563 0.1996 -0.2139
vn 0.9560 0.1885 -0.2250
vn 0.9372 0.2748 -0.2146
vn 0.9375 0.2705 -0.2191
vn 0.9266 0.3091 -0.2141
vn 0.9202 0.3563 -0.1618
vn 0.9034 0.3996 -0.1555
vn 0.8875 0.4516 -0.0915
vn 0.9041 0.4161 -0.0970
vn 0.9047 0.4144 -0.0992
vn 0.2570 -0.9378 -0.2334
vn 0.2755 -0.9353 -0.2221
vn 0.8412 0.5347 -0.0803
vn 0.8232 0.5668 -0.0321
vn 0.7670 0.6413 -0.0188
vn 0.7769 0.6283 -0.0408
vn 0.7415 0.6701 -0.0335
vn 0.7335 0.6795 -0.0166
vn 0.6938 0.7201 -0.0096
vn 0.7067 0.7066 -0.0353
vn 0.6559 0.7544 -0.0275
vn 0.6549 0.7552 -0.0257
vn 0.6019 0.7984 -0.0189
vn 0.6045 0.7962 -0.0235
vn 0.4906 0.8713 -0.0113
vn 0.5056 0.8620 -0.0351
vn 0.4348 0.9001 -0.0287
vn 0.4104 0.9119 0.0075
vn 0.2362 0.9715 0.0195
vn 0.2670 0.9634 -0.0219
vn 0.1786 0.9838 -0.0163
vn 0.1312 0.9903 0.0447
vn -0.0035 0.9987 0.0512
vn -0.0228 0.9970 0.0745
vn -0.1146 0.9904 0.0769
vn -0.1258 0.9880 0.0900
vn -0.1852 0.9785 0.0906
vn -0.2259 0.9644 0.1371
vn -0.2278 0.9640 0.1370
vn -0.2328 0.9620 0.1425
vn -0.2659 0.9535 0.1417
vn -0.2873 0.9437 0.1639
vn -0.3257 0.9315 0.1620
vn -0.3151 0.9368 0.1517
vn -0.3382 0.9290 0.1503
vn -0.3680 0.9127 0.1776
vn -0.4606 0.8715 0.1686
vn -0.4467 0.8809 0.1563
vn -0.4950 0.8558 0.1502
vn -0.4692 0.8736 0.1289
vn -0.6357 0.7654 0.1007
vn -0.5469 0.8367 0.0294
vn -0.7265 0.6871 -0.0113
vn -0.7288 0.6847 -0.0094
vn -0.8137 0.5801 -0.0372
vn -0.8662 0.4996 0.0138
vn -0.9135 0.4068 -0.0090
vn -0.9145 0.4046 -0.0077
vn -0.9191 0.3939 -0.0105
vn -0.9574 0.2853 0.0454
vn -0.9846 0.1738 0.0163
vn -0.9852 0.1705 0.0179
vn -0.9840 0.1769 0.0196
vn -0.9950 0.0738 0.0668
vn -0.9990 -0.0132 0.0420
vn -0.9975 -0.0432 0.0553
vn -0.9941 -0.1010 0.0384
vn -0.9946 -0.0973 0.0368
vn -0.9870 -0.1598 0.0181
vn -0.9782 -0.2044 0.0380
vn -0.9657 -0.2590 0.0209
vn -0.9712 -0.2379 0.0113
vn -0.9442 -0.3289 -0.0183
vn -0.9359 -0.3521 -0.0071
vn -0.9036 -0.4270 -0.0329
vn -0.9067 -0.4201 -0.0365
vn -0.8672 -0.4940 -0.0633
vn -0.8689 -0.4907 -0.0651
vn -0.8149 -0.5716 -0.0964
vn -0.8099 -0.5793 -0.0917
vn -0.7488 -0.6515 -0.1216
vn -0.7415 -0.6609 -0.1153
vn -0.6863 -0.7139 -0.1393
vn -0.6668 -0.7349 -0.1236
vn -0.6308 -0.7636 -0.1378
vn -0.6153 -0.7782 -0.1259
vn -0.5025 -0.8485 -0.1658
vn -0.5280 -0.8291 -0.1840
vn -0.3978 -0.8894 -0.2251
vn -0.3752 -0.9030 -0.2095
vn -0.3169 -0.9211 -0.2260
vn -0.2313 -0.9582 -0.1687
vn -0.1171 -0.9733 -0.1976
vn -0.1211 -0.9722 -0.2003
vn -0.0599 -0.9748 -0.2149
vn 0.0230 -0.9871 -0.1587
vn 0.0515 -0.9849 -0.1650
vn 0.0585 -0.9853 -0.1602
vn 0.1090 -0.9791 -0.1716
vn 0.1541 -0.9780 -0.1407
vn 0.1969 -0.9688 -0.1503
vn 0.1605 -0.9714 -0.1749
vn 0.2186 -0.9575 -0.1881
vn 0.1933 -0.9595 -0.2048
vn 0.2684 -0.9374 -0.2220
vn 0.2523 -0.9394 -0.2323
vn 0.3141 -0.9170 -0.2457
vn 0.3047 -0.9187 -0.2512
vn 0.3609 -0.8941 -0.2650
vn 0.3120 -0.9041 -0.2920
vn 0.4074 -0.8570 -0.3155
vn 0.4382 -0.8480 -0.2981
vn 0.5970 -0.7298 -0.3331
vn 0.6140 -0.7207 -0.3218
vn 0.6238 -0.7114 -0.3237
vn 0.7203 -0.6462 -0.2522
vn 0.7819 -0.5658 -0.2617
vn 0.7817 -0.5660 -0.2619
vn 0.8580 -0.4365 -0.2709
vn 0.8831 -0.4032 -0.2397
vn 0.9420 -0.2339 -0.2405
vn 0.9527 -0.2104 -0.2191
vn 0.9767 -0.0368 -0.2113
vn 0.9659 -0.0760 -0.2475
vn 0.9702 0.0270 -0.2408
vn 0.9684 0.0187 -0.2486
vn 0.9618 0.1343 -0.2385
vn 0.9635 0.1555 -0.2178
vn 0.9587 0.1869 -0.2144
vn 0.9587 0.1868 -0.2145
vn 0.9413 0.2684 -0.2049
vn 0.9408 0.2758 -0.1971
vn 0.9143 0.3599 -0.1860
vn 0.9163 0.3464 -0.2009
vn 0.8662 0.4648 -0.1837
vn 0.8618 0.4792 -0.1662
vn 0.8882 0.4251 -0.1743
vn 0.8493 0.5263 -0.0422
vn 0.2724 -0.9322 -0.2382
vn 0.2755 -0.9318 -0.2363
vn 0.8226 0.5674 -0.0357
vn 0.8075 0.5898 -0.0006
vn 0.7838 0.6210 0.0044
vn 0.7978 0.6024 -0.0265
vn 0.7338 0.6792 -0.0145
vn 0.7385 0.6739 -0.0242
vn 0.7094 0.7045 -0.0196
vn 0.7199 0.6929 -0.0409
vn 0.6538 0.7560 -0.0321
vn 0.6597 0.7503 -0.0433
vn 0.6020 0.7976 -0.0368
vn 0.6042 0.7958 -0.0407
vn 0.5064 0.8617 -0.0313
vn 0.5224 0.8508 -0.0574
vn 0.3992 0.9157 -0.0465
vn 0.3548 0.9348 0.0188
vn 0.2763 0.9607 0.0246
vn 0.2944 0.9557 -0.0000
vn 0.1246 0.9921 0.0108
vn 0.1018 0.9940 0.0403
vn -0.0280 0.9985 0.0467
vn -0.0286 0.9985 0.0474
vn -0.1329 0.9898 0.0503
vn -0.1670 0.9818 0.0908
vn -0.2341 0.9679 0.0912
vn -0.2489 0.9625 0.1082
vn -0.2386 0.9651 0.1083
vn -0.2745 0.9502 0.1478
vn -0.2901 0.9456 0.1473
vn -0.3093 0.9361 0.1674
vn -0.3128 0.9350 0.1672
vn -0.3213 0.9305 0.1756
vn -0.3688 0.9134 0.1724
vn -0.3662 0.9149 0.1700
vn -0.4459 0.8802 0.1623
vn -0.4336 0.8883 0.1515
vn -0.4674 0.8717 0.1474
vn -0.4634 0.8743 0.1442
vn -0.5415 0.8301 0.1327
vn -0.5675 0.8087 0.1545
vn -0.7280 0.6749 0.1202
vn -0.7283 0.6745 0.1205
vn -0.8662 0.4938 0.0767
vn -0.8505 0.5226 0.0594
vn -0.9156 0.4012 0.0280
vn -0.9158 0.4006 0.0284
vn -0.9568 0.2908 -0.0004
vn -0.9742 0.2231 0.0328
vn -0.9852 0.1704 0.0187
vn -0.9890 0.1447 0.0306
vn -0.9966 0.0819 0.0133
vn -0.9981 0.0559 0.0249
vn -0.9994 -0.0340 -0.0009
vn -0.9981 -0.0607 0.0108
vn -0.9958 -0.0912 0.0018
vn -0.9865 -0.1604 0.0318
vn -0.9794 -0.2010 0.0193
vn -0.9737 -0.2258 0.0302
vn -0.9703 -0.2406 0.0254
vn -0.9745 -0.2237 0.0179
vn -0.9369 -0.3487 -0.0236
vn -0.9250 -0.3798 -0.0088
vn -0.9059 -0.4227 -0.0240
vn -0.9220 -0.3849 -0.0429
vn -0.8696 -0.4870 -0.0808
vn -0.8453 -0.5313 -0.0566
vn -0.8090 -0.5827 -0.0772
vn -0.8134 -0.5759 -0.0812
vn -0.7417 -0.6603 -0.1177
vn -0.7607 -0.6351 -0.1339
vn -0.6699 -0.7216 -0.1746
vn -0.6701 -0.7214 -0.1748
vn -0.6203 -0.7598 -0.1948
vn -0.6069 -0.7730 -0.1847
vn -0.5302 -0.8207 -0.2128
vn -0.5099 -0.8371 -0.1984
vn -0.3780 -0.8939 -0.2409
vn -0.3588 -0.9052 -0.2280
vn -0.2413 -0.9350 -0.2598
vn -0.1667 -0.9635 -0.2094
vn -0.1236 -0.9677 -0.2199
vn -0.1074 -0.9720 -0.2091
vn 0.0122 -0.9714 -0.2371
vn 0.0315 -0.9741 -0.2240
vn 0.0485 -0.9725 -0.2278
vn 0.0625 -0.9738 -0.2185
vn 0.1394 -0.9617 -0.2358
vn 0.1547 -0.9619 -0.2256
vn 0.1523 -0.9624 -0.2250
vn 0.1727 -0.9620 -0.2116
vn 0.1914 -0.9575 -0.2159
vn 0.2059 -0.9565 -0.2066
vn 0.2549 -0.9420 -0.2181
vn 0.2367 -0.9441 -0.2296
vn 0.3071 -0.9210 -0.2396
vn 0.3140 -0.9197 -0.2356
vn 0.3240 -0.9156 -0.2382
vn 0.3287 -0.9146 -0.2356
vn 0.4457 -0.8547 -0.2659
vn 0.4317 -0.8594 -0.2740
vn 0.6152 -0.7217 -0.3172
vn 0.6515 -0.7001 -0.2923
vn 0.7090 -0.6365 -0.3036
vn 0.7711 -0.5847 -0.2521
vn 0.7833 -0.5673 -0.2541
vn 0.7690 -0.5809 -0.2670
vn 0.8743 -0.3960 -0.2808
vn 0.9100 -0.3432 -0.2327
vn 0.9500 -0.2081 -0.2328
vn 0.9198 -0.2681 -0.2864
vn 0.9571 -0.0699 -0.2812
vn 0.9501 -0.0894 -0.2987
vn 0.9561 0.0262 -0.2919
vn 0.9469 -0.0064 -0.3215
vn 0.9365 0.1704 -0.3064
vn 0.9387 0.1890 -0.2884
vn 0.9371 0.1981 -0.2874
vn 0.9375 0.2034 -0.2823
vn 0.9185 0.2866 -0.2724
vn 0.9135 0.3526 -0.2028
vn 0.9156 0.3468 -0.2036
vn 0.9090 0.3843 -0.1614
vn 0.8666 0.4767 -0.1474
vn 0.8529 0.5118 -0.1030
vn 0.8388 0.5353 -0.0991
vn 0.8330 0.5470 -0.0830
vn 0.2726 -0.9289 -0.2508
vn 0.2959 -0.9254 -0.2368
vn 0.7952 0.6017 -0.0743
vn 0.7958 0.6008 -0.0757
vn 0.7895 0.6093 -0.0744
vn 0.7742 0.6317 -0.0389
vn 0.7370 0.6751 -0.0327
vn 0.7520 0.6560 -0.0650
vn 0.7164 0.6951 -0.0599
vn 0.7087 0.7041 -0.0440
vn 0.6606 0.7498 -0.0384
vn 0.6895 0.7179 -0.0956
vn 0.5947 0.7993 -0.0867
vn 0.6269 0.7648 -0.1486
vn 0.5030 0.8531 -0.1387
vn 0.4996 0.8561 -0.1327
vn 0.3237 0.9386 -0.1193
vn 0.2990 0.9507 -0.0822
vn 0.2766 0.9576 -0.0806
vn 0.2776 0.9572 -0.0821
vn 0.0784 0.9945 -0.0694
vn -0.0083 0.9989 0.0467
vn -0.0285 0.9985 0.0478
vn -0.0189 0.9992 0.0357
vn -0.1764 0.9835 0.0410
vn -0.2248 0.9693 0.0999
vn -0.2503 0.9630 0.1001
vn -0.2572 0.9603 0.1082
vn -0.2815 0.9535 0.1079
vn -0.3126 0.9391 0.1426
vn -0.3134 0.9388 0.1426
vn -0.3260 0.9324 0.1558
vn -0.3245 0.9330 0.1559
vn -0.3418 0.9237 0.1730
vn -0.3660 0.9147 0.1712
vn -0.3614 0.9174 0.1670
vn -0.4326 0.8873 0.1600
vn -0.4532 0.8735 0.1779
vn -0.4598 0.8702 0.1771
vn -0.5084 0.8332 0.2177
vn -0.5618 0.8004 0.2090
vn -0.5770 0.7861 0.2217
vn -0.7223 0.6650 0.1899
vn -0.7064 0.6857 0.1754
vn -0.8480 0.5141 0.1288
vn -0.8422 0.5250 0.1225
vn -0.9152 0.3931 0.0883
vn -0.9319 0.3447 0.1131
vn -0.9730 0.2170 0.0791
vn -0.9730 0.2169 0.0791
vn -0.9884 0.1407 0.0581
vn -0.9881 0.1430 0.0571
vn -0.9980 0.0548 0.0322
vn -0.9987 0.0194 0.0475
vn -0.9977 -0.0629 0.0236
vn -0.9987 -0.0482 0.0174
vn -0.9882 -0.1522 -0.0142
vn -0.9892 -0.1458 -0.0169
vn -0.9763 -0.2129 -0.0380
vn -0.9794 -0.1969 -0.0449
vn -0.9765 -0.2099 -0.0491
vn -0.9679 -0.2492 -0.0322
vn -0.9278 -0.3659 -0.0728
vn -0.9354 -0.3439 -0.0829
vn -0.9232 -0.3729 -0.0933
vn -0.9052 -0.4190 -0.0712
vn -0.8479 -0.5187 -0.1095
vn -0.8636 -0.4884 -0.1253
vn -0.8162 -0.5571 -0.1535
vn -0.8206 -0.5493 -0.1578
vn -0.7622 -0.6193 -0.1886
vn -0.7491 -0.6383 -0.1772
vn -0.6714 -0.7100 -0.2123
vn -0.6817 -0.6976 -0.2205
vn -0.6097 -0.7522 -0.2499
vn -0.5794 -0.7826 -0.2274
vn -0.5135 -0.8206 -0.2508
vn -0.4764 -0.8500 -0.2249
vn -0.3616 -0.8953 -0.2600
vn -0.3126 -0.9222 -0.2275
vn -0.1728 -0.9487 -0.2646
vn -0.1852 -0.9441 -0.2727
vn -0.1176 -0.9500 -0.2894
vn -0.0372 -0.9710 -0.2360
vn 0.0278 -0.9677 -0.2505
vn 0.0309 -0.9682 -0.2484
vn 0.0569 -0.9655 -0.2543
vn 0.1012 -0.9691 -0.2248
vn 0.1529 -0.9596 -0.2363
vn 0.1438 -0.9595 -0.2424
vn 0.1664 -0.9545 -0.2476
vn 0.1840 -0.9542 -0.2360
vn 0.1998 -0.9500 -0.2398
vn 0.2108 -0.9494 -0.2328
vn 0.2350 -0.9423 -0.2386
vn 0.2317 -0.9426 -0.2406
vn 0.2975 -0.9031 -0.3098
vn 0.3252 -0.8986 -0.2944
vn 0.3160 -0.9027 -0.2919
vn 0.3837 -0.8876 -0.2546
vn 0.4333 -0.8608 -0.2670
vn 0.5742 -0.7992 -0.1777
vn 0.6700 -0.7155 -0.1982
vn 0.5219 -0.7999 -0.2963
vn 0.7484 -0.5659 -0.3460
vn 0.7483 -0.5659 -0.3460
vn 0.7491 -0.5648 -0.3462
vn 0.7499 -0.5641 -0.3455
vn 0.8762 -0.3181 -0.3621
vn 0.8699 -0.3265 -0.3697
vn 0.8942 -0.2509 -0.3706
vn 0.8818 -0.2696 -0.3869
vn 0.9211 -0.0729 -0.3824
vn 0.9343 -0.0413 -0.3540
vn 0.9363 -0.0010 -0.3513
vn 0.9382 0.0049 -0.3459
vn 0.9247 0.1953 -0.3267
vn 0.9285 0.2339 -0.2885
vn 0.9342 0.2049 -0.2922
vn 0.9359 0.2667 -0.2300
vn 0.9093 0.3548 -0.2176
vn 0.9073 0.3683 -0.2027
vn 0.8991 0.3897 -0.1995
vn 0.8925 0.4198 -0.1650
vn 0.8422 0.5182 -0.1489
vn 0.8297 0.5469 -0.1115
vn 0.8272 0.5509 -0.1109
vn 0.8120 0.5794 -0.0711
vn 0.2806 -0.9091 -0.3078
vn 0.2834 -0.9088 -0.3062
vn 0.7973 0.5997 -0.0679
vn 0.7961 0.6016 -0.0650
vn 0.7705 0.6346 -0.0603
vn 0.7780 0.6234 -0.0778
vn 0.7503 0.6570 -0.0736
vn 0.7608 0.6416 -0.0978
vn 0.6997 0.7087 -0.0903
vn 0.7398 0.6467 -0.1854
vn 0.6693 0.7212 -0.1787
vn 0.6748 0.7127 -0.1914
vn 0.6167 0.7648 -0.1867
vn 0.5828 0.8037 -0.1198
vn 0.5042 0.8560 -0.1141
vn 0.5156 0.8464 -0.1335
vn 0.2899 0.9497 -0.1181
vn 0.3101 0.9390 -0.1488
vn 0.2620 0.9540 -0.1459
vn 0.2359 0.9656 -0.1091
vn -0.0417 0.9945 -0.0958
vn -0.0309 0.9934 -0.1101
vn -0.0486 0.9928 -0.1093
vn -0.1693 0.9846 0.0445
vn -0.2353 0.9708 0.0467
vn -0.2584 0.9631 0.0755
vn -0.2633 0.9617 0.0755
vn -0.3144 0.9394 0.1369
vn -0.3136 0.9396 0.1369
vn -0.3245 0.9340 0.1492
vn -0.3272 0.9331 0.1491
vn -0.3574 0.9162 0.1813
vn -0.3403 0.9225 0.1823
vn -0.3485 0.9178 0.1904
vn -0.3580 0.9143 0.1897
vn -0.4070 0.8826 0.2351
vn -0.4454 0.8650 0.2310
vn -0.4080 0.8911 0.1987
vn -0.5127 0.8384 0.1849
vn -0.5196 0.8329 0.1906
vn -0.5821 0.7930 0.1796
vn -0.5950 0.7809 0.1902
vn -0.7075 0.6874 0.1640
vn -0.7185 0.6735 0.1738
vn -0.8416 0.5237 0.1318
vn -0.8334 0.5387 0.1234
vn -0.9338 0.3508 0.0706
vn -0.9299 0.3621 0.0650
vn -0.9741 0.2244 0.0265
vn -0.9648 0.2630 0.0088
vn -0.9877 0.1547 -0.0223
vn -0.9925 0.1224 -0.0082
vn -0.9989 0.0325 -0.0340
vn -0.9998 -0.0023 -0.0193
vn -0.9987 -0.0399 -0.0305
vn -0.9951 -0.0990 -0.0057
vn -0.9892 -0.1452 -0.0199
vn -0.9897 -0.1415 -0.0215
vn -0.9794 -0.1980 -0.0395
vn -0.9748 -0.2209 -0.0299
vn -0.9680 -0.2478 -0.0389
vn -0.9646 -0.2617 -0.0329
vn -0.9352 -0.3485 -0.0632
vn -0.9372 -0.3426 -0.0658
vn -0.9056 -0.4139 -0.0920
vn -0.9021 -0.4224 -0.0879
vn -0.8635 -0.4912 -0.1148
vn -0.8795 -0.4574 -0.1316
vn -0.8206 -0.5461 -0.1685
vn -0.8215 -0.5445 -0.1694
vn -0.7494 -0.6288 -0.2074
vn -0.7554 -0.6198 -0.2126
vn -0.6819 -0.6886 -0.2466
vn -0.6436 -0.7341 -0.2165
vn -0.5800 -0.7781 -0.2410
vn -0.5730 -0.7848 -0.2359
vn -0.4792 -0.8357 -0.2683
vn -0.4246 -0.8755 -0.2307
vn -0.3160 -0.9118 -0.2622
vn -0.2770 -0.9314 -0.2362
vn -0.1838 -0.9479 -0.2604
vn -0.1733 -0.9517 -0.2535
vn -0.0436 -0.9576 -0.2847
vn -0.0464 -0.9570 -0.2865
vn 0.0228 -0.9530 -0.3022
vn 0.0644 -0.9593 -0.2748
vn 0.0921 -0.9553 -0.2808
vn 0.1172 -0.9573 -0.2643
vn 0.1391 -0.9530 -0.2691
vn 0.1509 -0.9534 -0.2614
vn 0.1782 -0.9469 -0.2677
vn 0.1679 -0.9469 -0.2743
vn 0.2012 -0.9380 -0.2823
vn 0.1903 -0.9382 -0.2890
vn 0.2201 -0.9293 -0.2964
vn 0.2247 -0.9291 -0.2937
vn 0.3101 -0.8820 -0.3549
vn 0.3027 -0.8830 -0.3589
vn 0.3538 -0.8582 -0.3720
vn 0.3994 -0.8483 -0.3477
vn 0.5290 -0.7607 -0.3761
vn 0.5515 -0.7514 -0.3622
vn 0.5068 -0.7866 -0.3528
vn 0.5956 -0.7457 -0.2987
vn 0.7537 -0.5704 -0.3265
vn 0.6944 -0.6158 -0.3722
vn 0.7391 -0.5559 -0.3804
vn 0.7312 -0.5622 -0.3863
vn 0.8576 -0.3182 -0.4042
vn 0.8176 -0.3645 -0.4457
vn 0.8566 -0.2547 -0.4487
vn 0.8687 -0.2381 -0.4344
vn 0.9040 -0.0258 -0.4268
vn 0.9207 0.0145 -0.3899
vn 0.9207 0.0132 -0.3900
vn 0.9427 0.0881 -0.3217
vn 0.9226 0.2366 -0.3048
vn 0.9235 0.2545 -0.2869
vn 0.9185 0.2753 -0.2839
vn 0.9063 0.3931 -0.1554
vn 0.9183 0.3618 -0.1606
vn 0.9117 0.3905 -0.1276
vn 0.9021 0.4134 -0.1239
vn 0.8847 0.4618 -0.0636
vn 0.8416 0.5376 -0.0508
vn 0.8521 0.5175 -0.0781
vn 0.8125 0.5789 -0.0682
vn 0.8166 0.5719 -0.0782
vn 0.2790 -0.9038 -0.3246
vn 0.2518 -0.9062 -0.3398
vn 0.7945 0.6028 -0.0735
vn 0.8019 0.5903 -0.0918
vn 0.7761 0.6245 -0.0872
vn 0.7953 0.5906 -0.1366
vn 0.7535 0.6443 -0.1307
vn 0.7697 0.6142 -0.1738
vn 0.7436 0.6463 -0.1710
vn 0.7397 0.6534 -0.1610
vn 0.6841 0.7124 -0.1563
vn 0.7038 0.6810 -0.2024
vn 0.5634 0.8035 -0.1923
vn 0.5808 0.7815 -0.2277
vn 0.4909 0.8424 -0.2221
vn 0.5232 0.8039 -0.2827
vn 0.2743 0.9237 -0.2675
vn 0.2688 0.9278 -0.2587
vn 0.1963 0.9473 -0.2531
vn 0.0795 0.9934 -0.0821
vn -0.0222 0.9971 -0.0735
vn -0.0513 0.9981 -0.0334
vn -0.1844 0.9825 -0.0244
vn -0.2145 0.9766 0.0153
vn -0.2700 0.9627 0.0179
vn -0.3243 0.9419 0.0877
vn -0.3242 0.9419 0.0877
vn -0.3485 0.9299 0.1175
vn -0.3304 0.9365 0.1178
vn -0.3804 0.9080 0.1756
vn -0.3583 0.9168 0.1766
vn -0.3627 0.9141 0.1813
vn -0.3499 0.9189 0.1821
vn -0.3682 0.9080 0.2000
vn -0.4136 0.8892 0.1958
vn -0.4063 0.8940 0.1892
vn -0.4093 0.8926 0.1888
vn -0.4217 0.8846 0.1992
vn -0.5203 0.8338 0.1844
vn -0.5248 0.8302 0.1880
vn -0.5967 0.7833 0.1743
vn -0.6201 0.7604 0.1930
vn -0.7191 0.6745 0.1670
vn -0.7315 0.6583 0.1776
vn -0.8322 0.5361 0.1415
vn -0.8152 0.5654 0.1256
vn -0.9299 0.3622 0.0643
vn -0.9059 0.4220 0.0356
vn -0.9640 0.2655 -0.0107
vn -0.9763 0.2162 0.0115
vn -0.9922 0.1235 -0.0157
vn -0.9954 0.0955 -0.0040
vn -0.9995 -0.0000 -0.0327
vn -0.9990 -0.0409 -0.0160
vn -0.9950 -0.0943 -0.0323
vn -0.9938 -0.1076 -0.0269
vn -0.9897 -0.1386 -0.0366
vn -0.9885 -0.1474 -0.0331
vn -0.9749 -0.2156 -0.0554
vn -0.9717 -0.2308 -0.0492
vn -0.9649 -0.2562 -0.0578
vn -0.9605 -0.2738 -0.0504
vn -0.9373 -0.3406 -0.0741
vn -0.9316 -0.3574 -0.0667
vn -0.9022 -0.4217 -0.0907
vn -0.9078 -0.4081 -0.0970
vn -0.8794 -0.4613 -0.1178
vn -0.8788 -0.4627 -0.1172
vn -0.8214 -0.5494 -0.1532
vn -0.8066 -0.5743 -0.1396
vn -0.7547 -0.6346 -0.1666
vn -0.7451 -0.6478 -0.1586
vn -0.6431 -0.7383 -0.2033
vn -0.6513 -0.7293 -0.2095
vn -0.5732 -0.7835 -0.2400
vn -0.5308 -0.8210 -0.2102
vn -0.4258 -0.8708 -0.2455
vn -0.4261 -0.8707 -0.2457
vn -0.2822 -0.9153 -0.2875
vn -0.2610 -0.9258 -0.2735
vn -0.1783 -0.9389 -0.2945
vn -0.1584 -0.9464 -0.2816
vn -0.0491 -0.9505 -0.3069
vn 0.0052 -0.9627 -0.2707
vn 0.0631 -0.9570 -0.2830
vn 0.0830 -0.9594 -0.2696
vn 0.1151 -0.9541 -0.2765
vn 0.1186 -0.9543 -0.2742
vn 0.1474 -0.9484 -0.2806
vn 0.1401 -0.9481 -0.2854
vn 0.1645 -0.9424 -0.2911
vn 0.1702 -0.9425 -0.2875
vn 0.1896 -0.9374 -0.2922
vn 0.1759 -0.9374 -0.3005
vn 0.2206 -0.9242 -0.3119
vn 0.2232 -0.9240 -0.3104
vn 0.3072 -0.8881 -0.3418
vn 0.3169 -0.8867 -0.3366
vn 0.3970 -0.8458 -0.3564
vn 0.4087 -0.8429 -0.3500
vn 0.5460 -0.7462 -0.3808
vn 0.4905 -0.7673 -0.4131
vn 0.5574 -0.7118 -0.4274
vn 0.5845 -0.6994 -0.4113
vn 0.6757 -0.6002 -0.4279
vn 0.6335 -0.6255 -0.4554
vn 0.7004 -0.5393 -0.4676
vn 0.7290 -0.5183 -0.4471
vn 0.8127 -0.3613 -0.4571
vn 0.8061 -0.3682 -0.4633
vn 0.8549 -0.2302 -0.4648
vn 0.8877 -0.1827 -0.4225
vn 0.9120 0.0190 -0.4098
vn 0.9260 0.0580 -0.3731
vn 0.9245 0.0972 -0.3687
vn 0.9429 0.2059 -0.2618
vn 0.9342 0.2491 -0.2552
vn 0.9317 0.3074 -0.1935
vn 0.9003 0.3971 -0.1781
vn 0.8945 0.4212 -0.1500
vn 0.9055 0.3951 -0.1547
vn 0.8847 0.4598 -0.0771
vn 0.8825 0.4640 -0.0763
vn 0.8776 0.4754 -0.0618
vn 0.8561 0.5138 -0.0554
vn 0.8688 0.4868 -0.0910
vn 0.8167 0.5718 -0.0776
vn 0.8213 0.5634 -0.0894
vn 0.2539 -0.9087 -0.3315
vn 0.2581 -0.9083 -0.3292
vn 0.8032 0.5896 -0.0856
vn 0.8271 0.5410 -0.1524
vn 0.7930 0.5914 -0.1466
vn 0.8060 0.5619 -0.1862
vn 0.7678 0.6145 -0.1812
vn 0.7822 0.5808 -0.2256
vn 0.7236 0.6543 -0.2199
vn 0.7397 0.6175 -0.2675
vn 0.6850 0.6791 -0.2637
vn 0.6997 0.6458 -0.3056
vn 0.5577 0.7754 -0.2963
vn 0.5617 0.7689 -0.3054
vn 0.5164 0.8012 -0.3022
vn 0.4831 0.8431 -0.2361
vn 0.2828 0.9347 -0.2152
vn 0.2377 0.9610 -0.1411
vn 0.0690 0.9903 -0.1202
vn 0.0356 0.9969 -0.0696
vn -0.0577 0.9966 -0.0592
vn -0.0832 0.9963 -0.0230
vn -0.2203 0.9754 -0.0103
vn -0.2784 0.9579 0.0704
vn -0.3275 0.9420 0.0729
vn -0.3572 0.9272 0.1128
vn -0.3495 0.9301 0.1127
vn -0.3905 0.9058 0.1645
vn -0.3826 0.9091 0.1646
vn -0.3902 0.9042 0.1736
vn -0.3639 0.9149 0.1749
vn -0.3810 0.9041 0.1933
vn -0.3692 0.9088 0.1941
vn -0.3694 0.9088 0.1943
vn -0.4060 0.8938 0.1906
vn -0.3981 0.8988 0.1835
vn -0.4244 0.8874 0.1803
vn -0.4475 0.8718 0.1992
vn -0.5250 0.8304 0.1865
vn -0.5060 0.8452 0.1719
vn -0.6246 0.7670 0.1469
vn -0.6293 0.7624 0.1505
vn -0.7358 0.6665 0.1199
vn -0.6912 0.7175 0.0862
vn -0.8168 0.5755 0.0410
vn -0.8007 0.5985 0.0280
vn -0.9031 0.4286 -0.0251
vn -0.9232 0.3842 -0.0041
vn -0.9730 0.2245 -0.0537
vn -0.9844 0.1730 -0.0320
vn -0.9933 0.1029 -0.0534
vn -0.9999 0.0074 -0.0152
vn -0.9988 -0.0387 -0.0292
vn -0.9983 -0.0541 -0.0232
vn -0.9937 -0.1053 -0.0394
vn -0.9937 -0.1048 -0.0396
vn -0.9883 -0.1435 -0.0521
vn -0.9854 -0.1648 -0.0439
vn -0.9716 -0.2274 -0.0649
vn -0.9753 -0.2087 -0.0723
vn -0.9602 -0.2640 -0.0915
vn -0.9534 -0.2906 -0.0808
vn -0.9317 -0.3486 -0.1017
vn -0.9289 -0.3572 -0.0980
vn -0.9078 -0.4032 -0.1152
vn -0.8875 -0.4513 -0.0930
vn -0.8783 -0.4676 -0.0994
vn -0.8572 -0.5090 -0.0788
vn -0.8052 -0.5827 -0.1097
vn -0.8126 -0.5711 -0.1161
vn -0.7447 -0.6499 -0.1516
vn -0.7349 -0.6628 -0.1437
vn -0.6498 -0.7382 -0.1812
vn -0.6365 -0.7519 -0.1714
vn -0.5309 -0.8206 -0.2115
vn -0.5404 -0.8127 -0.2181
vn -0.4270 -0.8671 -0.2566
vn -0.4000 -0.8848 -0.2390
vn -0.2616 -0.9239 -0.2794
vn -0.2660 -0.9217 -0.2822
vn -0.1617 -0.9374 -0.3086
vn -0.1086 -0.9556 -0.2740
vn 0.0013 -0.9545 -0.2981
vn 0.0420 -0.9617 -0.2707
vn 0.0815 -0.9569 -0.2789
vn 0.0938 -0.9581 -0.2707
vn 0.1183 -0.9539 -0.2759
vn 0.1234 -0.9542 -0.2725
vn 0.1417 -0.9505 -0.2766
vn 0.1248 -0.9496 -0.2874
vn 0.1681 -0.9398 -0.2976
vn 0.1590 -0.9395 -0.3033
vn 0.1745 -0.9356 -0.3071
vn 0.1879 -0.9356 -0.2990
vn 0.2237 -0.9247 -0.3080
vn 0.2048 -0.9254 -0.3188
vn 0.3217 -0.8917 -0.3184
vn 0.3207 -0.8919 -0.3189
vn 0.4112 -0.8454 -0.3410
vn 0.3997 -0.8483 -0.3473
vn 0.5039 -0.7801 -0.3709
vn 0.4609 -0.7948 -0.3948
vn 0.5818 -0.6969 -0.4193
vn 0.5859 -0.6950 -0.4168
vn 0.6442 -0.6346 -0.4269
vn 0.6367 -0.6389 -0.4318
vn 0.7296 -0.5187 -0.4456
vn 0.7639 -0.4917 -0.4180
vn 0.8234 -0.3800 -0.4214
vn 0.8600 -0.3391 -0.3812
vn 0.9063 -0.1943 -0.3753
vn 0.9324 -0.1479 -0.3298
vn 0.9504 0.0436 -0.3081
vn 0.9630 0.0994 -0.2503
vn 0.9512 0.2006 -0.2346
vn 0.9517 0.2174 -0.2166
vn 0.9295 0.3089 -0.2015
vn 0.9181 0.3757 -0.1265
vn 0.9017 0.4157 -0.1189
vn 0.8894 0.4508 -0.0760
vn 0.8852 0.4593 -0.0744
vn 0.8729 0.4863 -0.0400
vn 0.8806 0.4719 -0.0426
vn 0.8815 0.4700 -0.0451
vn 0.8767 0.4791 -0.0436
vn 0.8823 0.4670 -0.0595
vn 0.8290 0.5573 -0.0459
vn 0.8676 0.4711 -0.1589
vn 0.2602 -0.9107 -0.3208
vn 0.2823 -0.9084 -0.3085
vn 0.8276 0.5409 -0.1503
vn 0.8366 0.5172 -0.1806
vn 0.8087 0.5613 -0.1759
vn 0.8276 0.5042 -0.2466
vn 0.7776 0.5809 -0.2406
vn 0.7883 0.5473 -0.2812
vn 0.7365 0.6172 -0.2767
vn 0.7552 0.5560 -0.3472
vn 0.6854 0.6420 -0.3437
vn 0.6942 0.6155 -0.3733
vn 0.5384 0.7598 -0.3644
vn 0.5383 0.7600 -0.3641
vn 0.4399 0.8250 -0.3549
vn 0.3762 0.8969 -0.2324
vn 0.2162 0.9533 -0.2108
vn 0.2074 0.9583 -0.1964
vn 0.0069 0.9857 -0.1685
vn -0.0292 0.9932 -0.1128
vn -0.1038 0.9893 -0.1030
vn -0.2315 0.9689 0.0873
vn -0.2730 0.9576 0.0916
vn -0.2867 0.9515 0.1117
vn -0.3564 0.9270 0.1163
vn -0.3776 0.9144 0.1460
vn -0.3945 0.9072 0.1463
vn -0.3983 0.9047 0.1513
vn -0.3948 0.9062 0.1513
vn -0.4060 0.8989 0.1646
vn -0.3863 0.9074 0.1656
vn -0.3878 0.9065 0.1672
vn -0.3739 0.9121 0.1683
vn -0.3905 0.9020 0.1842
vn -0.3981 0.8988 0.1834
vn -0.3939 0.9014 0.1798
vn -0.4512 0.8757 0.1719
vn -0.4442 0.8803 0.1664
vn -0.5078 0.8474 0.1553
vn -0.4936 0.8575 0.1450
vn -0.6318 0.7668 0.1133
vn -0.5748 0.8150 0.0735
vn -0.6915 0.7213 0.0395
vn -0.7436 0.6642 0.0764
vn -0.8012 0.5960 0.0536
vn -0.8437 0.5296 0.0880
vn -0.9246 0.3790 0.0388
vn -0.9299 0.3651 0.0449
vn -0.9851 0.1710 -0.0173
vn -0.9919 0.1269 -0.0001
vn -0.9993 0.0107 -0.0362
vn -0.9995 -0.0156 -0.0263
vn -0.9980 -0.0515 -0.0378
vn -0.9971 -0.0699 -0.0310
vn -0.9937 -0.1042 -0.0423
vn -0.9929 -0.1126 -0.0393
vn -0.9852 -0.1622 -0.0561
vn -0.9848 -0.1647 -0.0551
vn -0.9753 -0.2091 -0.0706
vn -0.9689 -0.2405 -0.0588
vn -0.9535 -0.2915 -0.0771
vn -0.9536 -0.2911 -0.0773
vn -0.9288 -0.3563 -0.1015
vn -0.9214 -0.3774 -0.0928
vn -0.8880 -0.4443 -0.1187
vn -0.8800 -0.4618 -0.1108
vn -0.8591 -0.4964 -0.1247
vn -0.8330 -0.5439 -0.1011
vn -0.8125 -0.5719 -0.1131
vn -0.7864 -0.6109 -0.0918
vn -0.7330 -0.6697 -0.1191
vn -0.7319 -0.6711 -0.1183
vn -0.6357 -0.7549 -0.1614
vn -0.6580 -0.7319 -0.1773
vn -0.5408 -0.8110 -0.2232
vn -0.5421 -0.8099 -0.2241
vn -0.4029 -0.8744 -0.2703
vn -0.3414 -0.9112 -0.2305
vn -0.2626 -0.9314 -0.2521
vn -0.2445 -0.9393 -0.2406
vn -0.1086 -0.9555 -0.2742
vn -0.0595 -0.9684 -0.2421
vn 0.0429 -0.9634 -0.2644
vn 0.0610 -0.9657 -0.2523
vn 0.0957 -0.9610 -0.2595
vn 0.0961 -0.9610 -0.2592
vn 0.1248 -0.9561 -0.2653
vn 0.0982 -0.9542 -0.2825
vn 0.1246 -0.9494 -0.2885
vn 0.1274 -0.9495 -0.2867
vn 0.1609 -0.9420 -0.2945
vn 0.1432 -0.9414 -0.3053
vn 0.1843 -0.9309 -0.3153
vn 0.1957 -0.9309 -0.3085
vn 0.2066 -0.9276 -0.3112
vn 0.2116 -0.9274 -0.3084
vn 0.3092 -0.8796 -0.3614
vn 0.3279 -0.8769 -0.3516
vn 0.3940 -0.8426 -0.3673
vn 0.3764 -0.8465 -0.3764
vn 0.4606 -0.7946 -0.3956
vn 0.4376 -0.8015 -0.4076
vn 0.5794 -0.6891 -0.4353
vn 0.5775 -0.6899 -0.4365
vn 0.6319 -0.6347 -0.4449
vn 0.6960 -0.5961 -0.4002
vn 0.7680 -0.4949 -0.4065
vn 0.7861 -0.4792 -0.3904
vn 0.8569 -0.3367 -0.3903
vn 0.8683 -0.3229 -0.3766
vn 0.9216 -0.1401 -0.3619
vn 0.9594 -0.0564 -0.2763
vn 0.9621 0.1002 -0.2538
vn 0.9667 0.1333 -0.2183
vn 0.9550 0.2149 -0.2046
vn 0.9505 0.2826 -0.1293
vn 0.9212 0.3728 -0.1118
vn 0.9022 0.4290 -0.0445
vn 0.8952 0.4438 -0.0415
vn 0.8916 0.4518 -0.0315
vn 0.8751 0.4834 -0.0253
vn 0.8819 0.4694 -0.0431
vn 0.8818 0.4696 -0.0430
vn 0.8925 0.4451 -0.0737
vn 0.8806 0.4686 -0.0699
vn 0.8889 0.4480 -0.0958
vn 0.8812 0.4635 -0.0936
vn 0.8929 0.4294 -0.1355
vn 0.2680 -0.8923 -0.3632
vn 0.2830 -0.8910 -0.3551
vn 0.8495 0.5124 -0.1256
vn 0.8688 0.4541 -0.1975
vn 0.8429 0.5022 -0.1931
vn 0.8543 0.4590 -0.2438
vn 0.8022 0.5476 -0.2379
vn 0.8213 0.4659 -0.3291
vn 0.7636 0.5576 -0.3256
vn 0.7632 0.5591 -0.3239
vn 0.7147 0.6214 -0.3211
vn 0.7166 0.6158 -0.3275
vn 0.5586 0.7682 -0.3128
vn 0.5636 0.7596 -0.3246
vn 0.3534 0.8880 -0.2941
vn 0.3634 0.8773 -0.3133
vn 0.1777 0.9425 -0.2830
vn 0.1157 0.9775 -0.1766
vn -0.0397 0.9882 -0.1480
vn -0.1156 0.9930 -0.0240
vn -0.2558 0.9667 0.0001
vn -0.2856 0.9572 0.0474
vn -0.3027 0.9518 0.0496
vn -0.3581 0.9240 0.1341
vn -0.3801 0.9149 0.1359
vn -0.3780 0.9162 0.1328
vn -0.4021 0.9058 0.1337
vn -0.4072 0.9025 0.1403
vn -0.4108 0.9008 0.1403
vn -0.4102 0.9013 0.1395
vn -0.3926 0.9089 0.1404
vn -0.4039 0.9020 0.1523
vn -0.3958 0.9055 0.1530
vn -0.3987 0.9037 0.1558
vn -0.3974 0.9043 0.1560
vn -0.4202 0.8904 0.1751
vn -0.4436 0.8796 0.1717
vn -0.4383 0.8830 0.1677
vn -0.4924 0.8559 0.1581
vn -0.5337 0.8246 0.1875
vn -0.5688 0.8026 0.1795
vn -0.5875 0.7861 0.1922
vn -0.7403 0.6563 0.1457
vn -0.7539 0.6383 0.1556
vn -0.8428 0.5255 0.1163
vn -0.8456 0.5205 0.1186
vn -0.9298 0.3623 0.0644
vn -0.9486 0.3041 0.0873
vn -0.9921 0.1229 0.0268
vn -0.9967 0.0668 0.0462
vn -0.9996 -0.0231 0.0161
vn -0.9997 0.0262 -0.0005
vn -0.9970 -0.0696 -0.0331
vn -0.9976 -0.0578 -0.0371
vn -0.9925 -0.1093 -0.0550
vn -0.9938 -0.0938 -0.0601
vn -0.9839 -0.1584 -0.0831
vn -0.9807 -0.1800 -0.0758
vn -0.9682 -0.2318 -0.0946
vn -0.9608 -0.2644 -0.0832
vn -0.9534 -0.2873 -0.0918
vn -0.9444 -0.3189 -0.0803
vn -0.9214 -0.3750 -0.1019
vn -0.8964 -0.4365 -0.0773
vn -0.8794 -0.4676 -0.0898
vn -0.8755 -0.4754 -0.0864
vn -0.8337 -0.5404 -0.1137
vn -0.8370 -0.5346 -0.1165
vn -0.7899 -0.5961 -0.1438
vn -0.8042 -0.5737 -0.1553
vn -0.7364 -0.6490 -0.1908
vn -0.7351 -0.6509 -0.1897
vn -0.6606 -0.7167 -0.2235
vn -0.6032 -0.7763 -0.1832
vn -0.5406 -0.8155 -0.2066
vn -0.4949 -0.8509 -0.1764
vn -0.3407 -0.9131 -0.2241
vn -0.3081 -0.9293 -0.2035
vn -0.2420 -0.9448 -0.2210
vn -0.1896 -0.9637 -0.1880
vn -0.0563 -0.9739 -0.2197
vn -0.0422 -0.9767 -0.2106
vn 0.0640 -0.9703 -0.2331
vn 0.0672 -0.9706 -0.2310
vn 0.0998 -0.9662 -0.2377
vn 0.0930 -0.9658 -0.2422
vn 0.1052 -0.9638 -0.2448
vn 0.0959 -0.9633 -0.2508
vn 0.1329 -0.9566 -0.2591
vn 0.1211 -0.9562 -0.2666
vn 0.1501 -0.9501 -0.2734
vn 0.1382 -0.9498 -0.2806
vn 0.1987 -0.9345 -0.2952
vn 0.1507 -0.9343 -0.3231
vn 0.2046 -0.9192 -0.3366
vn 0.1911 -0.9193 -0.3440
vn 0.3266 -0.8755 -0.3561
vn 0.3487 -0.8716 -0.3444
vn 0.3835 -0.8536 -0.3525
vn 0.3662 -0.8575 -0.3613
vn 0.4466 -0.8103 -0.3795
vn 0.5075 -0.7890 -0.3462
vn 0.6009 -0.7116 -0.3639
vn 0.5652 -0.7291 -0.3860
vn 0.6947 -0.5949 -0.4043
vn 0.7119 -0.5832 -0.3912
vn 0.7845 -0.4778 -0.3954
vn 0.8194 -0.4450 -0.3614
vn 0.8743 -0.3277 -0.3581
vn 0.9251 -0.2518 -0.2840
vn 0.9623 -0.0589 -0.2655
vn 0.9748 -0.0163 -0.2224
vn 0.9710 0.1294 -0.2011
vn 0.9704 0.2178 -0.1046
vn 0.9570 0.2746 -0.0941
vn 0.9276 0.3728 0.0220
vn 0.9108 0.4117 0.0302
vn 0.9098 0.4138 0.0328
vn 0.8991 0.4362 0.0373
vn 0.9010 0.4326 0.0329
vn 0.8910 0.4526 0.0367
vn 0.9134 0.4067 -0.0206
vn 0.9006 0.4344 -0.0157
vn 0.9132 0.4042 -0.0525
vn 0.8967 0.4402 -0.0469
vn 0.9089 0.4081 -0.0859
vn 0.9024 0.4227 -0.0839
vn 0.9178 0.3684 -0.1478
vn 0.3000 -0.9090 -0.2894
vn 0.2230 -0.9170 -0.3306
vn 0.8825 0.4492 -0.1393
vn 0.8995 0.3749 -0.2243
vn 0.8617 0.4581 -0.2181
vn 0.8753 0.3645 -0.3177
vn 0.8270 0.4665 -0.3137
vn 0.8326 0.4234 -0.3570
vn 0.7523 0.5570 -0.3518
vn 0.7691 0.4439 -0.4598
vn 0.6603 0.5972 -0.4554
vn 0.6658 0.5716 -0.4797
vn 0.5008 0.7307 -0.4640
vn 0.4873 0.7600 -0.4300
vn 0.3256 0.8553 -0.4030
vn 0.2819 0.9053 -0.3177
vn 0.0807 0.9578 -0.2760
vn -0.0053 0.9919 -0.1269
vn -0.1387 0.9855 -0.0976
vn -0.1903 0.9817 -0.0111
vn -0.2962 0.9551 0.0094
vn -0.3137 0.9487 0.0379
vn -0.3805 0.9235 0.0480
vn -0.4010 0.9126 0.0798
vn -0.3906 0.9172 0.0788
vn -0.4182 0.9006 0.1186
vn -0.4119 0.9035 0.1183
vn -0.4176 0.8999 0.1258
vn -0.4128 0.9021 0.1258
vn -0.4189 0.8983 0.1330
vn -0.4072 0.9035 0.1335
vn -0.4120 0.9006 0.1385
vn -0.4013 0.9053 0.1394
vn -0.4286 0.8884 0.1647
vn -0.4216 0.8915 0.1656
vn -0.4340 0.8836 0.1758
vn -0.4373 0.8821 0.1752
vn -0.4754 0.8560 0.2033
vn -0.5332 0.8240 0.1917
vn -0.5150 0.8382 0.1793
vn -0.5902 0.7909 0.1617
vn -0.6163 0.7670 0.1788
vn -0.7553 0.6415 0.1340
vn -0.7186 0.6867 0.1099
vn -0.8467 0.5295 0.0530
vn -0.8924 0.4422 0.0897
vn -0.9494 0.3110 0.0441
vn -0.9577 0.2826 0.0542
vn -0.9968 0.0775 -0.0168
vn -0.9955 0.0924 -0.0214
vn -0.9985 0.0338 -0.0420
vn -0.9995 -0.0082 -0.0292
vn -0.9974 -0.0559 -0.0462
vn -0.9974 -0.0555 -0.0463
vn -0.9938 -0.0938 -0.0604
vn -0.9906 -0.1275 -0.0503
vn -0.9809 -0.1813 -0.0704
vn -0.9789 -0.1934 -0.0667
vn -0.9606 -0.2619 -0.0929
vn -0.9623 -0.2547 -0.0952
vn -0.9439 -0.3090 -0.1165
vn -0.9370 -0.3320 -0.1088
vn -0.8970 -0.4181 -0.1435
vn -0.9024 -0.4046 -0.1484
vn -0.8765 -0.4512 -0.1678
vn -0.8568 -0.4931 -0.1512
vn -0.8383 -0.5203 -0.1630
vn -0.8233 -0.5471 -0.1512
vn -0.8044 -0.5715 -0.1622
vn -0.7952 -0.5862 -0.1552
vn -0.7349 -0.6519 -0.1869
vn -0.7316 -0.6563 -0.1846
vn -0.6071 -0.7577 -0.2394
vn -0.6259 -0.7381 -0.2519
vn -0.5048 -0.8106 -0.2967
vn -0.4433 -0.8585 -0.2576
vn -0.3183 -0.9015 -0.2934
vn -0.2902 -0.9163 -0.2760
vn -0.2043 -0.9326 -0.2977
vn -0.1073 -0.9654 -0.2376
vn -0.0482 -0.9670 -0.2503
vn 0.0202 -0.9783 -0.2063
vn 0.0696 -0.9739 -0.2162
vn 0.0811 -0.9746 -0.2087
vn 0.0983 -0.9723 -0.2122
vn 0.1041 -0.9725 -0.2084
vn 0.1039 -0.9725 -0.2083
vn 0.1082 -0.9726 -0.2056
vn 0.1323 -0.9685 -0.2110
vn 0.1181 -0.9684 -0.2198
vn 0.1497 -0.9623 -0.2273
vn 0.1281 -0.9622 -0.2402
vn 0.1678 -0.9536 -0.2500
vn 0.1519 -0.9538 -0.2591
vn 0.2088 -0.9390 -0.2734
vn 0.2165 -0.9385 -0.2690
vn 0.3435 -0.8663 -0.3627
vn 0.2977 -0.8734 -0.3854
vn 0.3545 -0.8455 -0.3994
vn 0.3958 -0.8362 -0.3795
vn 0.4912 -0.7738 -0.4000
vn 0.4339 -0.7922 -0.4290
vn 0.5432 -0.7077 -0.4517
vn 0.6176 -0.6724 -0.4080
vn 0.7029 -0.5752 -0.4185
vn 0.7624 -0.5302 -0.3711
vn 0.8162 -0.4420 -0.3721
vn 0.8521 -0.4035 -0.3333
vn 0.9147 -0.2415 -0.3239
vn 0.9673 -0.1324 -0.2165
vn 0.9795 -0.0214 -0.2005
vn 0.9918 0.1165 -0.0526
vn 0.9789 0.2010 -0.0366
vn 0.9681 0.2498 0.0193
vn 0.9290 0.3674 0.0433
vn 0.9294 0.3667 0.0425
vn 0.9110 0.4092 0.0511
vn 0.9132 0.4050 0.0459
vn 0.9022 0.4283 0.0505
vn 0.9179 0.3965 0.0122
vn 0.9167 0.3994 0.0127
vn 0.9235 0.3837 -0.0059
vn 0.9188 0.3947 -0.0040
vn 0.9349 0.3507 -0.0551
vn 0.9145 0.4018 -0.0474
vn 0.9278 0.3609 -0.0947
vn 0.9276 0.3614 -0.0947
vn 0.9376 0.3159 -0.1456
vn 0.2269 -0.9213 -0.3159
vn 0.2039 -0.9227 -0.3273
vn 0.9192 0.3677 -0.1408
vn 0.9304 0.2906 -0.2234
vn 0.9061 0.3617 -0.2195
vn 0.9116 0.2725 -0.3079
vn 0.8524 0.4251 -0.3044
vn 0.8572 0.2981 -0.4200
vn 0.7883 0.4492 -0.4204
vn 0.7910 0.3455 -0.5049
vn 0.6525 0.5660 -0.5039
vn 0.6595 0.5218 -0.5411
vn 0.4422 0.7345 -0.5147
vn 0.4510 0.7130 -0.5368
vn 0.2017 0.8481 -0.4898
vn 0.1341 0.9234 -0.3597
vn -0.0712 0.9488 -0.3077
vn -0.1071 0.9631 -0.2469
vn -0.2508 0.9448 -0.2108
vn -0.3023 0.9447 -0.1269
vn -0.3536 0.9282 -0.1155
vn -0.3981 0.9162 -0.0455
vn -0.4286 0.9026 -0.0402
vn -0.4745 0.8798 0.0302
vn -0.4383 0.8985 0.0261
vn -0.4711 0.8791 0.0730
vn -0.4286 0.9007 0.0707
vn -0.4558 0.8837 0.1060
vn -0.4238 0.8995 0.1060
vn -0.4359 0.8919 0.1201
vn -0.4149 0.9018 0.1211
vn -0.4325 0.8908 0.1392
vn -0.4326 0.8908 0.1391
vn -0.4401 0.8860 0.1459
vn -0.4381 0.8870 0.1462
vn -0.4683 0.8671 0.1700
vn -0.4801 0.8610 0.1680
vn -0.5011 0.8459 0.1828
vn -0.5150 0.8381 0.1799
vn -0.5411 0.8177 0.1965
vn -0.6164 0.7672 0.1772
vn -0.6130 0.7704 0.1752
vn -0.7172 0.6822 0.1424
vn -0.7527 0.6376 0.1644
vn -0.8924 0.4418 0.0922
vn -0.8698 0.4877 0.0755
vn -0.9567 0.2909 0.0019
vn -0.9765 0.2141 0.0251
vn -0.9956 0.0920 -0.0191
vn -0.9967 0.0799 -0.0158
vn -0.9989 -0.0047 -0.0472
vn -0.9987 -0.0309 -0.0404
vn -0.9973 -0.0548 -0.0494
vn -0.9963 -0.0738 -0.0445
vn -0.9902 -0.1244 -0.0639
vn -0.9894 -0.1312 -0.0621
vn -0.9783 -0.1888 -0.0848
vn -0.9783 -0.1892 -0.0847
vn -0.9618 -0.2508 -0.1094
vn -0.9579 -0.2673 -0.1049
vn -0.9365 -0.3261 -0.1290
vn -0.9326 -0.3385 -0.1254
vn -0.9023 -0.4032 -0.1526
vn -0.8970 -0.4164 -0.1484
vn -0.8565 -0.4844 -0.1780
vn -0.8503 -0.4970 -0.1735
vn -0.8237 -0.5342 -0.1902
vn -0.7996 -0.5750 -0.1734
vn -0.7959 -0.5794 -0.1755
vn -0.7712 -0.6165 -0.1587
vn -0.7313 -0.6580 -0.1793
vn -0.7267 -0.6640 -0.1762
vn -0.6242 -0.7490 -0.2221
vn -0.6143 -0.7589 -0.2160
vn -0.4449 -0.8520 -0.2760
vn -0.4133 -0.8734 -0.2574
vn -0.2918 -0.9113 -0.2906
vn -0.1971 -0.9521 -0.2336
vn -0.1094 -0.9613 -0.2528
vn -0.0519 -0.9747 -0.2174
vn 0.0164 -0.9728 -0.2310
vn 0.0492 -0.9764 -0.2103
vn 0.0798 -0.9731 -0.2162
vn 0.0983 -0.9739 -0.2045
vn 0.1046 -0.9730 -0.2058
vn 0.1137 -0.9732 -0.2001
vn 0.1095 -0.9738 -0.1992
vn 0.1129 -0.9739 -0.1971
vn 0.1223 -0.9723 -0.1992
vn 0.1137 -0.9723 -0.2043
vn 0.1348 -0.9685 -0.2094
vn 0.1244 -0.9686 -0.2154
vn 0.1599 -0.9613 -0.2243
vn 0.1339 -0.9618 -0.2386
vn 0.2186 -0.9404 -0.2604
vn 0.1510 -0.9432 -0.2959
vn 0.3255 -0.9016 -0.2850
vn 0.2690 -0.9112 -0.3121
vn 0.4059 -0.8460 -0.3458
vn 0.3713 -0.8549 -0.3624
vn 0.4505 -0.8077 -0.3803
vn 0.4991 -0.7902 -0.3556
vn 0.6268 -0.6814 -0.3779
vn 0.5836 -0.7046 -0.4037
vn 0.7452 -0.5143 -0.4245
vn 0.7270 -0.5285 -0.4383
vn 0.8187 -0.3721 -0.4374
vn 0.9414 -0.2049 -0.2679
vn 0.9584 -0.1224 -0.2577
vn 0.9932 0.0244 -0.1141
vn 0.9869 0.1278 -0.0981
vn 0.9835 0.1733 -0.0512
vn 0.9640 0.2636 -0.0346
vn 0.9448 0.3259 0.0345
vn 0.9322 0.3603 0.0351
vn 0.9130 0.4055 0.0440
vn 0.9198 0.3914 0.0277
vn 0.9192 0.3927 0.0279
vn 0.9287 0.3709 0.0031
vn 0.9245 0.3812 0.0049
vn 0.9347 0.3545 -0.0251
vn 0.9382 0.3450 -0.0266
vn 0.9490 0.3080 -0.0673
vn 0.9329 0.3550 -0.0605
vn 0.9508 0.2698 -0.1524
vn 0.9373 0.3160 -0.1470
vn 0.9430 0.2682 -0.1972
vn 0.2222 -0.9402 -0.2581
vn 0.2221 -0.9402 -0.2581
vn 0.9145 0.2950 -0.2768
vn 0.9599 0.1935 -0.2028
vn 0.9215 0.2714 -0.2780
vn 0.9145 0.1745 -0.3649
vn 0.8809 0.3004 -0.3657
vn 0.8548 0.1164 -0.5057
vn 0.7839 0.3435 -0.5172
vn 0.7772 0.2702 -0.5683
vn 0.6411 0.5139 -0.5700
vn 0.6471 0.4412 -0.6218
vn 0.4102 0.6850 -0.6021
vn 0.4153 0.6707 -0.6146
vn 0.0444 0.8430 -0.5361
vn -0.0046 0.8953 -0.4454
vn -0.1638 0.9009 -0.4018
vn -0.2415 0.9299 -0.2774
vn -0.3365 0.9078 -0.2505
vn -0.3989 0.9046 -0.1505
vn -0.4211 0.8953 -0.1451
vn -0.4685 0.8805 -0.0722
vn -0.4943 0.8666 -0.0676
vn -0.5304 0.8477 -0.0135
vn -0.4882 0.8725 -0.0182
vn -0.5192 0.8543 0.0245
vn -0.4707 0.8820 0.0223
vn -0.5051 0.8606 0.0656
vn -0.4449 0.8931 0.0665
vn -0.4814 0.8699 0.1076
vn -0.4371 0.8926 0.1104
vn -0.4648 0.8746 0.1380
vn -0.4409 0.8865 0.1406
vn -0.4695 0.8672 0.1655
vn -0.4667 0.8656 0.1814
vn -0.4873 0.8579 0.1628
vn -0.5021 0.8470 0.1748
vn -0.5302 0.8255 0.1934
vn -0.5417 0.8186 0.1908
vn -0.6027 0.7648 0.2274
vn -0.6078 0.7613 0.2260
vn -0.6266 0.7427 0.2364
vn -0.7506 0.6322 0.1922
vn -0.7908 0.5730 0.2152
vn -0.8654 0.4694 0.1752
vn -0.8685 0.4630 0.1772
vn -0.9757 0.2045 0.0786
vn -0.9648 0.2546 0.0664
vn -0.9970 0.0773 -0.0024
vn -0.9973 0.0736 -0.0016
vn -0.9986 -0.0305 -0.0421
vn -0.9986 -0.0322 -0.0417
vn -0.9958 -0.0709 -0.0570
vn -0.9963 -0.0618 -0.0590
vn -0.9885 -0.1255 -0.0848
vn -0.9856 -0.1492 -0.0797
vn -0.9779 -0.1864 -0.0951
vn -0.9793 -0.1775 -0.0970
vn -0.9567 -0.2595 -0.1315
vn -0.9555 -0.2647 -0.1304
vn -0.9313 -0.3284 -0.1576
vn -0.9248 -0.3484 -0.1526
vn -0.8961 -0.4065 -0.1781
vn -0.8932 -0.4137 -0.1761
vn -0.8495 -0.4848 -0.2082
vn -0.8452 -0.4935 -0.2054
vn -0.7994 -0.5521 -0.2369
vn -0.8024 -0.5499 -0.2318
vn -0.7730 -0.5825 -0.2516
vn -0.7381 -0.6342 -0.2302
vn -0.7293 -0.6428 -0.2345
vn -0.6563 -0.7298 -0.1914
vn -0.6138 -0.7613 -0.2090
vn -0.5596 -0.8093 -0.1783
vn -0.4101 -0.8831 -0.2282
vn -0.3689 -0.9065 -0.2055
vn -0.1992 -0.9476 -0.2498
vn -0.1578 -0.9612 -0.2263
vn -0.0564 -0.9672 -0.2478
vn -0.0166 -0.9744 -0.2243
vn 0.0450 -0.9707 -0.2362
vn 0.0793 -0.9733 -0.2153
vn 0.0959 -0.9711 -0.2185
vn 0.1069 -0.9714 -0.2118
vn 0.1114 -0.9708 -0.2127
vn 0.1224 -0.9708 -0.2061
vn 0.1116 -0.9726 -0.2038
vn 0.0995 -0.9725 -0.2108
vn 0.1117 -0.9705 -0.2137
vn 0.1056 -0.9704 -0.2172
vn 0.1231 -0.9674 -0.2215
vn 0.1085 -0.9673 -0.2294
vn 0.1344 -0.9624 -0.2362
vn 0.1266 -0.9624 -0.2403
vn 0.1624 -0.9545 -0.2500
vn 0.1729 -0.9540 -0.2448
vn 0.2718 -0.9138 -0.3018
vn 0.3131 -0.9066 -0.2831
vn 0.3882 -0.8706 -0.3022
vn 0.3536 -0.8797 -0.3179
vn 0.5000 -0.7911 -0.3525
vn 0.4775 -0.7998 -0.3638
vn 0.5893 -0.7097 -0.3862
vn 0.5398 -0.7338 -0.4125
vn 0.7254 -0.5271 -0.4426
vn 0.8442 -0.4118 -0.3431
vn 0.9234 -0.1855 -0.3361
vn 0.9712 -0.0665 -0.2287
vn 0.9756 0.0498 -0.2141
vn 0.9816 0.1475 -0.1213
vn 0.9753 0.1891 -0.1145
vn 0.9660 0.2535 -0.0503
vn 0.9385 0.3436 -0.0343
vn 0.9341 0.3564 -0.0206
vn 0.9274 0.3738 -0.0174
vn 0.9224 0.3863 -0.0038
vn 0.9170 0.3988 -0.0015
vn 0.9216 0.3879 -0.0133
vn 0.9267 0.3754 -0.0156
vn 0.9406 0.3342 -0.0596
vn 0.9309 0.3612 -0.0549
vn 0.9393 0.3322 -0.0855
vn 0.9458 0.3124 -0.0886
vn 0.9556 0.2556 -0.1466
vn 0.9523 0.2685 -0.1449
vn 0.9549 0.2434 -0.1703
vn 0.9498 0.2639 -0.1680
vn 0.9459 0.1305 -0.2971
vn 0.2152 -0.9341 -0.2849
vn 0.2135 -0.9342 -0.2857
vn 0.9343 0.2035 -0.2928
vn 0.9250 0.1356 -0.3550
vn 0.9189 0.1740 -0.3540
vn 0.8778 0.0190 -0.4786
vn 0.8677 0.1173 -0.4831
vn 0.8298 0.0046 -0.5581
vn 0.7727 0.2691 -0.5749
vn 0.7484 0.1565 -0.6445
vn 0.6219 0.4299 -0.6545
vn 0.6218 0.4388 -0.6487
vn 0.4075 0.6649 -0.6260
vn 0.3740 0.7494 -0.5464
vn -0.0076 0.8924 -0.4512
vn -0.0329 0.9132 -0.4063
vn -0.2636 0.9016 -0.3431
vn -0.3706 0.9124 -0.1740
vn -0.4027 0.9003 -0.1649
vn -0.4103 0.8990 -0.1533
vn -0.4819 0.8653 -0.1381
vn -0.5296 0.8456 -0.0674
vn -0.5395 0.8394 -0.0659
vn -0.5669 0.8234 -0.0268
vn -0.5278 0.8488 -0.0298
vn -0.5630 0.8263 0.0168
vn -0.5127 0.8584 0.0162
vn -0.5403 0.8400 0.0495
vn -0.4899 0.8703 0.0518
vn -0.5217 0.8488 0.0861
vn -0.4718 0.8770 0.0909
vn -0.5041 0.8550 0.1216
vn -0.4753 0.8708 0.1255
vn -0.5064 0.8490 0.1512
vn -0.4884 0.8589 0.1544
vn -0.5259 0.8311 0.1810
vn -0.5319 0.8275 0.1797
vn -0.5588 0.8058 0.1962
vn -0.6081 0.7725 0.1830
vn -0.6686 0.7114 0.2167
vn -0.6274 0.7440 0.2300
vn -0.6597 0.7100 0.2461
vn -0.7932 0.5778 0.1922
vn -0.8204 0.5333 0.2062
vn -0.8684 0.4629 0.1775
vn -0.8735 0.4523 0.1803
vn -0.9638 0.2479 0.0984
vn -0.9685 0.2266 0.1027
vn -0.9972 0.0653 0.0376
vn -0.9921 0.1224 0.0277
vn -0.9988 -0.0334 -0.0367
vn -0.9985 0.0286 -0.0471
vn -0.9950 -0.0559 -0.0825
vn -0.9948 -0.0608 -0.0817
vn -0.9835 -0.1396 -0.1151
vn -0.9853 -0.1241 -0.1178
vn -0.9767 -0.1660 -0.1359
vn -0.9741 -0.1827 -0.1330
vn -0.9532 -0.2539 -0.1643
vn -0.9534 -0.2528 -0.1645
vn -0.9218 -0.3322 -0.1999
vn -0.9194 -0.3396 -0.1984
vn -0.8904 -0.3962 -0.2241
vn -0.8860 -0.4074 -0.2215
vn -0.8428 -0.4750 -0.2531
vn -0.8269 -0.5065 -0.2443
vn -0.8015 -0.5386 -0.2598
vn -0.7790 -0.5760 -0.2477
vn -0.7382 -0.6186 -0.2690
vn -0.6982 -0.6716 -0.2478
vn -0.6606 -0.7026 -0.2646
vn -0.6292 -0.7365 -0.2483
vn -0.5684 -0.7765 -0.2720
vn -0.4957 -0.8362 -0.2347
vn -0.3772 -0.8855 -0.2713
vn -0.3216 -0.9153 -0.2425
vn -0.1654 -0.9455 -0.2804
vn -0.0907 -0.9666 -0.2397
vn -0.0212 -0.9671 -0.2534
vn 0.0074 -0.9714 -0.2372
vn 0.0735 -0.9656 -0.2495
vn 0.0569 -0.9642 -0.2591
vn 0.0968 -0.9589 -0.2667
vn 0.1131 -0.9597 -0.2574
vn 0.1122 -0.9598 -0.2572
vn 0.1132 -0.9598 -0.2567
vn 0.0908 -0.9635 -0.2518
vn 0.0965 -0.9638 -0.2487
vn 0.0984 -0.9634 -0.2492
vn 0.1018 -0.9635 -0.2474
vn 0.1042 -0.9631 -0.2480
vn 0.1152 -0.9633 -0.2424
vn 0.1254 -0.9613 -0.2451
vn 0.1240 -0.9613 -0.2458
vn 0.1695 -0.9510 -0.2586
vn 0.1515 -0.9517 -0.2669
vn 0.3025 -0.8970 -0.3223
vn 0.2480 -0.9053 -0.3449
vn 0.3388 -0.8650 -0.3702
vn 0.3506 -0.8623 -0.3653
vn 0.4684 -0.7909 -0.3937
vn 0.5325 -0.7653 -0.3617
vn 0.5540 -0.7479 -0.3658
vn 0.7119 -0.6506 -0.2643
vn 0.8612 -0.4287 -0.2732
vn 0.8853 -0.3956 -0.2446
vn 0.9737 -0.0695 -0.2168
vn 0.9878 -0.0023 -0.1558
vn 0.9794 0.1508 -0.1347
vn 0.9795 0.1411 -0.1437
vn 0.9544 0.2716 -0.1238
vn 0.9442 0.3205 -0.0760
vn 0.9273 0.3681 -0.0676
vn 0.9281 0.3656 -0.0702
vn 0.9138 0.4012 -0.0637
vn 0.9154 0.3967 -0.0683
vn 0.9135 0.4011 -0.0675
vn 0.9211 0.3787 -0.0906
vn 0.9344 0.3430 -0.0968
vn 0.9431 0.3034 -0.1361
vn 0.9307 0.3419 -0.1299
vn 0.9384 0.3002 -0.1712
vn 0.9488 0.2617 -0.1768
vn 0.9497 0.2512 -0.1870
vn 0.9508 0.2466 -0.1876
vn 0.9518 0.2115 -0.2220
vn 0.9656 0.1196 -0.2308
vn 0.9560 0.0590 -0.2873
vn 0.2081 -0.9290 -0.3060
vn 0.2227 -0.9277 -0.2997
vn 0.9507 0.1258 -0.2833
vn 0.8864 -0.0728 -0.4572
vn 0.8888 0.0173 -0.4581
vn 0.8277 -0.1062 -0.5510
vn 0.8304 0.0046 -0.5572
vn 0.7823 -0.0879 -0.6167
vn 0.7590 0.1582 -0.6315
vn 0.7269 0.0718 -0.6830
vn 0.5867 0.4249 -0.6894
vn 0.5883 0.4895 -0.6437
vn 0.3378 0.7251 -0.6001
vn 0.2592 0.8701 -0.4191
vn -0.0110 0.9342 -0.3566
vn -0.0585 0.9586 -0.2788
vn -0.3779 0.9043 -0.1983
vn -0.4602 0.8856 -0.0627
vn -0.3919 0.9167 -0.0773
vn -0.4460 0.8950 0.0021
vn -0.5134 0.8581 0.0123
vn -0.5052 0.8630 0.0004
vn -0.5618 0.8273 0.0042
vn -0.5738 0.8188 0.0204
vn -0.5624 0.8266 0.0203
vn -0.5753 0.8171 0.0365
vn -0.5420 0.8395 0.0381
vn -0.5585 0.8275 0.0570
vn -0.5252 0.8488 0.0602
vn -0.5412 0.8374 0.0764
vn -0.5096 0.8566 0.0808
vn -0.5430 0.8323 0.1109
vn -0.5108 0.8517 0.1167
vn -0.5374 0.8321 0.1374
vn -0.5311 0.8359 0.1388
vn -0.5603 0.8130 0.1582
vn -0.5632 0.8112 0.1574
vn -0.5975 0.7821 0.1768
vn -0.6752 0.7219 0.1516
vn -0.6773 0.7197 0.1527
vn -0.6689 0.7269 0.1558
vn -0.7215 0.6690 0.1784
vn -0.8263 0.5489 0.1262
vn -0.8556 0.4985 0.1393
vn -0.8771 0.4640 0.1244
vn -0.8914 0.4339 0.1305
vn -0.9699 0.2391 0.0458
vn -0.9630 0.2664 0.0416
vn -0.9911 0.1322 -0.0160
vn -0.9916 0.1282 -0.0154
vn -0.9979 0.0311 -0.0573
vn -0.9981 0.0245 -0.0565
vn -0.9940 -0.0579 -0.0925
vn -0.9951 -0.0074 -0.0988
vn -0.9824 -0.1155 -0.1469
vn -0.9799 -0.1379 -0.1440
vn -0.9716 -0.1740 -0.1602
vn -0.9728 -0.1666 -0.1612
vn -0.9504 -0.2419 -0.1957
vn -0.9496 -0.2454 -0.1952
vn -0.9161 -0.3266 -0.2327
vn -0.9096 -0.3465 -0.2294
vn -0.8834 -0.3951 -0.2522
vn -0.8731 -0.4203 -0.2472
vn -0.8246 -0.4910 -0.2811
vn -0.8158 -0.5077 -0.2771
vn -0.7772 -0.5534 -0.2996
vn -0.7207 -0.6372 -0.2732
vn -0.6987 -0.6568 -0.2835
vn -0.7085 -0.6442 -0.2881
vn -0.6321 -0.7047 -0.3223
vn -0.5590 -0.7775 -0.2881
vn -0.5029 -0.8078 -0.3076
vn -0.4913 -0.8169 -0.3022
vn -0.3346 -0.8754 -0.3490
vn -0.2592 -0.9140 -0.3121
vn -0.1059 -0.9330 -0.3441
vn -0.0574 -0.9462 -0.3183
vn -0.0077 -0.9449 -0.3273
vn -0.0020 -0.9460 -0.3242
vn 0.0432 -0.9421 -0.3325
vn 0.0805 -0.9466 -0.3123
vn 0.1013 -0.9433 -0.3160
vn 0.1096 -0.9439 -0.3115
vn 0.1017 -0.9453 -0.3099
vn 0.1035 -0.9454 -0.3089
vn 0.0837 -0.9488 -0.3045
vn 0.0979 -0.9498 -0.2972
vn 0.0903 -0.9511 -0.2954
vn 0.1075 -0.9519 -0.2869
vn 0.1044 -0.9525 -0.2861
vn 0.1000 -0.9523 -0.2882
vn 0.1124 -0.9499 -0.2916
vn 0.1234 -0.9501 -0.2866
vn 0.1448 -0.9452 -0.2928
vn 0.1521 -0.9450 -0.2896
vn 0.2366 -0.8930 -0.3828
vn 0.3260 -0.8796 -0.3464
vn 0.3539 -0.8657 -0.3540
vn 0.3401 -0.8689 -0.3596
vn 0.5196 -0.7523 -0.4050
vn 0.5346 -0.7457 -0.3976
vn 0.6727 -0.6089 -0.4204
vn 0.7634 -0.5401 -0.3543
vn 0.8587 -0.3671 -0.3576
vn 0.9460 -0.2228 -0.2355
vn 0.9756 0.0117 -0.2194
vn 0.9782 0.0275 -0.2058
vn 0.9697 0.1521 -0.1911
vn 0.9680 0.2078 -0.1406
vn 0.9356 0.3315 -0.1213
vn 0.9321 0.3460 -0.1072
vn 0.9220 0.3734 -0.1025
vn 0.9262 0.3581 -0.1176
vn 0.9071 0.4065 -0.1092
vn 0.9203 0.3585 -0.1567
vn 0.9072 0.3926 -0.1508
vn 0.9148 0.3604 -0.1823
vn 0.9298 0.3155 -0.1895
vn 0.9277 0.3291 -0.1764
vn 0.9359 0.3023 -0.1806
vn 0.9371 0.2935 -0.1892
vn 0.9476 0.2530 -0.1951
vn 0.9487 0.2247 -0.2224
vn 0.9512 0.2119 -0.2241
vn 0.9416 0.1155 -0.3162
vn 0.9450 0.0658 -0.3205
vn 0.9234 -0.0035 -0.3838
vn 0.2056 -0.9101 -0.3597
vn 0.1859 -0.9112 -0.3676
vn 0.9181 -0.0869 -0.3867
vn 0.8761 -0.1637 -0.4534
vn 0.8825 -0.1230 -0.4540
vn 0.8140 -0.2238 -0.5360
vn 0.8355 -0.0960 -0.5411
vn 0.7570 -0.2049 -0.6204
vn 0.7764 0.0748 -0.6258
vn 0.7860 0.0941 -0.6111
vn 0.6532 0.5086 -0.5610
vn 0.6433 0.6496 -0.4052
vn 0.3140 0.8959 -0.3141
vn 0.2500 0.9496 -0.1890
vn -0.0108 0.9915 -0.1299
vn -0.1355 0.9899 0.0422
vn -0.4117 0.9072 0.0871
vn -0.4401 0.8889 0.1271
vn -0.4146 0.9013 0.1252
vn -0.4275 0.8929 0.1415
vn -0.4732 0.8694 0.1420
vn -0.4799 0.8643 0.1505
vn -0.5496 0.8223 0.1479
vn -0.5266 0.8417 0.1194
vn -0.5622 0.8188 0.1164
vn -0.5495 0.8292 0.1018
vn -0.5519 0.8277 0.1015
vn -0.5301 0.8443 0.0785
vn -0.5411 0.8374 0.0768
vn -0.5527 0.8287 0.0879
vn -0.5457 0.8332 0.0893
vn -0.5614 0.8212 0.1026
vn -0.5409 0.8342 0.1072
vn -0.5702 0.8114 0.1287
vn -0.5633 0.8159 0.1305
vn -0.5903 0.7936 0.1474
vn -0.6006 0.7864 0.1443
vn -0.6377 0.7526 0.1640
vn -0.6776 0.7201 0.1495
vn -0.6716 0.7262 0.1468
vn -0.7246 0.6778 0.1245
vn -0.7830 0.6043 0.1475
vn -0.8569 0.5051 0.1027
vn -0.8397 0.5345 0.0963
vn -0.8920 0.4484 0.0571
vn -0.9048 0.4213 0.0616
vn -0.9612 0.2759 -0.0036
vn -0.9640 0.2659 -0.0024
vn -0.9886 0.1383 -0.0593
vn -0.9860 0.1550 -0.0611
vn -0.9928 0.0392 -0.1132
vn -0.9923 0.0474 -0.1140
vn -0.9909 0.0029 -0.1344
vn -0.9910 -0.0071 -0.1335
vn -0.9744 -0.1240 -0.1877
vn -0.9773 -0.0921 -0.1906
vn -0.9651 -0.1471 -0.2165
vn -0.9656 -0.1435 -0.2168
vn -0.9412 -0.2224 -0.2544
vn -0.9371 -0.2412 -0.2525
vn -0.9015 -0.3209 -0.2905
vn -0.8731 -0.4000 -0.2788
vn -0.8698 -0.4054 -0.2813
vn -0.8614 -0.4250 -0.2780
vn -0.8132 -0.4920 -0.3110
vn -0.7786 -0.5527 -0.2971
vn -0.7193 -0.6125 -0.3276
vn -0.7350 -0.5901 -0.3341
vn -0.7075 -0.6153 -0.3476
vn -0.6346 -0.7053 -0.3159
vn -0.5620 -0.7525 -0.3432
vn -0.5907 -0.7242 -0.3558
vn -0.4981 -0.7750 -0.3889
vn -0.4340 -0.8256 -0.3605
vn -0.2705 -0.8742 -0.4033
vn -0.2116 -0.9023 -0.3755
vn -0.0703 -0.9126 -0.4029
vn -0.0332 -0.9228 -0.3838
vn -0.0135 -0.9219 -0.3872
vn 0.0503 -0.9341 -0.3536
vn 0.0715 -0.9314 -0.3570
vn 0.0908 -0.9336 -0.3466
vn 0.1015 -0.9318 -0.3485
vn 0.1141 -0.9328 -0.3417
vn 0.0966 -0.9361 -0.3383
vn 0.1086 -0.9370 -0.3321
vn 0.0902 -0.9403 -0.3281
vn 0.1056 -0.9414 -0.3203
vn 0.0993 -0.9426 -0.3188
vn 0.0887 -0.9419 -0.3239
vn 0.0903 -0.9416 -0.3243
vn 0.0815 -0.9410 -0.3283
vn 0.1097 -0.9353 -0.3364
vn 0.0928 -0.9345 -0.3437
vn 0.1334 -0.9250 -0.3559
vn 0.1580 -0.9250 -0.3456
vn 0.2962 -0.8466 -0.4422
vn 0.2703 -0.8497 -0.4527
vn 0.3062 -0.8319 -0.4629
vn 0.4706 -0.7906 -0.3919
vn 0.5323 -0.7434 -0.4051
vn 0.6092 -0.7050 -0.3630
vn 0.7542 -0.5311 -0.3862
vn 0.8635 -0.4168 -0.2840
vn 0.9359 -0.2113 -0.2818
vn 0.9745 -0.1099 -0.1957
vn 0.9825 0.0227 -0.1849
vn 0.9881 0.1052 -0.1120
vn 0.9750 0.1982 -0.1003
vn 0.9768 0.1788 -0.1182
vn 0.9347 0.3428 -0.0942
vn 0.9450 0.2956 -0.1399
vn 0.9235 0.3610 -0.1297
vn 0.9325 0.3179 -0.1713
vn 0.9182 0.3603 -0.1645
vn 0.9234 0.3333 -0.1905
vn 0.9137 0.3613 -0.1860
vn 0.9199 0.3227 -0.2230
vn 0.9144 0.3395 -0.2203
vn 0.9162 0.3253 -0.2340
vn 0.9224 0.3050 -0.2371
vn 0.9230 0.2964 -0.2454
vn 0.9387 0.2327 -0.2545
vn 0.9381 0.2142 -0.2723
vn 0.9527 0.1073 -0.2842
vn 0.9469 0.0783 -0.3119
vn 0.9473 -0.0207 -0.3197
vn 0.9278 -0.0692 -0.3666
vn 0.1631 -0.8840 -0.4381
vn 0.2120 -0.8830 -0.4188
vn 0.9096 -0.1870 -0.3710
vn 0.8937 -0.2118 -0.3956
vn 0.8796 -0.2632 -0.3963
vn 0.8406 -0.3102 -0.4441
vn 0.8603 -0.2512 -0.4436
vn 0.8927 -0.2087 -0.3994
vn 0.9272 0.0587 -0.3699
vn 0.9557 0.1541 -0.2507
vn 0.7588 0.6344 -0.1475
vn 0.6712 0.7369 0.0803
vn 0.3706 0.9154 0.1574
vn 0.3052 0.9208 0.2429
vn -0.0745 0.9544 0.2892
vn -0.1286 0.9289 0.3472
vn -0.3796 0.8596 0.3419
vn -0.3436 0.8883 0.3048
vn -0.3861 0.8718 0.3015
vn -0.3610 0.8910 0.2752
vn -0.4522 0.8516 0.2649
vn -0.4378 0.8638 0.2494
vn -0.5004 0.8318 0.2402
vn -0.4693 0.8585 0.2069
vn -0.5318 0.8239 0.1960
vn -0.4889 0.8591 0.1518
vn -0.5195 0.8419 0.1459
vn -0.5036 0.8540 0.1306
vn -0.5483 0.8275 0.1209
vn -0.5401 0.8339 0.1136
vn -0.5607 0.8209 0.1085
vn -0.5633 0.8188 0.1106
vn -0.5724 0.8128 0.1081
vn -0.5920 0.7967 0.1218
vn -0.5928 0.7961 0.1216
vn -0.6103 0.7811 0.1320
vn -0.6411 0.7578 0.1214
vn -0.6509 0.7486 0.1263
vn -0.6731 0.7301 0.1176
vn -0.7055 0.6964 0.1312
vn -0.7847 0.6130 0.0922
vn -0.7802 0.6190 0.0905
vn -0.8390 0.5414 0.0539
vn -0.8550 0.5152 0.0592
vn -0.9030 0.4293 0.0191
vn -0.9126 0.4082 0.0222
vn -0.9610 0.2737 -0.0396
vn -0.9677 0.2493 -0.0368
vn -0.9841 0.1592 -0.0783
vn -0.9809 0.1772 -0.0799
vn -0.9890 0.0539 -0.1375
vn -0.9856 0.0943 -0.1405
vn -0.9833 0.0080 -0.1817
vn -0.9818 0.0459 -0.1841
vn -0.9674 -0.0739 -0.2422
vn -0.9684 -0.0551 -0.2434
vn -0.9538 -0.1203 -0.2753
vn -0.9489 -0.1585 -0.2728
vn -0.9275 -0.2194 -0.3026
vn -0.9201 -0.2518 -0.2999
vn -0.8607 -0.3648 -0.3551
vn -0.8575 -0.3734 -0.3540
vn -0.8502 -0.3846 -0.3596
vn -0.8069 -0.4798 -0.3447
vn -0.7731 -0.5192 -0.3643
vn -0.7395 -0.5739 -0.3518
vn -0.7339 -0.5794 -0.3546
vn -0.6781 -0.6554 -0.3327
vn -0.6351 -0.6883 -0.3505
vn -0.6540 -0.6663 -0.3583
vn -0.5914 -0.7093 -0.3835
vn -0.4899 -0.8030 -0.3394
vn -0.4336 -0.8278 -0.3561
vn -0.3532 -0.8796 -0.3187
vn -0.2082 -0.9129 -0.3512
vn -0.1651 -0.9296 -0.3296
vn -0.0278 -0.9351 -0.3533
vn -0.0389 -0.9325 -0.3591
vn 0.0465 -0.9268 -0.3726
vn 0.0624 -0.9293 -0.3640
vn 0.0862 -0.9260 -0.3676
vn 0.1009 -0.9276 -0.3596
vn 0.1095 -0.9261 -0.3610
vn 0.1236 -0.9273 -0.3534
vn 0.1041 -0.9310 -0.3498
vn 0.1201 -0.9322 -0.3414
vn 0.1011 -0.9359 -0.3374
vn 0.0903 -0.9350 -0.3428
vn 0.0839 -0.9362 -0.3412
vn 0.0562 -0.9334 -0.3543
vn 0.0726 -0.9306 -0.3588
vn 0.0458 -0.9276 -0.3708
vn 0.0814 -0.9209 -0.3813
vn 0.0766 -0.9204 -0.3833
vn 0.1405 -0.9046 -0.4025
vn 0.1000 -0.9026 -0.4188
vn 0.2607 -0.8380 -0.4794
vn 0.3984 -0.8175 -0.4160
vn 0.4588 -0.7778 -0.4296
vn 0.5873 -0.7266 -0.3566
vn 0.6098 -0.7056 -0.3610
vn 0.7414 -0.6158 -0.2667
vn 0.8643 -0.4176 -0.2803
vn 0.9472 -0.2797 -0.1571
vn 0.9815 -0.1199 -0.1493
vn 0.9800 -0.1258 -0.1544
vn 0.9849 0.1101 -0.1338
vn 0.9822 0.0609 -0.1778
vn 0.9681 0.1896 -0.1639
vn 0.9684 0.1797 -0.1730
vn 0.9410 0.2997 -0.1573
vn 0.9460 0.2567 -0.1982
vn 0.9276 0.3221 -0.1890
vn 0.9302 0.3028 -0.2076
vn 0.9198 0.3361 -0.2026
vn 0.9237 0.3023 -0.2351
vn 0.9169 0.3248 -0.2318
vn 0.9184 0.3095 -0.2466
vn 0.9128 0.3277 -0.2438
vn 0.9149 0.2951 -0.2755
vn 0.9124 0.3039 -0.2742
vn 0.9127 0.2831 -0.2947
vn 0.9265 0.2229 -0.3031
vn 0.9255 0.2124 -0.3136
vn 0.9407 0.0836 -0.3287
vn 0.9448 0.1000 -0.3120
vn 0.9411 -0.0827 -0.3278
vn 0.9632 -0.0269 -0.2674
vn 0.1943 -0.8611 -0.4699
vn 0.2070 -0.8610 -0.4646
vn 0.9249 -0.2535 -0.2834
vn 0.9430 -0.2230 -0.2469
vn 0.8874 -0.3814 -0.2589
vn 0.9363 -0.3107 -0.1636
vn 0.9381 -0.3056 -0.1628
vn 0.9750 -0.2199 -0.0330
vn 0.9981 0.0538 0.0285
vn 0.9338 0.1967 0.2990
vn 0.7066 0.5848 0.3983
vn 0.5779 0.6075 0.5450
vn 0.3276 0.7491 0.5757
vn 0.2718 0.7359 0.6201
vn -0.0769 0.7827 0.6176
vn -0.0745 0.7843 0.6158
vn -0.2706 0.7600 0.5908
vn -0.1767 0.8365 0.5187
vn -0.3012 0.8125 0.4992
vn -0.2517 0.8527 0.4577
vn -0.3874 0.8146 0.4317
vn -0.3014 0.8852 0.3544
vn -0.4402 0.8370 0.3252
vn -0.3669 0.8938 0.2577
vn -0.4720 0.8501 0.2334
vn -0.4279 0.8829 0.1933
vn -0.4955 0.8505 0.1764
vn -0.4748 0.8657 0.1583
vn -0.5359 0.8322 0.1419
vn -0.5098 0.8518 0.1205
vn -0.5640 0.8191 0.1049
vn -0.5664 0.8172 0.1068
vn -0.5944 0.7982 0.0980
vn -0.6071 0.7874 0.1065
vn -0.6125 0.7835 0.1047
vn -0.6326 0.7657 0.1162
vn -0.6519 0.7504 0.1089
vn -0.6726 0.7304 0.1189
vn -0.7065 0.7000 0.1041
vn -0.7066 0.6999 0.1042
vn -0.7799 0.6224 0.0661
vn -0.7898 0.6094 0.0696
vn -0.8535 0.5205 0.0264
vn -0.8506 0.5252 0.0255
vn -0.9085 0.4170 -0.0266
vn -0.9308 0.3650 -0.0197
vn -0.9639 0.2566 -0.0709
vn -0.9497 0.3038 -0.0755
vn -0.9731 0.1898 -0.1305
vn -0.9746 0.1825 -0.1299
vn -0.9803 0.1025 -0.1687
vn -0.9772 0.1268 -0.1701
vn -0.9769 0.0535 -0.2068
vn -0.9767 0.0568 -0.2069
vn -0.9643 -0.0485 -0.2603
vn -0.9645 -0.0431 -0.2605
vn -0.9398 -0.1419 -0.3109
vn -0.9314 -0.1939 -0.3080
vn -0.9137 -0.2375 -0.3299
vn -0.8896 -0.3232 -0.3227
vn -0.8584 -0.3760 -0.3490
vn -0.8616 -0.3677 -0.3500
vn -0.7998 -0.4533 -0.3934
vn -0.7645 -0.5191 -0.3822
vn -0.7354 -0.5488 -0.3974
vn -0.7263 -0.5630 -0.3943
vn -0.6747 -0.6082 -0.4182
vn -0.6072 -0.6910 -0.3922
vn -0.6540 -0.6577 -0.3738
vn -0.5251 -0.7885 -0.3203
vn -0.4892 -0.8068 -0.3313
vn -0.4497 -0.8362 -0.3139
vn -0.3559 -0.8710 -0.3387
vn -0.3245 -0.8887 -0.3239
vn -0.1697 -0.9187 -0.3566
vn -0.1769 -0.9160 -0.3602
vn -0.0437 -0.9226 -0.3833
vn -0.0320 -0.9256 -0.3772
vn 0.0566 -0.9190 -0.3902
vn 0.0644 -0.9203 -0.3859
vn 0.0936 -0.9160 -0.3901
vn 0.1201 -0.9191 -0.3753
vn 0.1180 -0.9195 -0.3750
vn 0.1264 -0.9203 -0.3703
vn 0.1128 -0.9230 -0.3679
vn 0.1091 -0.9226 -0.3699
vn 0.0840 -0.9273 -0.3647
vn 0.0582 -0.9241 -0.3777
vn 0.0498 -0.9254 -0.3756
vn 0.0288 -0.9223 -0.3855
vn 0.0401 -0.9205 -0.3887
vn 0.0159 -0.9166 -0.3994
vn 0.0664 -0.9076 -0.4145
vn 0.0357 -0.9033 -0.4274
vn 0.0911 -0.8911 -0.4447
vn 0.0990 -0.8918 -0.4415
vn 0.4019 -0.8212 -0.4051
vn 0.4812 -0.7993 -0.3599
vn 0.5807 -0.7196 -0.3808
vn 0.6635 -0.6752 -0.3223
vn 0.7275 -0.6004 -0.3320
vn 0.8992 -0.4132 -0.1441
vn 0.9485 -0.2817 -0.1452
vn 0.9162 -0.3457 -0.2027
vn 0.9731 -0.1165 -0.1988
vn 0.9891 -0.0493 -0.1389
vn 0.9900 0.0508 -0.1316
vn 0.9828 -0.0072 -0.1844
vn 0.9695 0.1785 -0.1680
vn 0.9695 0.1582 -0.1873
vn 0.9516 0.2515 -0.1766
vn 0.9533 0.2161 -0.2109
vn 0.9324 0.3010 -0.2001
vn 0.9352 0.2576 -0.2429
vn 0.9232 0.3028 -0.2368
vn 0.9244 0.2765 -0.2627
vn 0.9144 0.3123 -0.2577
vn 0.9152 0.2926 -0.2773
vn 0.9143 0.2955 -0.2769
vn 0.9144 0.2885 -0.2839
vn 0.9166 0.2803 -0.2851
vn 0.9166 0.2814 -0.2839
vn 0.9333 0.2061 -0.2940
vn 0.9358 0.2346 -0.2632
vn 0.9557 0.0883 -0.2808
vn 0.9607 0.1115 -0.2543
vn 0.9628 -0.0263 -0.2690
vn 0.9774 0.0198 -0.2105
vn 0.2177 -0.8738 -0.4348
vn 0.3198 -0.8659 -0.3847
vn 0.9444 -0.2274 -0.2376
vn 0.9840 -0.1402 -0.1098
vn 0.9359 -0.3246 -0.1366
vn 0.9765 -0.1677 0.1355
vn 0.9458 -0.3078 0.1031
vn 0.8833 -0.1590 0.4411
vn 0.8639 0.0562 0.5005
vn 0.7276 0.1052 0.6779
vn 0.5148 0.4187 0.7481
vn 0.4613 0.4150 0.7842
vn 0.2449 0.5537 0.7959
vn 0.2646 0.5595 0.7855
vn -0.0559 0.6578 0.7511
vn 0.0538 0.7187 0.6933
vn -0.1409 0.7378 0.6602
vn -0.0770 0.7800 0.6210
vn -0.2112 0.7775 0.5924
vn -0.0658 0.8706 0.4876
vn -0.2757 0.8534 0.4425
vn -0.1600 0.9229 0.3502
vn -0.3557 0.8845 0.3020
vn -0.3034 0.9170 0.2589
vn -0.4207 0.8785 0.2264
vn -0.3810 0.9041 0.1937
vn -0.4733 0.8650 0.1668
vn -0.4521 0.8793 0.1497
vn -0.5080 0.8511 0.1328
vn -0.5033 0.8544 0.1292
vn -0.5662 0.8170 0.1091
vn -0.5570 0.8241 0.1026
vn -0.6091 0.7885 0.0848
vn -0.6218 0.7776 0.0930
vn -0.6346 0.7678 0.0883
vn -0.6511 0.7527 0.0976
vn -0.6740 0.7335 0.0882
vn -0.6767 0.7308 0.0894
vn -0.7069 0.7033 0.0756
vn -0.7191 0.6902 0.0804
vn -0.7888 0.6132 0.0416
vn -0.7817 0.6224 0.0392
vn -0.8478 0.5302 -0.0073
vn -0.8449 0.5349 -0.0081
vn -0.9224 0.3766 -0.0864
vn -0.9323 0.3519 -0.0833
vn -0.9451 0.3098 -0.1037
vn -0.9514 0.2905 -0.1019
vn -0.9703 0.1883 -0.1521
vn -0.9663 0.2068 -0.1533
vn -0.9726 0.1332 -0.1905
vn -0.9747 0.1184 -0.1898
vn -0.9737 0.0614 -0.2193
vn -0.9738 0.0600 -0.2193
vn -0.9617 -0.0385 -0.2714
vn -0.9618 -0.0366 -0.2714
vn -0.9220 -0.1761 -0.3449
vn -0.9267 -0.1467 -0.3459
vn -0.8681 -0.2752 -0.4132
vn -0.8519 -0.3267 -0.4094
vn -0.8486 -0.3318 -0.4120
vn -0.8265 -0.3888 -0.4071
vn -0.7536 -0.4760 -0.4534
vn -0.7396 -0.5009 -0.4495
vn -0.7187 -0.5211 -0.4604
vn -0.6510 -0.6192 -0.4390
vn -0.6051 -0.6519 -0.4569
vn -0.5489 -0.7133 -0.4358
vn -0.5316 -0.7229 -0.4414
vn -0.4497 -0.7947 -0.4077
vn -0.4599 -0.7903 -0.4048
vn -0.3786 -0.8488 -0.3690
vn -0.3333 -0.8629 -0.3799
vn -0.3007 -0.8813 -0.3646
vn -0.1824 -0.9029 -0.3892
vn -0.1542 -0.9141 -0.3750
vn -0.0359 -0.9182 -0.3945
vn -0.0112 -0.9244 -0.3812
vn 0.0631 -0.9181 -0.3914
vn 0.0732 -0.9197 -0.3856
vn 0.1158 -0.9129 -0.3913
vn 0.1108 -0.9123 -0.3942
vn 0.1193 -0.9107 -0.3954
vn 0.1047 -0.9089 -0.4036
vn 0.0992 -0.9100 -0.4026
vn 0.0746 -0.9064 -0.4158
vn 0.0478 -0.9108 -0.4101
vn 0.0473 -0.9107 -0.4104
vn 0.0225 -0.9144 -0.4043
vn 0.0141 -0.9127 -0.4083
vn 0.0130 -0.9129 -0.4080
vn -0.0016 -0.9100 -0.4147
vn 0.0362 -0.9039 -0.4261
vn 0.0325 -0.9033 -0.4278
vn 0.0969 -0.8891 -0.4474
vn 0.1602 -0.8939 -0.4186
vn 0.4872 -0.8048 -0.3389
vn 0.5366 -0.7870 -0.3044
vn 0.6627 -0.6744 -0.3256
vn 0.7211 -0.6361 -0.2746
vn 0.8750 -0.3886 -0.2888
vn 0.8515 -0.4169 -0.3181
vn 0.8913 -0.3211 -0.3200
vn 0.9476 -0.2252 -0.2267
vn 0.9755 -0.0333 -0.2176
vn 0.9772 -0.0262 -0.2109
vn 0.9779 -0.0017 -0.2092
vn 0.9829 0.0260 -0.1826
vn 0.9730 0.1545 -0.1716
vn 0.9719 0.1289 -0.1970
vn 0.9591 0.2107 -0.1888
vn 0.9561 0.1434 -0.2557
vn 0.9350 0.2577 -0.2435
vn 0.9347 0.2352 -0.2664
vn 0.9249 0.2762 -0.2614
vn 0.9246 0.2560 -0.2821
vn 0.9151 0.2926 -0.2774
vn 0.9149 0.2791 -0.2916
vn 0.9119 0.2903 -0.2901
vn 0.9117 0.2837 -0.2971
vn 0.9113 0.2855 -0.2968
vn 0.9116 0.2946 -0.2866
vn 0.9239 0.2456 -0.2934
vn 0.9249 0.2561 -0.2809
vn 0.9464 0.1293 -0.2961
vn 0.9590 0.2208 -0.1775
vn 0.9794 0.0153 -0.2016
vn 0.9919 0.1154 -0.0525
vn 0.3149 -0.8610 -0.3994
vn 0.4320 -0.8404 -0.3274
vn 0.9844 -0.1535 -0.0860
vn 0.9928 -0.0369 0.1144
vn 0.9850 -0.1431 0.0967
vn 0.9540 -0.0440 0.2967
vn 0.9538 -0.0378 0.2981
vn 0.8318 0.0584 0.5520
vn 0.7828 0.2125 0.5849
vn 0.6410 0.2353 0.7306
vn 0.4722 0.4498 0.7581
vn 0.3736 0.4388 0.8173
vn 0.2601 0.5189 0.8143
vn 0.2695 0.5217 0.8095
vn 0.0649 0.6146 0.7862
vn 0.1644 0.6593 0.7337
vn -0.0593 0.7196 0.6919
vn 0.1083 0.8022 0.5872
vn -0.0452 0.8293 0.5570
vn 0.0699 0.8791 0.4715
vn -0.1371 0.8940 0.4265
vn -0.0641 0.9269 0.3697
vn -0.2896 0.9055 0.3100
vn -0.2194 0.9417 0.2549
vn -0.3776 0.9022 0.2084
vn -0.3508 0.9175 0.1875
vn -0.4508 0.8789 0.1562
vn -0.4050 0.9062 0.1213
vn -0.5095 0.8560 0.0880
vn -0.4965 0.8645 0.0784
vn -0.5622 0.8251 0.0564
vn -0.5831 0.8093 0.0708
vn -0.6249 0.7787 0.0556
vn -0.6421 0.7637 0.0666
vn -0.6531 0.7547 0.0623
vn -0.6647 0.7440 0.0687
vn -0.6774 0.7329 0.0633
vn -0.6843 0.7262 0.0665
vn -0.7188 0.6934 0.0500
vn -0.7174 0.6949 0.0494
vn -0.7801 0.6255 0.0137
vn -0.7599 0.6500 0.0072
vn -0.8398 0.5407 -0.0495
vn -0.8361 0.5463 -0.0505
vn -0.9217 0.3613 -0.1414
vn -0.9035 0.4028 -0.1467
vn -0.9312 0.3096 -0.1927
vn -0.9407 0.2810 -0.1902
vn -0.9498 0.2241 -0.2184
vn -0.9603 0.1773 -0.2155
vn -0.9621 0.1341 -0.2375
vn -0.9636 0.1237 -0.2371
vn -0.9620 0.0770 -0.2620
vn -0.9623 0.0735 -0.2619
vn -0.9498 -0.0174 -0.3123
vn -0.9498 -0.0178 -0.3123
vn -0.9176 -0.1305 -0.3756
vn -0.9163 -0.1389 -0.3756
vn -0.8366 -0.2943 -0.4621
vn -0.8433 -0.2729 -0.4631
vn -0.8041 -0.3295 -0.4949
vn -0.7750 -0.3992 -0.4900
vn -0.7259 -0.4513 -0.5191
vn -0.6789 -0.5305 -0.5076
vn -0.6420 -0.5597 -0.5240
vn -0.5327 -0.6911 -0.4885
vn -0.5485 -0.6823 -0.4834
vn -0.5018 -0.7285 -0.4664
vn -0.4543 -0.7504 -0.4801
vn -0.3840 -0.8056 -0.4511
vn -0.3890 -0.8039 -0.4499
vn -0.2991 -0.8619 -0.4095
vn -0.3084 -0.8596 -0.4075
vn -0.2207 -0.9044 -0.3652
vn -0.1547 -0.9131 -0.3773
vn -0.1224 -0.9247 -0.3605
vn -0.0103 -0.9260 -0.3774
vn 0.0045 -0.9294 -0.3691
vn 0.0752 -0.9226 -0.3784
vn 0.0514 -0.9185 -0.3920
vn 0.1091 -0.9100 -0.3999
vn 0.0773 -0.9051 -0.4181
vn 0.0991 -0.9014 -0.4214
vn 0.0787 -0.8980 -0.4328
vn 0.0694 -0.8996 -0.4311
vn 0.0605 -0.8979 -0.4359
vn 0.0399 -0.9012 -0.4316
vn 0.0328 -0.8997 -0.4352
vn 0.0068 -0.9034 -0.4287
vn 0.0221 -0.9067 -0.4211
vn -0.0015 -0.9100 -0.4145
vn -0.0023 -0.9099 -0.4149
vn 0.0333 -0.9043 -0.4256
vn 0.0408 -0.9057 -0.4220
vn 0.1478 -0.8792 -0.4529
vn 0.2686 -0.8816 -0.3881
vn 0.5399 -0.7895 -0.2920
vn 0.5970 -0.7636 -0.2461
vn 0.7225 -0.6372 -0.2683
vn 0.7349 -0.6279 -0.2561
vn 0.8627 -0.4261 -0.2724
vn 0.8802 -0.4043 -0.2487
vn 0.9426 -0.2206 -0.2506
vn 0.9560 -0.1920 -0.2218
vn 0.9765 -0.0256 -0.2140
vn 0.9792 -0.0142 -0.2025
vn 0.9794 0.0298 -0.1997
vn 0.9759 0.0119 -0.2180
vn 0.9689 0.1318 -0.2094
vn 0.9597 0.0706 -0.2721
vn 0.9527 0.1460 -0.2663
vn 0.9545 0.1606 -0.2512
vn 0.9421 0.2295 -0.2444
vn 0.9357 0.1656 -0.3116
vn 0.9169 0.2612 -0.3017
vn 0.9161 0.2505 -0.3132
vn 0.9076 0.2841 -0.3091
vn 0.9054 0.2586 -0.3368
vn 0.8960 0.2945 -0.3323
vn 0.8971 0.3085 -0.3165
vn 0.8981 0.3049 -0.3170
vn 0.8987 0.3130 -0.3072
vn 0.9109 0.2686 -0.3132
vn 0.9150 0.3330 -0.2278
vn 0.9383 0.2494 -0.2397
vn 0.9401 0.2745 -0.2022
vn 0.9560 0.2029 -0.2119
vn 0.9593 0.2559 -0.1192
vn 0.4152 -0.8255 -0.3823
vn 0.5394 -0.7899 -0.2919
vn 0.9824 0.1254 -0.1382
vn 0.9624 0.2435 0.1204
vn 0.9889 0.1096 0.1002
vn 0.8766 0.2264 0.4247
vn 0.8853 0.1987 0.4204
vn 0.7587 0.2424 0.6047
vn 0.6843 0.3790 0.6230
vn 0.5484 0.3790 0.7454
vn 0.3911 0.5380 0.7467
vn 0.3670 0.5335 0.7620
vn 0.2715 0.5989 0.7533
vn 0.2969 0.6064 0.7377
vn 0.1622 0.6752 0.7196
vn 0.2487 0.7063 0.6628
vn 0.1233 0.7559 0.6430
vn 0.2256 0.7920 0.5672
vn 0.0934 0.8334 0.5447
vn 0.1899 0.8639 0.4664
vn -0.0484 0.9074 0.4175
vn 0.0184 0.9313 0.3638
vn -0.2034 0.9296 0.3075
vn -0.1355 0.9578 0.2536
vn -0.3496 0.9170 0.1921
vn -0.3008 0.9411 0.1543
vn -0.4047 0.9061 0.1231
vn -0.3854 0.9163 0.1086
vn -0.4972 0.8645 0.0737
vn -0.5106 0.8557 0.0835
vn -0.5845 0.8093 0.0586
vn -0.5961 0.8002 0.0666
vn -0.6435 0.7638 0.0492
vn -0.6427 0.7646 0.0487
vn -0.6661 0.7449 0.0395
vn -0.6763 0.7352 0.0452
vn -0.6847 0.7277 0.0417
vn -0.6869 0.7255 0.0427
vn -0.7168 0.6967 0.0284
vn -0.7049 0.7089 0.0237
vn -0.7587 0.6514 -0.0062
vn -0.7360 0.6768 -0.0134
vn -0.8314 0.5499 -0.0801
vn -0.7722 0.6282 -0.0950
vn -0.8878 0.4114 -0.2062
vn -0.8682 0.4490 -0.2113
vn -0.9104 0.2996 -0.2853
vn -0.9192 0.2740 -0.2830
vn -0.9263 0.2045 -0.3164
vn -0.9286 0.1947 -0.3158
vn -0.9292 0.1577 -0.3344
vn -0.9273 0.1679 -0.3346
vn -0.9248 0.1173 -0.3620
vn -0.9251 0.1147 -0.3620
vn -0.9122 0.0339 -0.4083
vn -0.9119 0.0460 -0.4079
vn -0.8750 -0.0725 -0.4787
vn -0.8738 -0.0831 -0.4791
vn -0.8079 -0.2057 -0.5523
vn -0.7976 -0.2425 -0.5523
vn -0.7405 -0.3137 -0.5944
vn -0.6934 -0.4165 -0.5880
vn -0.6570 -0.4480 -0.6064
vn -0.5799 -0.5632 -0.5887
vn -0.5219 -0.5976 -0.6087
vn -0.4611 -0.6631 -0.5897
vn -0.5018 -0.6439 -0.5775
vn -0.3896 -0.7464 -0.5395
vn -0.3917 -0.7457 -0.5390
vn -0.2660 -0.8316 -0.4875
vn -0.3103 -0.8214 -0.4785
vn -0.2372 -0.8630 -0.4460
vn -0.2381 -0.8629 -0.4458
vn -0.1448 -0.9046 -0.4009
vn -0.1333 -0.9055 -0.4028
vn -0.0604 -0.9290 -0.3650
vn 0.0030 -0.9272 -0.3746
vn -0.0138 -0.9233 -0.3839
vn 0.0510 -0.9179 -0.3935
vn 0.0291 -0.9135 -0.4058
vn 0.0789 -0.9071 -0.4133
vn 0.0411 -0.8997 -0.4345
vn 0.0760 -0.8946 -0.4404
vn 0.0507 -0.8894 -0.4543
vn 0.0535 -0.8890 -0.4549
vn 0.0423 -0.8865 -0.4609
vn 0.0245 -0.8892 -0.4570
vn 0.0296 -0.8904 -0.4543
vn 0.0110 -0.8931 -0.4497
vn 0.0227 -0.8959 -0.4436
vn -0.0100 -0.9006 -0.4344
vn 0.0777 -0.9180 -0.3888
vn 0.0560 -0.9222 -0.3825
vn 0.1041 -0.9283 -0.3569
vn 0.2642 -0.8773 -0.4008
vn 0.3273 -0.8729 -0.3618
vn 0.5626 -0.7378 -0.3729
vn 0.7061 -0.6655 -0.2422
vn 0.7368 -0.6293 -0.2472
vn 0.7996 -0.5749 -0.1735
vn 0.8915 -0.4142 -0.1833
vn 0.9353 -0.3398 -0.0990
vn 0.9723 -0.2114 -0.0995
vn 0.9418 -0.2855 -0.1776
vn 0.9845 -0.0197 -0.1741
vn 0.9663 -0.0847 -0.2432
vn 0.9708 0.0166 -0.2394
vn 0.9631 -0.0113 -0.2691
vn 0.9618 0.0689 -0.2650
vn 0.9524 0.0331 -0.3031
vn 0.9404 0.1715 -0.2936
vn 0.9350 0.1435 -0.3242
vn 0.9316 0.1684 -0.3222
vn 0.9250 0.1393 -0.3535
vn 0.9034 0.2585 -0.3422
vn 0.9016 0.2471 -0.3550
vn 0.8977 0.2634 -0.3532
vn 0.9009 0.2868 -0.3258
vn 0.8941 0.3105 -0.3227
vn 0.8947 0.3171 -0.3145
vn 0.8952 0.3156 -0.3147
vn 0.8972 0.3430 -0.2781
vn 0.8938 0.3530 -0.2766
vn 0.8944 0.3674 -0.2550
vn 0.9154 0.3038 -0.2640
vn 0.9180 0.3540 -0.1787
vn 0.9372 0.2946 -0.1868
vn 0.9176 0.3957 0.0381
vn 0.5210 -0.7768 -0.3537
vn 0.5097 -0.7803 -0.3625
vn 0.9507 0.3088 0.0271
vn 0.9012 0.3713 0.2236
vn 0.8880 0.3998 0.2272
vn 0.8281 0.4282 0.3619
vn 0.7856 0.4974 0.3680
vn 0.6694 0.5097 0.5405
vn 0.5681 0.6228 0.5380
vn 0.4171 0.6002 0.6825
vn 0.3682 0.6373 0.6769
vn 0.3564 0.6340 0.6863
vn 0.2903 0.6753 0.6781
vn 0.3008 0.6787 0.6700
vn 0.2487 0.7060 0.6631
vn 0.3256 0.7312 0.5995
vn 0.2319 0.7751 0.5878
vn 0.3065 0.7964 0.5213
vn 0.2048 0.8368 0.5078
vn 0.2550 0.8497 0.4615
vn 0.0412 0.9046 0.4243
vn 0.1731 0.9365 0.3050
vn -0.1409 0.9611 0.2377
vn -0.1099 0.9713 0.2109
vn -0.2983 0.9404 0.1630
vn -0.2395 0.9640 0.1154
vn -0.3930 0.9165 0.0744
vn -0.3889 0.9185 0.0713
vn -0.5190 0.8541 0.0335
vn -0.4977 0.8672 0.0178
vn -0.6052 0.7959 -0.0165
vn -0.6225 0.7826 -0.0043
vn -0.6469 0.7625 -0.0130
vn -0.6860 0.7274 0.0126
vn -0.6775 0.7353 0.0159
vn -0.7022 0.7113 0.0302
vn -0.6870 0.7258 0.0366
vn -0.6972 0.7156 0.0417
vn -0.7054 0.7078 0.0380
vn -0.7004 0.7128 0.0359
vn -0.7387 0.6738 0.0162
vn -0.7265 0.6871 0.0120
vn -0.7844 0.6197 -0.0238
vn -0.7715 0.6356 -0.0274
vn -0.8900 0.4365 -0.1318
vn -0.8452 0.5147 -0.1439
vn -0.9245 0.2710 -0.2680
vn -0.9220 0.2787 -0.2688
vn -0.9311 0.1929 -0.3094
vn -0.9081 0.2766 -0.3142
vn -0.9138 0.1789 -0.3646
vn -0.8874 0.2814 -0.3651
vn -0.8861 0.1517 -0.4379
vn -0.8775 0.1989 -0.4364
vn -0.8631 0.1011 -0.4949
vn -0.8636 0.0935 -0.4954
vn -0.8260 -0.0157 -0.5634
vn -0.8217 -0.0622 -0.5665
vn -0.7560 -0.1673 -0.6328
vn -0.7212 -0.2794 -0.6339
vn -0.6625 -0.3368 -0.6691
vn -0.5895 -0.4686 -0.6580
vn -0.5624 -0.4862 -0.6688
vn -0.4763 -0.5934 -0.6489
vn -0.4557 -0.6027 -0.6551
vn -0.3696 -0.6830 -0.6301
vn -0.3930 -0.6753 -0.6241
vn -0.2446 -0.7826 -0.5725
vn -0.2771 -0.7762 -0.5663
vn -0.1602 -0.8403 -0.5179
vn -0.2487 -0.8285 -0.5018
vn -0.1071 -0.8925 -0.4382
vn -0.1525 -0.8897 -0.4304
vn -0.0931 -0.9110 -0.4019
vn -0.0724 -0.9112 -0.4055
vn -0.0689 -0.9123 -0.4037
vn -0.0229 -0.9110 -0.4117
vn -0.0357 -0.9076 -0.4183
vn 0.0212 -0.9034 -0.4283
vn 0.0112 -0.9010 -0.4336
vn 0.0395 -0.8978 -0.4386
vn 0.0256 -0.8946 -0.4461
vn 0.0520 -0.8910 -0.4511
vn 0.0154 -0.8823 -0.4705
vn 0.0365 -0.8793 -0.4750
vn 0.0344 -0.8787 -0.4761
vn 0.0217 -0.8807 -0.4732
vn 0.0342 -0.8838 -0.4666
vn 0.0151 -0.8869 -0.4617
vn 0.0448 -0.8939 -0.4459
vn 0.0534 -0.8923 -0.4483
vn 0.1072 -0.9019 -0.4185
vn 0.0826 -0.9076 -0.4116
vn 0.2329 -0.9177 -0.3218
vn 0.3323 -0.8769 -0.3472
vn 0.3708 -0.8717 -0.3204
vn 0.6869 -0.6535 -0.3180
vn 0.6891 -0.6522 -0.3158
vn 0.7653 -0.5518 -0.3314
vn 0.8474 -0.4777 -0.2316
vn 0.9156 -0.3212 -0.2417
vn 0.8736 -0.3767 -0.3080
vn 0.9127 -0.2624 -0.3134
vn 0.9210 -0.2497 -0.2991
vn 0.9513 -0.0733 -0.2993
vn 0.9485 -0.0798 -0.3066
vn 0.9525 -0.0034 -0.3045
vn 0.9414 -0.0314 -0.3359
vn 0.9419 0.0405 -0.3334
vn 0.9309 0.0120 -0.3651
vn 0.9216 0.1521 -0.3572
vn 0.9128 0.1241 -0.3891
vn 0.9099 0.1485 -0.3873
vn 0.9201 0.1845 -0.3456
vn 0.9086 0.2428 -0.3400
vn 0.9058 0.2296 -0.3560
vn 0.8900 0.2939 -0.3487
vn 0.8911 0.3010 -0.3396
vn 0.8840 0.3244 -0.3365
vn 0.8854 0.3350 -0.3221
vn 0.8776 0.3580 -0.3189
vn 0.8803 0.3998 -0.2555
vn 0.8920 0.3695 -0.2602
vn 0.8925 0.4040 -0.2005
vn 0.9071 0.3672 -0.2060
vn 0.8956 0.4426 -0.0438
vn 0.8943 0.4454 -0.0434
vn 0.8751 0.4797 0.0645
vn 0.5058 -0.7776 -0.3735
vn 0.5954 -0.7459 -0.2984
vn 0.8709 0.4871 0.0656
vn 0.8203 0.5191 0.2400
vn 0.8129 0.5300 0.2413
vn 0.7208 0.5354 0.4402
vn 0.6620 0.6026 0.4457
vn 0.5406 0.5728 0.6162
vn 0.4102 0.6772 0.6109
vn 0.4036 0.6748 0.6178
vn 0.3445 0.7125 0.6112
vn 0.3365 0.7094 0.6192
vn 0.2877 0.7359 0.6129
vn 0.3252 0.7503 0.5755
vn 0.3180 0.7540 0.5747
vn 0.3477 0.7641 0.5434
vn 0.3134 0.7810 0.5402
vn 0.3751 0.7977 0.4722
vn 0.2549 0.8499 0.4612
vn 0.3232 0.8643 0.3854
vn 0.2016 0.9057 0.3729
vn 0.2562 0.9142 0.3141
vn -0.0890 0.9606 0.2632
vn 0.0024 0.9846 0.1749
vn -0.2345 0.9633 0.1304
vn -0.2130 0.9707 0.1113
vn -0.3881 0.9186 0.0743
vn -0.3539 0.9341 0.0459
vn -0.4987 0.8667 0.0117
vn -0.5193 0.8541 0.0281
vn -0.6220 0.7830 -0.0004
vn -0.6563 0.7540 0.0262
vn -0.6857 0.7277 0.0167
vn -0.7008 0.7128 0.0275
vn -0.7024 0.7113 0.0270
vn -0.7233 0.6893 0.0403
vn -0.6970 0.7153 0.0506
vn -0.7262 0.6842 0.0665
vn -0.7006 0.7094 0.0774
vn -0.7418 0.6637 0.0966
vn -0.7304 0.6754 0.1021
vn -0.7828 0.6099 0.1235
vn -0.7840 0.6085 0.1228
vn -0.8023 0.5827 0.1294
vn -0.8810 0.4678 0.0710
vn -0.8874 0.4551 0.0733
vn -0.9738 0.2245 -0.0370
vn -0.8927 0.4463 -0.0621
vn -0.9567 0.2345 -0.1723
vn -0.8626 0.4703 -0.1865
vn -0.9155 0.2597 -0.3074
vn -0.8603 0.4061 -0.3081
vn -0.8803 0.1965 -0.4319
vn -0.8655 0.2562 -0.4304
vn -0.8474 0.1106 -0.5193
vn -0.8467 0.1178 -0.5189
vn -0.7931 -0.0208 -0.6088
vn -0.7918 -0.0342 -0.6099
vn -0.6739 -0.1867 -0.7148
vn -0.5816 -0.4023 -0.7070
vn -0.5705 -0.4099 -0.7117
vn -0.4778 -0.5396 -0.6932
vn -0.4687 -0.5438 -0.6961
vn -0.3860 -0.6274 -0.6763
vn -0.3693 -0.6326 -0.6807
vn -0.2528 -0.7193 -0.6471
vn -0.2539 -0.7191 -0.6468
vn -0.1186 -0.7924 -0.5983
vn -0.1752 -0.7888 -0.5891
vn -0.0635 -0.8367 -0.5440
vn -0.1326 -0.8358 -0.5327
vn -0.0551 -0.8645 -0.4995
vn -0.1201 -0.8647 -0.4877
vn -0.0575 -0.8861 -0.4600
vn -0.0865 -0.8867 -0.4543
vn -0.0826 -0.8879 -0.4525
vn -0.0512 -0.8869 -0.4591
vn -0.0684 -0.8815 -0.4671
vn -0.0076 -0.8772 -0.4800
vn -0.0175 -0.8744 -0.4848
vn 0.0069 -0.8717 -0.4900
vn -0.0053 -0.8683 -0.4960
vn 0.0032 -0.8673 -0.4979
vn 0.0112 -0.8695 -0.4939
vn 0.0248 -0.8674 -0.4971
vn 0.0204 -0.8662 -0.4993
vn 0.0192 -0.8664 -0.4990
vn 0.0370 -0.8711 -0.4898
vn 0.0261 -0.8731 -0.4868
vn 0.0934 -0.8881 -0.4500
vn 0.0933 -0.8881 -0.4500
vn 0.1645 -0.8980 -0.4080
vn 0.1953 -0.8881 -0.4162
vn 0.2592 -0.8899 -0.3754
vn 0.3428 -0.8517 -0.3963
vn 0.4063 -0.8437 -0.3508
vn 0.6884 -0.6519 -0.3180
vn 0.6912 -0.6503 -0.3151
vn 0.8183 -0.4616 -0.3424
vn 0.7894 -0.4851 -0.3762
vn 0.8479 -0.3615 -0.3877
vn 0.9088 -0.2922 -0.2979
vn 0.9208 -0.2496 -0.2997
vn 0.8970 -0.2829 -0.3396
vn 0.9360 -0.0717 -0.3447
vn 0.9174 -0.1047 -0.3840
vn 0.9235 -0.0203 -0.3831
vn 0.9065 -0.0509 -0.4190
vn 0.9085 0.0252 -0.4172
vn 0.9199 0.0488 -0.3890
vn 0.9148 0.1230 -0.3848
vn 0.9182 0.1321 -0.3736
vn 0.9096 0.1911 -0.3688
vn 0.9065 0.1812 -0.3815
vn 0.8960 0.2357 -0.3763
vn 0.9003 0.2516 -0.3551
vn 0.8865 0.3040 -0.3489
vn 0.8890 0.3166 -0.3310
vn 0.8824 0.3371 -0.3282
vn 0.8850 0.3542 -0.3020
vn 0.8620 0.4138 -0.2927
vn 0.8621 0.4145 -0.2914
vn 0.8508 0.4402 -0.2870
vn 0.8508 0.4991 -0.1647
vn 0.8485 0.5032 -0.1640
vn 0.8397 0.5395 -0.0629
vn 0.8307 0.5534 -0.0604
vn 0.8012 0.5891 0.1045
vn 0.5853 -0.7405 -0.3301
vn 0.6164 -0.7275 -0.3013
vn 0.7840 0.6113 0.1079
vn 0.7182 0.6209 0.3140
vn 0.6973 0.6432 0.3164
vn 0.6359 0.6287 0.4478
vn 0.5097 0.7348 0.4475
vn 0.4600 0.7133 0.5288
vn 0.3813 0.7621 0.5233
vn 0.3655 0.7540 0.5459
vn 0.3145 0.7803 0.5406
vn 0.3037 0.7746 0.5547
vn 0.3189 0.7674 0.5563
vn 0.3105 0.7630 0.5669
vn 0.3577 0.7396 0.5701
vn 0.3837 0.7514 0.5368
vn 0.4026 0.7412 0.5372
vn 0.4685 0.7627 0.4459
vn 0.3517 0.8232 0.4457
vn 0.4426 0.8397 0.3147
vn 0.2554 0.9149 0.3125
vn 0.2806 0.9185 0.2787
vn 0.0449 0.9629 0.2663
vn 0.1104 0.9757 0.1895
vn -0.1938 0.9678 0.1603
vn -0.1633 0.9781 0.1290
vn -0.3352 0.9359 0.1080
vn -0.3144 0.9452 0.0884
vn -0.5131 0.8565 0.0565
vn -0.5091 0.8591 0.0529
vn -0.6571 0.7535 0.0209
vn -0.6814 0.7307 0.0423
vn -0.6997 0.7134 0.0372
vn -0.7190 0.6930 0.0526
vn -0.7224 0.6895 0.0515
vn -0.7400 0.6695 0.0641
vn -0.7261 0.6841 0.0691
vn -0.7720 0.6280 0.0983
vn -0.7411 0.6622 0.1110
vn -0.8030 0.5778 0.1462
vn -0.7814 0.6041 0.1567
vn -0.8434 0.5028 0.1893
vn -0.7989 0.5619 0.2146
vn -0.8563 0.4564 0.2417
vn -0.8837 0.4121 0.2217
vn -0.8750 0.4323 0.2179
vn -0.9118 0.3660 0.1862
vn -0.8962 0.4051 0.1809
vn -0.9238 0.3510 0.1530
vn -0.9067 0.3947 0.1487
vn -0.9648 0.2535 0.0703
vn -0.9362 0.3455 0.0648
vn -0.9927 0.0711 -0.0975
vn -0.9751 0.1975 -0.1010
vn -0.9647 -0.0585 -0.2568
vn -0.9440 -0.2166 -0.2488
vn -0.8947 -0.3166 -0.3150
vn -0.7584 -0.5791 -0.2992
vn -0.6356 -0.6800 -0.3655
vn -0.6606 -0.6529 -0.3706
vn -0.5013 -0.7463 -0.4378
vn -0.5456 -0.7085 -0.4477
vn -0.3821 -0.7729 -0.5066
vn -0.4208 -0.7458 -0.5164
vn -0.2420 -0.7864 -0.5684
vn -0.2187 -0.7982 -0.5613
vn -0.1152 -0.8040 -0.5834
vn -0.0919 -0.8128 -0.5752
vn -0.0738 -0.8123 -0.5786
vn -0.0278 -0.8273 -0.5611
vn -0.0734 -0.8302 -0.5526
vn -0.0297 -0.8440 -0.5356
vn -0.0821 -0.8474 -0.5246
vn -0.0644 -0.8532 -0.5176
vn -0.1056 -0.8551 -0.5076
vn -0.0908 -0.8602 -0.5018
vn -0.0846 -0.8599 -0.5034
vn -0.1067 -0.8522 -0.5122
vn -0.0388 -0.8471 -0.5301
vn -0.0611 -0.8398 -0.5395
vn -0.0307 -0.8363 -0.5474
vn -0.0180 -0.8403 -0.5417
vn -0.0135 -0.8397 -0.5429
vn 0.0153 -0.8483 -0.5294
vn 0.0063 -0.8498 -0.5270
vn 0.0304 -0.8566 -0.5151
vn 0.0250 -0.8577 -0.5136
vn 0.0556 -0.8656 -0.4977
vn 0.0683 -0.8626 -0.5013
vn 0.1499 -0.8780 -0.4546
vn 0.1439 -0.8798 -0.4530
vn 0.2181 -0.8873 -0.4065
vn 0.2430 -0.8777 -0.4132
vn 0.3467 -0.8740 -0.3404
vn 0.4046 -0.8427 -0.3553
vn 0.4707 -0.8287 -0.3026
vn 0.6789 -0.6444 -0.3519
vn 0.6889 -0.6392 -0.3419
vn 0.7920 -0.4864 -0.3689
vn 0.8005 -0.4799 -0.3590
vn 0.8823 -0.2772 -0.3804
vn 0.8110 -0.3445 -0.4729
vn 0.8395 -0.2529 -0.4809
vn 0.8597 -0.2325 -0.4549
vn 0.8840 -0.0871 -0.4592
vn 0.8951 -0.0721 -0.4401
vn 0.8968 -0.0456 -0.4400
vn 0.9075 -0.0291 -0.4191
vn 0.9072 0.0561 -0.4170
vn 0.9169 0.0749 -0.3921
vn 0.9114 0.1361 -0.3884
vn 0.9168 0.1493 -0.3703
vn 0.9127 0.1773 -0.3681
vn 0.9044 0.1564 -0.3971
vn 0.8842 0.2614 -0.3871
vn 0.8915 0.2847 -0.3523
vn 0.8807 0.3219 -0.3474
vn 0.8756 0.3038 -0.3755
vn 0.8516 0.3759 -0.3654
vn 0.8574 0.4016 -0.3218
vn 0.8478 0.4244 -0.3180
vn 0.8531 0.4792 -0.2064
vn 0.8341 0.5142 -0.1996
vn 0.8283 0.5527 -0.0924
vn 0.8272 0.5542 -0.0921
vn 0.8123 0.5826 0.0287
vn 0.7768 0.6286 0.0378
vn 0.7388 0.6421 0.2049
vn 0.6103 -0.7249 -0.3194
vn 0.5995 -0.7293 -0.3296
vn 0.6887 0.6929 0.2137
vn 0.6638 0.6876 0.2941
vn 0.5946 0.7451 0.3021
vn 0.5436 0.7184 0.4340
vn 0.4314 0.7893 0.4369
vn 0.4036 0.7698 0.4945
vn 0.3473 0.7982 0.4922
vn 0.3254 0.7813 0.5326
vn 0.2948 0.7948 0.5305
vn 0.2774 0.7809 0.5597
vn 0.3083 0.7678 0.5616
vn 0.3118 0.7705 0.5560
vn 0.3925 0.7321 0.5568
vn 0.4137 0.7457 0.5223
vn 0.5021 0.6941 0.5158
vn 0.5471 0.7150 0.4353
vn 0.5109 0.7384 0.4402
vn 0.5546 0.7511 0.3583
vn 0.3384 0.8607 0.3805
vn 0.4382 0.8757 0.2027
vn 0.1293 0.9660 0.2240
vn 0.1303 0.9662 0.2225
vn -0.1164 0.9671 0.2264
vn -0.0487 0.9889 0.1405
vn -0.2975 0.9453 0.1339
vn -0.2921 0.9478 0.1279
vn -0.4931 0.8629 0.1107
vn -0.5372 0.8287 0.1571
vn -0.6605 0.7380 0.1384
vn -0.6671 0.7307 0.1452
vn -0.7042 0.6966 0.1374
vn -0.7075 0.6926 0.1405
vn -0.7305 0.6696 0.1346
vn -0.7614 0.6280 0.1607
vn -0.7646 0.6244 0.1596
vn -0.7914 0.5842 0.1802
vn -0.7996 0.5739 0.1769
vn -0.8445 0.4929 0.2093
vn -0.8408 0.4985 0.2112
vn -0.8828 0.4039 0.2401
vn -0.8539 0.4517 0.2587
vn -0.8899 0.3594 0.2810
vn -0.8634 0.4055 0.3001
vn -0.8867 0.3401 0.3131
vn -0.8799 0.3526 0.3186
vn -0.8821 0.3460 0.3196
vn -0.8928 0.3262 0.3105
vn -0.8962 0.3153 0.3120
vn -0.9277 0.2484 0.2789
vn -0.9341 0.2187 0.2822
vn -0.9807 0.0462 0.1901
vn -0.9802 -0.0279 0.1959
vn -0.9367 -0.3500 0.0033
vn -0.7910 -0.6106 0.0384
vn -0.6989 -0.7142 -0.0398
vn -0.5379 -0.8429 -0.0165
vn -0.5616 -0.8274 -0.0020
vn -0.5258 -0.8506 0.0042
vn -0.4209 -0.9056 -0.0525
vn -0.5187 -0.8520 -0.0712
vn -0.3210 -0.9327 -0.1644
vn -0.5311 -0.8207 -0.2106
vn -0.1542 -0.9205 -0.3590
vn -0.3022 -0.8655 -0.3994
vn -0.0568 -0.8774 -0.4764
vn -0.1189 -0.8603 -0.4957
vn -0.0128 -0.8523 -0.5229
vn -0.0544 -0.8419 -0.5369
vn -0.0326 -0.8395 -0.5424
vn -0.0358 -0.8387 -0.5435
vn -0.0720 -0.8425 -0.5338
vn -0.0988 -0.8340 -0.5428
vn -0.1096 -0.8348 -0.5395
vn -0.1256 -0.8292 -0.5447
vn -0.1242 -0.8291 -0.5452
vn -0.1280 -0.8276 -0.5465
vn -0.0746 -0.8225 -0.5638
vn -0.0979 -0.8142 -0.5723
vn -0.0449 -0.8070 -0.5889
vn -0.0332 -0.8109 -0.5842
vn -0.0186 -0.8082 -0.5886
vn 0.0449 -0.8271 -0.5603
vn 0.0106 -0.8349 -0.5503
vn 0.0518 -0.8461 -0.5304
vn 0.0396 -0.8491 -0.5267
vn 0.0969 -0.8626 -0.4966
vn 0.1240 -0.8543 -0.5048
vn 0.2114 -0.8666 -0.4521
vn 0.1980 -0.8717 -0.4482
vn 0.3284 -0.8738 -0.3585
vn 0.3381 -0.8690 -0.3613
vn 0.3933 -0.8625 -0.3186
vn 0.4580 -0.8226 -0.3370
vn 0.5108 -0.8087 -0.2918
vn 0.6884 -0.6390 -0.3432
vn 0.7054 -0.6297 -0.3254
vn 0.8003 -0.4799 -0.3595
vn 0.7621 -0.5066 -0.4033
vn 0.8311 -0.3538 -0.4290
vn 0.8442 -0.3425 -0.4124
vn 0.8738 -0.2394 -0.4233
vn 0.8418 -0.2712 -0.4667
vn 0.8755 -0.0626 -0.4792
vn 0.8512 -0.0905 -0.5169
vn 0.8554 -0.0035 -0.5180
vn 0.8531 -0.0063 -0.5217
vn 0.8480 0.1092 -0.5187
vn 0.8595 0.1264 -0.4953
vn 0.8515 0.1834 -0.4912
vn 0.8520 0.1842 -0.4901
vn 0.8522 0.1831 -0.4901
vn 0.8824 0.2415 -0.4038
vn 0.8678 0.2986 -0.3972
vn 0.8666 0.2957 -0.4020
vn 0.8619 0.3117 -0.3999
vn 0.8791 0.3623 -0.3098
vn 0.8665 0.3955 -0.3045
vn 0.8728 0.4346 -0.2222
vn 0.8499 0.4820 -0.2132
vn 0.8489 0.5115 -0.1330
vn 0.8154 0.5661 -0.1214
vn 0.8067 0.5906 -0.0219
vn 0.7939 0.6077 -0.0179
vn 0.7716 0.6234 0.1265
vn 0.7167 0.6830 0.1407
vn 0.7068 0.6821 0.1874
vn 0.6030 -0.7307 -0.3201
vn 0.6082 -0.7285 -0.3151
vn 0.6302 0.7496 0.2023
vn 0.5977 0.7306 0.3302
vn 0.5109 0.7892 0.3407
vn 0.4819 0.7627 0.4314
vn 0.3813 0.8150 0.4363
vn 0.3630 0.7952 0.4857
vn 0.3060 0.8191 0.4853
vn 0.2875 0.7974 0.5305
vn 0.2641 0.8059 0.5298
vn 0.2579 0.7988 0.5436
vn 0.3061 0.7811 0.5442
vn 0.2898 0.7630 0.5778
vn 0.4381 0.6957 0.5692
vn 0.4694 0.7262 0.5023
vn 0.5735 0.6619 0.4827
vn 0.6057 0.6859 0.4034
vn 0.5854 0.7001 0.4089
vn 0.6308 0.7224 0.2831
vn 0.5156 0.7963 0.3163
vn 0.5205 0.7979 0.3040
vn 0.2223 0.9048 0.3632
vn 0.3025 0.9308 0.2052
vn 0.0149 0.9685 0.2487
vn -0.0177 0.9532 0.3018
vn -0.1994 0.9266 0.3187
vn -0.2016 0.9250 0.3219
vn -0.4652 0.8213 0.3303
vn -0.4537 0.8335 0.3153
vn -0.6119 0.7293 0.3062
vn -0.5986 0.7466 0.2903
vn -0.6662 0.6904 0.2820
vn -0.6702 0.6847 0.2864
vn -0.7337 0.6216 0.2743
vn -0.7336 0.6218 0.2742
vn -0.7739 0.5759 0.2634
vn -0.7736 0.5764 0.2632
vn -0.8393 0.4885 0.2384
vn -0.8397 0.4877 0.2388
vn -0.8871 0.4094 0.2132
vn -0.9033 0.3638 0.2273
vn -0.8987 0.3731 0.2307
vn -0.9203 0.3027 0.2477
vn -0.8954 0.3550 0.2686
vn -0.9083 0.3134 0.2773
vn -0.8869 0.3557 0.2947
vn -0.8957 0.3283 0.2999
vn -0.8989 0.3218 0.2972
vn -0.9121 0.2737 0.3052
vn -0.9344 0.2196 0.2803
vn -0.9479 0.1292 0.2913
vn -0.9778 -0.0337 0.2068
vn -0.9691 -0.1232 0.2136
vn -0.8293 -0.5539 -0.0736
vn -0.7151 -0.6966 -0.0577
vn -0.5983 -0.7869 -0.1511
vn -0.5189 -0.8424 -0.1455
vn -0.5763 -0.8105 -0.1054
vn -0.4248 -0.9004 -0.0940
vn -0.5049 -0.8622 -0.0421
vn -0.4284 -0.9029 -0.0346
vn -0.4459 -0.8948 -0.0236
vn -0.4422 -0.8966 -0.0232
vn -0.1931 -0.9674 -0.1637
vn -0.3893 -0.8998 -0.1970
vn -0.0520 -0.9351 -0.3507
vn -0.2579 -0.8809 -0.3969
vn -0.0292 -0.8731 -0.4866
vn -0.0940 -0.8586 -0.5039
vn -0.0270 -0.8495 -0.5268
vn -0.0855 -0.8352 -0.5433
vn -0.0968 -0.8366 -0.5392
vn -0.1229 -0.8285 -0.5463
vn -0.1259 -0.8288 -0.5451
vn -0.1507 -0.8202 -0.5519
vn -0.1352 -0.8186 -0.5582
vn -0.1351 -0.8187 -0.5582
vn -0.0983 -0.8138 -0.5728
vn -0.1359 -0.7999 -0.5845
vn -0.0541 -0.7858 -0.6161
vn 0.0044 -0.8042 -0.5944
vn 0.0200 -0.8000 -0.5996
vn 0.0351 -0.8043 -0.5932
vn 0.0166 -0.8095 -0.5868
vn 0.1456 -0.8395 -0.5236
vn 0.0916 -0.8579 -0.5056
vn 0.1742 -0.8712 -0.4590
vn 0.2027 -0.8599 -0.4685
vn 0.2832 -0.8642 -0.4158
vn 0.2992 -0.8563 -0.4210
vn 0.3951 -0.8498 -0.3491
vn 0.3823 -0.8573 -0.3449
vn 0.4677 -0.8408 -0.2727
vn 0.5123 -0.8092 -0.2877
vn 0.5115 -0.8095 -0.2884
vn 0.6946 -0.6260 -0.3546
vn 0.6756 -0.6356 -0.3737
vn 0.7575 -0.5047 -0.4140
vn 0.7721 -0.4954 -0.3980
vn 0.8360 -0.3389 -0.4315
vn 0.7816 -0.3801 -0.4946
vn 0.8167 -0.2599 -0.5152
vn 0.8181 -0.2587 -0.5135
vn 0.8429 -0.0869 -0.5310
vn 0.8293 -0.1004 -0.5497
vn 0.8326 0.0024 -0.5538
vn 0.8731 0.0506 -0.4849
vn 0.8668 0.1231 -0.4832
vn 0.8646 0.1199 -0.4879
vn 0.8554 0.1826 -0.4846
vn 0.8845 0.2318 -0.4050
vn 0.8822 0.2416 -0.4041
vn 0.8829 0.2429 -0.4019
vn 0.8696 0.2940 -0.3967
vn 0.8882 0.3411 -0.3077
vn 0.8814 0.3607 -0.3051
vn 0.8839 0.3691 -0.2871
vn 0.8479 0.4539 -0.2737
vn 0.8526 0.4874 -0.1886
vn 0.8280 0.5312 -0.1796
vn 0.8275 0.5475 -0.1247
vn 0.7697 0.6297 -0.1055
vn 0.7654 0.6423 -0.0402
vn 0.7090 0.7048 -0.0240
vn 0.6954 0.7121 0.0961
vn 0.6721 0.7335 0.1017
vn 0.6393 0.7150 0.2829
vn 0.6167 -0.7311 -0.2920
vn 0.5991 -0.7385 -0.3093
vn 0.5836 0.7572 0.2933
vn 0.5746 0.7476 0.3330
vn 0.4482 0.8230 0.3489
vn 0.4296 0.7961 0.4263
vn 0.3394 0.8355 0.4321
vn 0.3329 0.8247 0.4573
vn 0.2532 0.8517 0.4588
vn 0.2399 0.8285 0.5061
vn 0.2386 0.8288 0.5061
vn 0.2157 0.7877 0.5771
vn 0.2881 0.7659 0.5748
vn 0.2899 0.7689 0.5699
vn 0.4925 0.6828 0.5397
vn 0.5115 0.7111 0.4824
vn 0.6329 0.6339 0.4446
vn 0.6533 0.6604 0.3703
vn 0.6840 0.6365 0.3564
vn 0.6928 0.6456 0.3213
vn 0.5764 0.7254 0.3762
vn 0.5890 0.7356 0.3345
vn 0.4525 0.8011 0.3918
vn 0.4673 0.8111 0.3518
vn 0.1071 0.8800 0.4626
vn 0.1421 0.9090 0.3918
vn -0.1168 0.8879 0.4450
vn -0.1279 0.8763 0.4646
vn -0.3478 0.7994 0.4899
vn -0.3273 0.8265 0.4579
vn -0.5073 0.7239 0.4676
vn -0.4763 0.7709 0.4230
vn -0.6105 0.6711 0.4207
vn -0.5850 0.7124 0.3877
vn -0.6967 0.6107 0.3764
vn -0.6362 0.7071 0.3087
vn -0.7675 0.5737 0.2861
vn -0.7588 0.5894 0.2773
vn -0.8371 0.4858 0.2513
vn -0.8347 0.4912 0.2490
vn -0.9060 0.3671 0.2109
vn -0.9191 0.3238 0.2245
vn -0.9251 0.3100 0.2194
vn -0.9463 0.2157 0.2407
vn -0.9077 0.3124 0.2802
vn -0.9382 0.1593 0.3071
vn -0.8797 0.3024 0.3670
vn -0.8974 0.2237 0.3804
vn -0.8914 0.2373 0.3861
vn -0.9063 0.1393 0.3990
vn -0.9241 0.0846 0.3726
vn -0.9246 -0.0453 0.3783
vn -0.9374 -0.1763 0.3003
vn -0.9201 -0.2547 0.2976
vn -0.7311 -0.6751 -0.0989
vn -0.7832 -0.6148 -0.0930
vn -0.5840 -0.7572 -0.2926
vn -0.5533 -0.7792 -0.2943
vn -0.5344 -0.7867 -0.3091
vn -0.4430 -0.8405 -0.3120
vn -0.5412 -0.8065 -0.2383
vn -0.4409 -0.8649 -0.2399
vn -0.5283 -0.8312 -0.1732
vn -0.4025 -0.8993 -0.1713
vn -0.3826 -0.9051 -0.1855
vn -0.3961 -0.8991 -0.1862
vn -0.2070 -0.9284 -0.3085
vn -0.3189 -0.8918 -0.3209
vn -0.0666 -0.8858 -0.4593
vn -0.2039 -0.8517 -0.4827
vn -0.0841 -0.8367 -0.5412
vn -0.1643 -0.8146 -0.5563
vn -0.1382 -0.8107 -0.5689
vn -0.1672 -0.8013 -0.5744
vn -0.1667 -0.8012 -0.5747
vn -0.1557 -0.8050 -0.5724
vn -0.1481 -0.8038 -0.5762
vn -0.1241 -0.8119 -0.5704
vn -0.1253 -0.8121 -0.5699
vn -0.0677 -0.8304 -0.5530
vn 0.0094 -0.8093 -0.5873
vn -0.0028 -0.8061 -0.5917
vn 0.0271 -0.7962 -0.6044
vn 0.0916 -0.8111 -0.5777
vn 0.1065 -0.8050 -0.5836
vn 0.1821 -0.8180 -0.5456
vn 0.1336 -0.8396 -0.5266
vn 0.2851 -0.8536 -0.4359
vn 0.2747 -0.8591 -0.4319
vn 0.3734 -0.8547 -0.3607
vn 0.3872 -0.8462 -0.3661
vn 0.4391 -0.8380 -0.3239
vn 0.4458 -0.8334 -0.3266
vn 0.4899 -0.8229 -0.2879
vn 0.5086 -0.8086 -0.2959
vn 0.5467 -0.7959 -0.2602
vn 0.6807 -0.6373 -0.3612
vn 0.6939 -0.6305 -0.3478
vn 0.7708 -0.4949 -0.4011
vn 0.7446 -0.5112 -0.4293
vn 0.7952 -0.3859 -0.4677
vn 0.7890 -0.3902 -0.4745
vn 0.8231 -0.2609 -0.5044
vn 0.8290 -0.2559 -0.4972
vn 0.8477 -0.1082 -0.5193
vn 0.8717 -0.0834 -0.4829
vn 0.8693 0.0523 -0.4915
vn 0.8648 0.0468 -0.4999
vn 0.8566 0.1235 -0.5011
vn 0.8751 0.1493 -0.4604
vn 0.8545 0.2468 -0.4570
vn 0.8524 0.2433 -0.4629
vn 0.8478 0.2608 -0.4618
vn 0.8735 0.3072 -0.3777
vn 0.8545 0.3622 -0.3723
vn 0.8595 0.3735 -0.3490
vn 0.8529 0.3901 -0.3469
vn 0.8708 0.4495 -0.1991
vn 0.8508 0.4890 -0.1925
vn 0.8510 0.4911 -0.1859
vn 0.8056 0.5671 -0.1711
vn 0.8049 0.5873 -0.0847
vn 0.7520 0.6555 -0.0689
vn 0.7455 0.6662 0.0205
vn 0.6704 0.7409 0.0404
vn 0.6658 0.7410 0.0870
vn 0.5634 0.8189 0.1094
vn 0.5576 0.8134 0.1655
vn 0.5907 -0.7361 -0.3304
vn 0.6074 -0.7295 -0.3144
vn 0.5016 0.8472 0.1749
vn 0.4884 0.8225 0.2914
vn 0.3717 0.8772 0.3038
vn 0.3542 0.8354 0.4203
vn 0.3160 0.8491 0.4233
vn 0.3077 0.8260 0.4724
vn 0.2244 0.8497 0.4772
vn 0.2195 0.8351 0.5044
vn 0.1736 0.8449 0.5059
vn 0.1607 0.8056 0.5702
vn 0.2846 0.7768 0.5618
vn 0.2881 0.7868 0.5458
vn 0.5220 0.6933 0.4969
vn 0.5286 0.7113 0.4633
vn 0.6775 0.6170 0.4003
vn 0.6769 0.6156 0.4035
vn 0.7337 0.5707 0.3689
vn 0.7325 0.5681 0.3752
vn 0.6684 0.6153 0.4180
vn 0.6865 0.6479 0.3300
vn 0.5394 0.7275 0.4241
vn 0.5529 0.7466 0.3700
vn 0.2698 0.8138 0.5146
vn 0.2762 0.8224 0.4973
vn -0.0002 0.8035 0.5952
vn 0.0084 0.8171 0.5764
vn -0.1782 0.7603 0.6247
vn -0.1346 0.8319 0.5383
vn -0.3576 0.7305 0.5818
vn -0.2907 0.8373 0.4631
vn -0.5237 0.6956 0.4917
vn -0.4362 0.8247 0.3601
vn -0.6109 0.7008 0.3682
vn -0.5995 0.7180 0.3537
vn -0.7395 0.5817 0.3387
vn -0.7658 0.5262 0.3697
vn -0.8066 0.4712 0.3570
vn -0.8477 0.3450 0.4029
vn -0.8792 0.2840 0.3826
vn -0.8878 0.2372 0.3943
vn -0.9114 0.1783 0.3709
vn -0.9191 0.0155 0.3937
vn -0.8916 0.1111 0.4390
vn -0.8925 -0.0330 0.4499
vn -0.8274 0.1555 0.5397
vn -0.8255 -0.1194 0.5517
vn -0.7803 0.0253 0.6249
vn -0.7506 -0.2198 0.6231
vn -0.7466 -0.1990 0.6348
vn -0.7236 -0.2869 0.6278
vn -0.7302 -0.3996 0.5542
vn -0.7288 -0.4026 0.5539
vn -0.5927 -0.7823 0.1915
vn -0.7649 -0.5994 0.2361
vn -0.4731 -0.8667 -0.1581
vn -0.6614 -0.7402 -0.1212
vn -0.4554 -0.8258 -0.3327
vn -0.4935 -0.8058 -0.3273
vn -0.4953 -0.8054 -0.3256
vn -0.4095 -0.8484 -0.3354
vn -0.4750 -0.8348 -0.2785
vn -0.4023 -0.8702 -0.2845
vn -0.4410 -0.8617 -0.2508
vn -0.3838 -0.8880 -0.2534
vn -0.3125 -0.8973 -0.3118
vn -0.3799 -0.8709 -0.3118
vn -0.1843 -0.8705 -0.4563
vn -0.3124 -0.8295 -0.4629
vn -0.1669 -0.8117 -0.5596
vn -0.2505 -0.7851 -0.5664
vn -0.1912 -0.7739 -0.6038
vn -0.1949 -0.7727 -0.6041
vn -0.1864 -0.7707 -0.6093
vn -0.1637 -0.7783 -0.6062
vn -0.1571 -0.7765 -0.6102
vn -0.0878 -0.7978 -0.5966
vn -0.0978 -0.8009 -0.5908
vn 0.0586 -0.8366 -0.5447
vn 0.0404 -0.8439 -0.5349
vn 0.0605 -0.8474 -0.5274
vn 0.1096 -0.8259 -0.5531
vn 0.1415 -0.8303 -0.5391
vn 0.1750 -0.8126 -0.5559
vn 0.2708 -0.8194 -0.5053
vn 0.2499 -0.8323 -0.4949
vn 0.3666 -0.8301 -0.4202
vn 0.3475 -0.8430 -0.4105
vn 0.4064 -0.8367 -0.3671
vn 0.4162 -0.8296 -0.3722
vn 0.4732 -0.8186 -0.3255
vn 0.4737 -0.8182 -0.3258
vn 0.4966 -0.8124 -0.3057
vn 0.5226 -0.7899 -0.3207
vn 0.5433 -0.7834 -0.3018
vn 0.6622 -0.6205 -0.4201
vn 0.6636 -0.6199 -0.4188
vn 0.7225 -0.5028 -0.4745
vn 0.7322 -0.4976 -0.4650
vn 0.7718 -0.3832 -0.5075
vn 0.8067 -0.3594 -0.4692
vn 0.8284 -0.2556 -0.4985
vn 0.8394 -0.2462 -0.4845
vn 0.8517 -0.0745 -0.5187
vn 0.8455 -0.0807 -0.5278
vn 0.8378 0.0581 -0.5429
vn 0.8635 0.0883 -0.4965
vn 0.8515 0.1600 -0.4994
vn 0.8734 0.1909 -0.4481
vn 0.8615 0.2391 -0.4480
vn 0.8765 0.2646 -0.4021
vn 0.8608 0.3142 -0.4003
vn 0.8733 0.3398 -0.3491
vn 0.8607 0.3728 -0.3468
vn 0.8733 0.4072 -0.2674
vn 0.8420 0.4724 -0.2605
vn 0.8467 0.4966 -0.1912
vn 0.8484 0.4935 -0.1916
vn 0.8484 0.4933 -0.1922
vn 0.7626 0.6239 -0.1705
vn 0.7608 0.6487 -0.0197
vn 0.7311 0.6822 -0.0120
vn 0.7325 0.6790 -0.0482
vn 0.6121 0.7906 -0.0184
vn 0.6049 0.7864 0.1251
vn 0.5438 0.8278 0.1379
vn 0.5398 0.8193 0.1932
vn 0.5949 -0.7263 -0.3444
vn 0.5851 -0.7299 -0.3533
vn 0.4469 0.8696 0.2101
vn 0.4391 0.8420 0.3136
vn 0.3075 0.8921 0.3311
vn 0.3060 0.8850 0.3508
vn 0.2435 0.9019 0.3569
vn 0.2385 0.8714 0.4287
vn 0.1771 0.8836 0.4335
vn 0.1695 0.8312 0.5296
vn 0.1352 0.8360 0.5318
vn 0.1346 0.8315 0.5389
vn 0.2709 0.8083 0.5228
vn 0.2682 0.7894 0.5523
vn 0.5385 0.6960 0.4749
vn 0.5337 0.6649 0.5226
vn 0.7049 0.5623 0.4324
vn 0.7056 0.5665 0.4258
vn 0.7503 0.5325 0.3917
vn 0.7514 0.5387 0.3810
vn 0.7517 0.5385 0.3807
vn 0.7551 0.5568 0.3461
vn 0.6522 0.6176 0.4395
vn 0.6590 0.6456 0.3860
vn 0.3983 0.7119 0.5784
vn 0.4129 0.7551 0.5093
vn 0.1270 0.7400 0.6606
vn 0.1582 0.8210 0.5486
vn -0.0195 0.7761 0.6303
vn 0.0197 0.8683 0.4956
vn -0.1757 0.7968 0.5781
vn -0.1223 0.8953 0.4283
vn -0.3343 0.7986 0.5006
vn -0.3355 0.7964 0.5032
vn -0.4970 0.6863 0.5310
vn -0.5506 0.5526 0.6256
vn -0.6327 0.4646 0.6196
vn -0.6475 0.4081 0.6435
vn -0.7372 0.2775 0.6161
vn -0.7292 0.3236 0.6030
vn -0.8112 0.1779 0.5570
vn -0.8159 0.0939 0.5706
vn -0.8579 -0.0311 0.5128
vn -0.8578 -0.0338 0.5129
vn -0.8638 -0.0561 0.5007
vn -0.8450 -0.1998 0.4961
vn -0.8281 -0.1174 0.5481
vn -0.8016 -0.2689 0.5340
vn -0.7881 -0.1960 0.5834
vn -0.7578 -0.3249 0.5658
vn -0.7502 -0.2720 0.6027
vn -0.7110 -0.3932 0.5829
vn -0.7119 -0.4107 0.5697
vn -0.6545 -0.5235 0.5455
vn -0.6224 -0.6779 0.3911
vn -0.6611 -0.6316 0.4051
vn -0.5045 -0.8612 0.0612
vn -0.5873 -0.8047 0.0870
vn -0.3843 -0.9017 -0.1982
vn -0.4849 -0.8571 -0.1741
vn -0.3784 -0.8765 -0.2975
vn -0.3582 -0.8837 -0.3013
vn -0.3892 -0.8811 -0.2686
vn -0.3232 -0.9043 -0.2787
vn -0.3668 -0.9006 -0.2333
vn -0.3701 -0.8993 -0.2329
vn -0.3399 -0.9025 -0.2646
vn -0.4488 -0.8570 -0.2534
vn -0.2781 -0.8619 -0.4239
vn -0.4411 -0.7971 -0.4124
vn -0.2592 -0.7755 -0.5756
vn -0.3230 -0.7526 -0.5738
vn -0.2342 -0.7283 -0.6440
vn -0.1936 -0.7411 -0.6428
vn -0.1973 -0.7425 -0.6402
vn -0.1399 -0.7592 -0.6356
vn -0.1310 -0.7555 -0.6419
vn -0.0436 -0.7770 -0.6280
vn -0.0247 -0.7675 -0.6406
vn 0.0261 -0.7776 -0.6282
vn -0.0057 -0.7947 -0.6069
vn 0.1623 -0.8190 -0.5504
vn 0.1426 -0.8310 -0.5377
vn 0.2292 -0.8359 -0.4987
vn 0.2613 -0.8138 -0.5191
vn 0.3139 -0.8131 -0.4903
vn 0.3211 -0.8075 -0.4949
vn 0.4340 -0.7967 -0.4206
vn 0.3926 -0.8315 -0.3931
vn 0.4526 -0.8211 -0.3478
vn 0.4600 -0.8148 -0.3529
vn 0.4867 -0.8085 -0.3308
vn 0.4856 -0.8095 -0.3299
vn 0.5145 -0.8015 -0.3049
vn 0.5352 -0.7815 -0.3207
vn 0.5495 -0.7767 -0.3077
vn 0.6637 -0.6199 -0.4186
vn 0.6779 -0.6134 -0.4053
vn 0.7295 -0.4966 -0.4704
vn 0.7489 -0.4855 -0.4510
vn 0.7863 -0.3512 -0.5084
vn 0.8032 -0.3393 -0.4896
vn 0.8186 -0.2375 -0.5230
vn 0.8461 -0.2141 -0.4881
vn 0.8502 -0.0827 -0.5199
vn 0.8826 -0.0480 -0.4678
vn 0.8679 0.0864 -0.4892
vn 0.8863 0.1109 -0.4497
vn 0.8683 0.1933 -0.4568
vn 0.8736 0.2014 -0.4430
vn 0.8512 0.2772 -0.4456
vn 0.8726 0.3149 -0.3734
vn 0.8604 0.3473 -0.3730
vn 0.8562 0.3391 -0.3898
vn 0.8084 0.4454 -0.3849
vn 0.8210 0.4735 -0.3191
vn 0.7826 0.5384 -0.3126
vn 0.7770 0.5243 -0.3483
vn 0.7622 0.5474 -0.3455
vn 0.7764 0.5851 -0.2341
vn 0.6538 0.7263 -0.2122
vn 0.6565 0.7501 -0.0793
vn 0.7103 0.6980 -0.0909
vn 0.7080 0.7058 0.0233
vn 0.5664 0.8225 0.0514
vn 0.5667 0.8229 0.0412
vn 0.4662 0.8826 0.0609
vn 0.4654 0.8558 0.2258
vn 0.5679 -0.7249 -0.3899
vn 0.6070 -0.7108 -0.3553
vn 0.3981 0.8859 0.2380
vn 0.3962 0.8640 0.3108
vn 0.2925 0.8986 0.3271
vn 0.2915 0.8745 0.3877
vn 0.2195 0.8911 0.3973
vn 0.2191 0.8621 0.4569
vn 0.1282 0.8750 0.4667
vn 0.1286 0.8498 0.5112
vn 0.1155 0.8508 0.5126
vn 0.1156 0.8473 0.5183
vn 0.2252 0.8357 0.5009
vn 0.2274 0.7930 0.5652
vn 0.4934 0.7239 0.4823
vn 0.4946 0.6544 0.5720
vn 0.7197 0.5392 0.4373
vn 0.7190 0.5071 0.4753
vn 0.7915 0.4553 0.4077
vn 0.7906 0.4381 0.4279
vn 0.8277 0.4096 0.3836
vn 0.8286 0.4268 0.3623
vn 0.7737 0.4623 0.4332
vn 0.7744 0.5403 0.3294
vn 0.5572 0.6068 0.5669
vn 0.5599 0.7039 0.4370
vn 0.3357 0.7034 0.6266
vn 0.3422 0.8168 0.4645
vn 0.1915 0.7858 0.5880
vn 0.1943 0.8973 0.3963
vn 0.0226 0.8456 0.5333
vn 0.0315 0.9032 0.4281
vn -0.2493 0.7688 0.5889
vn -0.2752 0.6628 0.6964
vn -0.4557 0.5117 0.7284
vn -0.4862 0.3506 0.8004
vn -0.5022 0.3316 0.7986
vn -0.5061 0.3077 0.8057
vn -0.5666 0.2270 0.7921
vn -0.5622 0.2642 0.7836
vn -0.7007 0.0250 0.7131
vn -0.7004 0.1210 0.7035
vn -0.7875 -0.0830 0.6107
vn -0.7937 0.0433 0.6068
vn -0.8650 -0.1836 0.4669
vn -0.8610 -0.2070 0.4645
vn -0.8632 -0.2199 0.4545
vn -0.8442 -0.3066 0.4397
vn -0.8388 -0.2660 0.4751
vn -0.7866 -0.4414 0.4318
vn -0.7811 -0.3507 0.5166
vn -0.7224 -0.5033 0.4741
vn -0.7227 -0.4899 0.4876
vn -0.6286 -0.6483 0.4296
vn -0.6291 -0.6459 0.4326
vn -0.5207 -0.7657 0.3776
vn -0.4580 -0.8658 0.2016
vn -0.4558 -0.8672 0.2007
vn -0.3345 -0.9418 -0.0344
vn -0.3964 -0.9180 -0.0127
vn -0.2653 -0.9410 -0.2103
vn -0.3217 -0.9266 -0.1948
vn -0.2864 -0.9270 -0.2422
vn -0.3104 -0.9207 -0.2366
vn -0.3376 -0.9197 -0.2005
vn -0.3387 -0.9193 -0.2003
vn -0.3627 -0.9167 -0.1676
vn -0.4369 -0.8863 -0.1538
vn -0.3273 -0.8957 -0.3011
vn -0.4762 -0.8342 -0.2780
vn -0.2679 -0.8084 -0.5241
vn -0.3421 -0.7844 -0.5173
vn -0.2043 -0.7302 -0.6520
vn -0.1555 -0.7418 -0.6524
vn -0.1573 -0.7428 -0.6508
vn -0.1160 -0.7518 -0.6491
vn -0.0904 -0.7361 -0.6708
vn 0.0747 -0.7604 -0.6451
vn 0.0383 -0.7870 -0.6157
vn 0.1994 -0.7968 -0.5704
vn 0.1672 -0.8219 -0.5445
vn 0.2529 -0.8214 -0.5111
vn 0.2325 -0.8377 -0.4942
vn 0.3062 -0.8340 -0.4591
vn 0.3246 -0.8181 -0.4748
vn 0.4082 -0.8073 -0.4261
vn 0.4231 -0.7927 -0.4390
vn 0.4455 -0.7886 -0.4238
vn 0.4224 -0.8119 -0.4031
vn 0.4859 -0.7983 -0.3558
vn 0.4779 -0.8063 -0.3484
vn 0.4896 -0.8034 -0.3390
vn 0.4955 -0.7973 -0.3447
vn 0.5116 -0.7928 -0.3313
vn 0.5302 -0.7724 -0.3498
vn 0.5297 -0.7725 -0.3502
vn 0.6409 -0.6014 -0.4770
vn 0.6709 -0.5890 -0.4505
vn 0.7122 -0.4722 -0.5195
vn 0.7653 -0.4430 -0.4670
vn 0.7882 -0.3335 -0.5173
vn 0.8103 -0.3180 -0.4923
vn 0.8209 -0.2037 -0.5336
vn 0.8763 -0.1539 -0.4565
vn 0.8731 -0.0437 -0.4855
vn 0.8865 -0.0286 -0.4618
vn 0.8637 0.1213 -0.4891
vn 0.8939 0.1631 -0.4175
vn 0.8856 0.1954 -0.4213
vn 0.8834 0.1920 -0.4274
vn 0.8353 0.3334 -0.4372
vn 0.8385 0.3388 -0.4267
vn 0.8338 0.3502 -0.4269
vn 0.8502 0.3800 -0.3643
vn 0.7953 0.4866 -0.3615
vn 0.7904 0.4767 -0.3848
vn 0.7553 0.5336 -0.3805
vn 0.7568 0.5364 -0.3737
vn 0.6924 0.6243 -0.3618
vn 0.7151 0.6751 -0.1812
vn 0.6078 0.7782 -0.1580
vn 0.6089 0.7825 -0.1301
vn 0.6207 0.7727 -0.1327
vn 0.6247 0.7808 -0.0109
vn 0.5467 0.8373 0.0063
vn 0.5451 0.8299 0.1189
vn 0.4169 0.8977 0.1425
vn 0.4169 0.8812 0.2232
vn 0.5783 -0.7031 -0.4138
vn 0.5902 -0.6991 -0.4037
vn 0.3522 0.9059 0.2352
vn 0.3538 0.8831 0.3083
vn 0.2541 0.9105 0.3263
vn 0.2566 0.8881 0.3815
vn 0.1785 0.9016 0.3941
vn 0.1823 0.8739 0.4506
vn 0.0955 0.8807 0.4639
vn 0.1000 0.8528 0.5126
vn 0.1099 0.8526 0.5109
vn 0.1160 0.8198 0.5607
vn 0.2046 0.8161 0.5405
vn 0.2126 0.7750 0.5952
vn 0.4294 0.7419 0.5150
vn 0.4417 0.6686 0.5982
vn 0.6756 0.5855 0.4480
vn 0.6863 0.4118 0.5995
vn 0.8337 0.3264 0.4455
vn 0.8337 0.3266 0.4453
vn 0.8811 0.2909 0.3729
vn 0.8739 0.2147 0.4360
vn 0.9265 0.1752 0.3331
vn 0.9305 0.2291 0.2860
vn 0.8496 0.2690 0.4537
vn 0.8544 0.4166 0.3106
vn 0.7484 0.4402 0.4961
vn 0.7141 0.6651 0.2186
vn 0.5813 0.6572 0.4798
vn 0.5067 0.8369 0.2072
vn 0.3206 0.7721 0.5488
vn 0.2839 0.8698 0.4035
vn -0.1679 0.6188 0.7674
vn -0.1609 0.4091 0.8982
vn -0.3128 0.2576 0.9142
vn -0.3109 0.2742 0.9100
vn -0.3553 0.2235 0.9076
vn -0.3521 0.2490 0.9022
vn -0.4067 0.1792 0.8958
vn -0.4071 0.1740 0.8967
vn -0.5108 0.0152 0.8596
vn -0.5109 0.1495 0.8465
vn -0.6272 -0.0688 0.7758
vn -0.6251 -0.0896 0.7754
vn -0.7101 -0.3168 0.6288
vn -0.7107 -0.3145 0.6293
vn -0.7291 -0.3927 0.5606
vn -0.6917 -0.4952 0.5256
vn -0.6926 -0.5030 0.5170
vn -0.6686 -0.5559 0.4939
vn -0.6672 -0.5345 0.5189
vn -0.6036 -0.6499 0.4618
vn -0.6028 -0.6602 0.4482
vn -0.5347 -0.7465 0.3960
vn -0.5307 -0.7621 0.3708
vn -0.5033 -0.7888 0.3528
vn -0.4625 -0.8647 0.1959
vn -0.4651 -0.8630 0.1973
vn -0.3877 -0.9218 -0.0059
vn -0.4102 -0.9120 0.0048
vn -0.3148 -0.9301 -0.1892
vn -0.3074 -0.9320 -0.1921
vn -0.2911 -0.9310 -0.2204
vn -0.2729 -0.9351 -0.2262
vn -0.3054 -0.9366 -0.1719
vn -0.3259 -0.9307 -0.1662
vn -0.3672 -0.9254 -0.0937
vn -0.4085 -0.9089 -0.0833
vn -0.3571 -0.9175 -0.1749
vn -0.3872 -0.9064 -0.1688
vn -0.2221 -0.8791 -0.4217
vn -0.2964 -0.8614 -0.4125
vn -0.1207 -0.7710 -0.6253
vn -0.1127 -0.7720 -0.6255
vn -0.1014 -0.7635 -0.6378
vn -0.0351 -0.7708 -0.6362
vn 0.0195 -0.7211 -0.6926
vn 0.1450 -0.7257 -0.6725
vn 0.1216 -0.7508 -0.6493
vn 0.2786 -0.7462 -0.6046
vn 0.2232 -0.8070 -0.5467
vn 0.3479 -0.7951 -0.4968
vn 0.3097 -0.8353 -0.4542
vn 0.4088 -0.8188 -0.4031
vn 0.4170 -0.8099 -0.4125
vn 0.4449 -0.8036 -0.3953
vn 0.4554 -0.7915 -0.4076
vn 0.4950 -0.7813 -0.3801
vn 0.4814 -0.7974 -0.3639
vn 0.4896 -0.7952 -0.3577
vn 0.4836 -0.8021 -0.3504
vn 0.4934 -0.7994 -0.3426
vn 0.5011 -0.7906 -0.3521
vn 0.4920 -0.7930 -0.3594
vn 0.5120 -0.7679 -0.3849
vn 0.5394 -0.7601 -0.3623
vn 0.6249 -0.5731 -0.5302
vn 0.6840 -0.5499 -0.4793
vn 0.7160 -0.4252 -0.5536
vn 0.7917 -0.3830 -0.4760
vn 0.8014 -0.3146 -0.5087
vn 0.8119 -0.3072 -0.4964
vn 0.8158 -0.1289 -0.5638
vn 0.8848 -0.0648 -0.4615
vn 0.8812 -0.0262 -0.4721
vn 0.8973 -0.0077 -0.4414
vn 0.8599 0.1792 -0.4781
vn 0.8487 0.1652 -0.5024
vn 0.8339 0.2145 -0.5085
vn 0.8666 0.2582 -0.4269
vn 0.8350 0.3404 -0.4322
vn 0.8322 0.3361 -0.4409
vn 0.8013 0.4031 -0.4420
vn 0.8245 0.4419 -0.3536
vn 0.8107 0.4671 -0.3528
vn 0.8130 0.4715 -0.3415
vn 0.7805 0.5258 -0.3382
vn 0.7947 0.5588 -0.2372
vn 0.6907 0.6886 -0.2206
vn 0.6954 0.7050 -0.1390
vn 0.6142 0.7797 -0.1218
vn 0.6150 0.7821 -0.1006
vn 0.5751 0.8130 -0.0916
vn 0.5793 0.8125 0.0644
vn 0.5215 0.8497 0.0771
vn 0.5220 0.8390 0.1533
vn 0.3923 0.9017 0.1819
vn 0.3926 0.8996 0.1913
vn 0.5748 -0.6948 -0.4324
vn 0.5723 -0.6955 -0.4344
vn 0.2938 0.9323 0.2111
vn 0.3017 0.8975 0.3216
vn 0.2283 0.9133 0.3373
vn 0.2358 0.8788 0.4148
vn 0.1680 0.8872 0.4298
vn 0.1684 0.8857 0.4326
vn 0.0581 0.8882 0.4557
vn 0.0631 0.8719 0.4857
vn 0.0554 0.8714 0.4874
vn 0.0704 0.8260 0.5592
vn 0.1538 0.8305 0.5354
vn 0.1753 0.7648 0.6200
vn 0.3675 0.7575 0.5396
vn 0.3912 0.6782 0.6220
vn 0.5482 0.6504 0.5258
vn 0.5846 0.4638 0.6657
vn 0.8101 0.3839 0.4431
vn 0.7971 0.0231 0.6034
vn 0.9149 -0.0281 0.4027
vn 0.8584 -0.2201 0.4634
vn 0.9534 -0.2682 0.1384
vn 0.9093 -0.3775 0.1750
vn 0.9197 -0.3822 0.0895
vn 0.9813 -0.1922 0.0086
vn 0.9787 -0.1904 -0.0762
vn 0.9559 0.1281 -0.2643
vn 0.9933 0.0921 0.0697
vn 0.8933 0.4160 -0.1704
vn 0.8758 0.2252 0.4268
vn 0.8250 0.5058 0.2520
vn 0.5205 -0.0176 0.8537
vn 0.5558 0.2856 0.7807
vn 0.2226 -0.0668 0.9726
vn 0.2557 0.0740 0.9639
vn 0.1367 -0.0551 0.9891
vn 0.1490 0.0361 0.9882
vn 0.0613 -0.0771 0.9951
vn 0.0626 -0.0019 0.9980
vn 0.0197 -0.0683 0.9975
vn 0.0188 -0.0586 0.9981
vn -0.1381 -0.3315 0.9333
vn -0.1609 -0.2242 0.9612
vn -0.2830 -0.5012 0.8178
vn -0.3293 -0.3546 0.8751
vn -0.4278 -0.6217 0.6562
vn -0.4251 -0.6272 0.6526
vn -0.4325 -0.6531 0.6216
vn -0.3782 -0.7423 0.5532
vn -0.3761 -0.7275 0.5739
vn -0.3532 -0.7571 0.5495
vn -0.3545 -0.7999 0.4842
vn -0.4074 -0.7425 0.5317
vn -0.3997 -0.8197 0.4103
vn -0.4086 -0.8118 0.4171
vn -0.3806 -0.8906 0.2489
vn -0.4093 -0.8721 0.2682
vn -0.3496 -0.9358 0.0453
vn -0.3932 -0.9168 0.0701
vn -0.3002 -0.9353 -0.1871
vn -0.3324 -0.9274 -0.1716
vn -0.2999 -0.9218 -0.2457
vn -0.3057 -0.9205 -0.2433
vn -0.3375 -0.9249 -0.1749
vn -0.3504 -0.9210 -0.1703
vn -0.3941 -0.9162 -0.0722
vn -0.3674 -0.9266 -0.0803
vn -0.3427 -0.9298 -0.1344
vn -0.2878 -0.9463 -0.1472
vn -0.1897 -0.9238 -0.3325
vn -0.1308 -0.9310 -0.3407
vn -0.0005 -0.8401 -0.5425
vn 0.0362 -0.8391 -0.5428
vn 0.0542 -0.8211 -0.5682
vn 0.1298 -0.8162 -0.5631
vn 0.1853 -0.7472 -0.6382
vn 0.2960 -0.7313 -0.6145
vn 0.2844 -0.7488 -0.5987
vn 0.4017 -0.7258 -0.5584
vn 0.3540 -0.7971 -0.4892
vn 0.3865 -0.7904 -0.4753
vn 0.3724 -0.8093 -0.4542
vn 0.4504 -0.7911 -0.4139
vn 0.4416 -0.8029 -0.4004
vn 0.4871 -0.7900 -0.3722
vn 0.4937 -0.7811 -0.3824
vn 0.4988 -0.7795 -0.3789
vn 0.4875 -0.7948 -0.3614
vn 0.4767 -0.7977 -0.3693
vn 0.4778 -0.7964 -0.3709
vn 0.4775 -0.7964 -0.3710
vn 0.4818 -0.7907 -0.3777
vn 0.4909 -0.7884 -0.3707
vn 0.5147 -0.7539 -0.4083
vn 0.5452 -0.7453 -0.3838
vn 0.6904 -0.5518 -0.4678
vn 0.6901 -0.5520 -0.4681
vn 0.7242 -0.3589 -0.5888
vn 0.7673 -0.3362 -0.5461
vn 0.7706 -0.2913 -0.5668
vn 0.8442 -0.2420 -0.4784
vn 0.8365 -0.0454 -0.5460
vn 0.7933 -0.0804 -0.6035
vn 0.7731 0.0414 -0.6329
vn 0.8442 0.1071 -0.5253
vn 0.8261 0.1741 -0.5359
vn 0.8449 0.1954 -0.4980
vn 0.8148 0.2807 -0.5072
vn 0.8440 0.3194 -0.4308
vn 0.8382 0.3334 -0.4316
vn 0.8533 0.3563 -0.3807
vn 0.8070 0.4505 -0.3817
vn 0.8052 0.4477 -0.3889
vn 0.7836 0.4857 -0.3873
vn 0.8012 0.5150 -0.3049
vn 0.7581 0.5799 -0.2984
vn 0.7730 0.6129 -0.1636
vn 0.6907 0.7080 -0.1471
vn 0.6919 0.7124 -0.1172
vn 0.6153 0.7819 -0.1001
vn 0.6161 0.7836 -0.0797
vn 0.5074 0.8600 -0.0540
vn 0.5100 0.8602 -0.0036
vn 0.4374 0.8992 0.0143
vn 0.4447 0.8844 0.1416
vn 0.3731 0.9139 0.1598
vn 0.3770 0.9005 0.2168
vn 0.5605 -0.6921 -0.4548
vn 0.6498 -0.6594 -0.3781
vn 0.2544 0.9347 0.2481
vn 0.2567 0.9284 0.2687
vn 0.1553 0.9430 0.2944
vn 0.1588 0.9349 0.3174
vn 0.0989 0.9374 0.3339
vn 0.1142 0.9024 0.4154
vn 0.0287 0.8973 0.4404
vn 0.0413 0.8668 0.4970
vn 0.0222 0.8640 0.5030
vn 0.0422 0.8161 0.5764
vn 0.1065 0.8265 0.5527
vn 0.1455 0.7284 0.6695
vn 0.3304 0.7476 0.5761
vn 0.3997 0.5074 0.7634
vn 0.5547 0.5130 0.6550
vn 0.5965 0.2465 0.7638
vn 0.7410 0.2478 0.6242
vn 0.7043 -0.1230 0.6992
vn 0.8603 -0.1193 0.4957
vn 0.7594 -0.3947 0.5173
vn 0.9153 -0.3581 0.1847
vn 0.7330 -0.6461 0.2126
vn 0.8017 -0.5628 -0.2013
vn 0.8945 -0.3793 -0.2366
vn 0.7998 -0.2993 -0.5203
vn 0.8116 -0.1591 -0.5622
vn 0.7936 -0.1488 -0.5899
vn 0.7928 -0.1147 -0.5985
vn 0.9013 -0.2030 -0.3827
vn 0.9096 -0.1473 -0.3885
vn 0.8139 -0.4967 0.3015
vn 0.9096 -0.2235 0.3502
vn 0.6180 -0.5733 0.5380
vn 0.7520 -0.1228 0.6476
vn 0.6031 -0.3404 0.7214
vn 0.6350 -0.0556 0.7705
vn 0.5274 -0.2358 0.8162
vn 0.5257 -0.0999 0.8448
vn 0.4671 -0.2105 0.8588
vn 0.4614 -0.1687 0.8710
vn 0.3592 -0.3755 0.8544
vn 0.3384 -0.2861 0.8965
vn 0.2658 -0.4631 0.8455
vn 0.2625 -0.4547 0.8511
vn 0.1451 -0.7401 0.6566
vn 0.0711 -0.6125 0.7872
vn 0.0154 -0.7912 0.6114
vn -0.0431 -0.7064 0.7065
vn -0.0632 -0.7868 0.6139
vn -0.1190 -0.7173 0.6865
vn -0.1275 -0.7725 0.6221
vn -0.1571 -0.7415 0.6523
vn -0.1623 -0.8423 0.5139
vn -0.2261 -0.7905 0.5691
vn -0.2147 -0.9085 0.3584
vn -0.3094 -0.8478 0.4306
vn -0.2603 -0.9550 0.1422
vn -0.3226 -0.9287 0.1829
vn -0.2492 -0.9607 -0.1223
vn -0.2308 -0.9639 -0.1331
vn -0.2141 -0.9589 -0.1860
vn -0.2629 -0.9513 -0.1611
vn -0.2767 -0.9534 -0.1204
vn -0.2740 -0.9540 -0.1215
vn -0.3046 -0.9518 -0.0360
vn -0.2579 -0.9648 -0.0510
vn -0.2353 -0.9658 -0.1094
vn -0.1475 -0.9805 -0.1302
vn -0.0720 -0.9518 -0.2982
vn 0.0656 -0.9467 -0.3152
vn 0.1398 -0.8742 -0.4651
vn 0.1767 -0.8674 -0.4653
vn 0.1981 -0.8388 -0.5070
vn 0.3146 -0.8095 -0.4958
vn 0.3494 -0.7478 -0.5645
vn 0.4100 -0.7284 -0.5490
vn 0.4101 -0.7281 -0.5492
vn 0.4001 -0.7311 -0.5526
vn 0.3713 -0.7865 -0.4935
vn 0.4599 -0.7617 -0.4564
vn 0.4438 -0.7899 -0.4232
vn 0.4896 -0.7753 -0.3990
vn 0.4810 -0.7893 -0.3817
vn 0.4885 -0.7868 -0.3772
vn 0.4935 -0.7787 -0.3873
vn 0.4908 -0.7796 -0.3891
vn 0.4789 -0.7981 -0.3656
vn 0.4504 -0.8056 -0.3850
vn 0.4590 -0.7924 -0.4017
vn 0.4725 -0.7893 -0.3922
vn 0.4753 -0.7849 -0.3976
vn 0.4850 -0.7825 -0.3903
vn 0.5117 -0.7368 -0.4420
vn 0.5420 -0.7287 -0.4186
vn 0.6096 -0.5262 -0.5929
vn 0.6879 -0.4965 -0.5293
vn 0.7114 -0.3160 -0.6277
vn 0.7281 -0.3077 -0.6126
vn 0.7286 -0.1990 -0.6555
vn 0.7847 -0.1645 -0.5976
vn 0.7775 -0.0747 -0.6245
vn 0.8477 -0.0188 -0.5301
vn 0.8220 0.1156 -0.5576
vn 0.8367 0.1302 -0.5319
vn 0.8144 0.2073 -0.5420
vn 0.8446 0.2412 -0.4779
vn 0.8086 0.3343 -0.4842
vn 0.8126 0.3395 -0.4737
vn 0.7923 0.3838 -0.4744
vn 0.8147 0.4147 -0.4054
vn 0.7950 0.4523 -0.4043
vn 0.8064 0.4699 -0.3590
vn 0.7698 0.5309 -0.3544
vn 0.7840 0.5564 -0.2751
vn 0.7153 0.6481 -0.2613
vn 0.7253 0.6710 -0.1539
vn 0.6771 0.7220 -0.1426
vn 0.6790 0.7276 -0.0981
vn 0.6148 0.7844 -0.0817
vn 0.6156 0.7858 -0.0589
vn 0.4944 0.8688 -0.0278
vn 0.4964 0.8679 0.0183
vn 0.3858 0.9213 0.0492
vn 0.3905 0.9125 0.1222
vn 0.3280 0.9342 0.1405
vn 0.3338 0.9200 0.2054
vn 0.5472 -0.6313 -0.5496
vn 0.5838 -0.6212 -0.5227
vn 0.2348 0.9430 0.2358
vn 0.2321 0.9487 0.2147
vn 0.1140 0.9609 0.2523
vn 0.1231 0.9443 0.3053
vn 0.0521 0.9426 0.3299
vn 0.0713 0.9048 0.4198
vn 0.0013 0.8950 0.4461
vn 0.0195 0.8556 0.5173
vn -0.0022 0.8504 0.5262
vn 0.0116 0.8205 0.5716
vn 0.0332 0.8268 0.5615
vn 0.0497 0.7925 0.6078
vn 0.1314 0.8167 0.5619
vn 0.2292 0.5664 0.7916
vn 0.3732 0.6129 0.6965
vn 0.4545 0.2963 0.8400
vn 0.5667 0.3370 0.7519
vn 0.5560 -0.1503 0.8175
vn 0.7574 -0.0728 0.6489
vn 0.6876 -0.3314 0.6460
vn 0.8563 -0.2433 0.4555
vn 0.7352 -0.5017 0.4558
vn 0.9840 -0.1617 -0.0753
vn 0.9235 -0.3777 -0.0674
vn 0.8007 -0.1754 -0.5728
vn 0.8010 -0.0522 -0.5963
vn 0.8206 -0.0683 -0.5675
vn 0.8149 0.0414 -0.5782
vn 0.9261 -0.1136 -0.3597
vn 0.9322 0.0636 -0.3563
vn 0.9046 -0.4143 0.1007
vn 0.9881 -0.0595 0.1421
vn 0.8677 -0.3627 0.3399
vn 0.9159 -0.0736 0.3946
vn 0.8424 -0.2519 0.4763
vn 0.8530 -0.0490 0.5197
vn 0.7869 -0.2207 0.5763
vn 0.7844 -0.1026 0.6117
vn 0.7348 -0.2331 0.6369
vn 0.7267 -0.1615 0.6677
vn 0.6710 -0.3177 0.6700
vn 0.6601 -0.2617 0.7041
vn 0.5964 -0.4427 0.6696
vn 0.5752 -0.3753 0.7269
vn 0.5119 -0.5642 0.6477
vn 0.4854 -0.5080 0.7115
vn 0.4454 -0.6383 0.6278
vn 0.3755 -0.5313 0.7594
vn 0.3445 -0.6672 0.6605
vn 0.2457 -0.5451 0.8016
vn 0.2264 -0.6892 0.6883
vn 0.1430 -0.6075 0.7814
vn 0.1329 -0.7554 0.6416
vn 0.1096 -0.7386 0.6652
vn 0.1113 -0.8170 0.5657
vn 0.1052 -0.8139 0.5714
vn 0.1211 -0.9240 0.3626
vn 0.1168 -0.9233 0.3660
vn 0.1584 -0.9859 0.0531
vn 0.0074 -0.9870 0.1608
vn 0.0378 -0.9993 -0.0065
vn 0.0395 -0.9992 -0.0075
vn 0.0239 -0.9978 0.0615
vn -0.1061 -0.9872 0.1195
vn -0.0893 -0.9942 0.0602
vn -0.0036 -0.9995 0.0316
vn 0.0138 -0.9997 -0.0217
vn 0.1501 -0.9868 -0.0601
vn 0.2038 -0.9563 -0.2097
vn 0.2801 -0.9340 -0.2218
vn 0.3242 -0.8812 -0.3440
vn 0.3113 -0.8859 -0.3438
vn 0.3523 -0.8136 -0.4625
vn 0.4596 -0.7650 -0.4511
vn 0.4707 -0.7356 -0.4871
vn 0.4627 -0.7394 -0.4891
vn 0.4619 -0.7417 -0.4864
vn 0.5003 -0.7252 -0.4730
vn 0.4846 -0.7646 -0.4250
vn 0.4845 -0.7646 -0.4251
vn 0.4800 -0.7744 -0.4123
vn 0.4915 -0.7701 -0.4065
vn 0.4834 -0.7863 -0.3848
vn 0.4700 -0.7907 -0.3922
vn 0.4769 -0.7775 -0.4100
vn 0.4341 -0.7889 -0.4350
vn 0.4276 -0.8009 -0.4192
vn 0.4421 -0.7976 -0.4103
vn 0.4496 -0.7842 -0.4277
vn 0.4361 -0.7870 -0.4364
vn 0.4440 -0.7722 -0.4545
vn 0.4583 -0.7694 -0.4451
vn 0.4854 -0.7121 -0.5073
vn 0.5199 -0.7044 -0.4833
vn 0.6084 -0.4695 -0.6398
vn 0.6992 -0.4318 -0.5699
vn 0.7121 -0.3020 -0.6338
vn 0.7567 -0.2769 -0.5922
vn 0.7557 -0.1543 -0.6365
vn 0.7996 -0.1235 -0.5878
vn 0.7846 0.0045 -0.6200
vn 0.8317 0.0459 -0.5534
vn 0.8107 0.1398 -0.5685
vn 0.8472 0.1792 -0.5001
vn 0.8255 0.2491 -0.5065
vn 0.8347 0.2605 -0.4852
vn 0.8023 0.3435 -0.4882
vn 0.8236 0.3734 -0.4270
vn 0.8010 0.4208 -0.4259
vn 0.8060 0.4284 -0.4086
vn 0.7759 0.4840 -0.4045
vn 0.8027 0.5318 -0.2699
vn 0.7888 0.5536 -0.2671
vn 0.7966 0.5756 -0.1847
vn 0.7181 0.6758 -0.1665
vn 0.7168 0.6713 -0.1885
vn 0.6369 0.7527 -0.1666
vn 0.6398 0.7627 -0.0944
vn 0.6009 0.7950 -0.0828
vn 0.6019 0.7977 -0.0360
vn 0.4848 0.8746 0.0003
vn 0.4853 0.8740 0.0220
vn 0.3523 0.9337 0.0644
vn 0.3552 0.9270 0.1204
vn 0.2915 0.9460 0.1418
vn 0.2936 0.9417 0.1646
vn 0.5347 -0.6045 -0.5904
vn 0.5830 -0.5905 -0.5581
vn 0.2168 0.9571 0.1925
vn 0.2244 0.9415 0.2516
vn 0.1152 0.9488 0.2941
vn 0.1231 0.9316 0.3420
vn 0.0389 0.9254 0.3769
vn 0.0482 0.9060 0.4206
vn -0.0302 0.8894 0.4561
vn -0.0204 0.8691 0.4941
vn -0.0456 0.8609 0.5068
vn -0.0318 0.8332 0.5521
vn -0.0143 0.8403 0.5420
vn 0.0265 0.7539 0.6565
vn 0.0411 0.7613 0.6471
vn 0.1039 0.6000 0.7932
vn 0.1861 0.6521 0.7350
vn 0.2380 0.5050 0.8296
vn 0.2463 0.5113 0.8233
vn 0.2963 0.1696 0.9399
vn 0.4619 0.3115 0.8305
vn 0.4673 -0.0931 0.8792
vn 0.6234 0.0378 0.7810
vn 0.5899 -0.2157 0.7782
vn 0.9400 0.1631 0.2995
vn 0.9360 -0.1998 0.2899
vn 0.8879 0.1981 -0.4152
vn 0.9153 0.0866 -0.3934
vn 0.8553 0.1418 -0.4984
vn 0.8084 0.2939 -0.5100
vn 0.9481 0.1272 -0.2913
vn 0.9047 0.3160 -0.2857
vn 0.9913 -0.0936 0.0921
vn 0.9950 -0.0082 0.0999
vn 0.9599 -0.1818 0.2134
vn 0.9655 0.0558 0.2545
vn 0.9309 -0.1255 0.3429
vn 0.9280 -0.0065 0.3725
vn 0.8938 -0.1515 0.4221
vn 0.8877 -0.0497 0.4576
vn 0.8569 -0.1776 0.4839
vn 0.8461 -0.0877 0.5257
vn 0.8068 -0.2497 0.5354
vn 0.7876 -0.1488 0.5980
vn 0.7418 -0.3387 0.5788
vn 0.7257 -0.2788 0.6290
vn 0.6836 -0.4422 0.5806
vn 0.6240 -0.2990 0.7220
vn 0.5968 -0.4499 0.6645
vn 0.5125 -0.3125 0.7998
vn 0.4982 -0.4544 0.7384
vn 0.4488 -0.3926 0.8027
vn 0.4431 -0.4962 0.7467
vn 0.4052 -0.4601 0.7900
vn 0.4024 -0.6274 0.6667
vn 0.3381 -0.5838 0.7382
vn 0.3451 -0.7196 0.6026
vn 0.3410 -0.7179 0.6069
vn 0.3486 -0.8360 0.4237
vn 0.3194 -0.8325 0.4528
vn 0.3335 -0.8983 0.2862
vn 0.3455 -0.8971 0.2754
vn 0.3579 -0.9240 0.1350
vn 0.2746 -0.9407 0.1993
vn 0.2535 -0.9123 0.3215
vn 0.3020 -0.9068 0.2940
vn 0.3132 -0.9168 0.2478
vn 0.3936 -0.8941 0.2136
vn 0.4151 -0.9000 0.1333
vn 0.4726 -0.8738 0.1145
vn 0.5109 -0.8590 -0.0331
vn 0.3978 -0.9174 -0.0116
vn 0.4530 -0.8647 -0.2171
vn 0.5263 -0.8216 -0.2189
vn 0.5554 -0.7519 -0.3553
vn 0.5260 -0.7711 -0.3587
vn 0.5362 -0.7373 -0.4109
vn 0.5236 -0.7448 -0.4137
vn 0.5288 -0.7258 -0.4399
vn 0.4941 -0.7435 -0.4506
vn 0.4875 -0.7648 -0.4213
vn 0.5025 -0.7581 -0.4157
vn 0.4979 -0.7706 -0.3980
vn 0.4929 -0.7726 -0.4002
vn 0.4844 -0.7920 -0.3716
vn 0.4683 -0.7978 -0.3797
vn 0.4699 -0.7946 -0.3845
vn 0.4187 -0.8095 -0.4115
vn 0.4262 -0.7943 -0.4330
vn 0.4061 -0.7988 -0.4439
vn 0.4145 -0.7813 -0.4666
vn 0.4301 -0.7782 -0.4577
vn 0.4370 -0.7634 -0.4756
vn 0.4659 -0.7571 -0.4579
vn 0.4920 -0.6957 -0.5233
vn 0.5059 -0.6924 -0.5145
vn 0.6778 -0.4250 -0.5999
vn 0.7301 -0.3967 -0.5564
vn 0.7412 -0.2715 -0.6139
vn 0.7952 -0.2338 -0.5594
vn 0.7928 -0.1211 -0.5973
vn 0.8318 -0.0868 -0.5483
vn 0.8129 0.0527 -0.5800
vn 0.8250 0.0654 -0.5614
vn 0.7915 0.1997 -0.5776
vn 0.8096 0.2216 -0.5436
vn 0.7907 0.2771 -0.5460
vn 0.8309 0.3343 -0.4447
vn 0.8123 0.3783 -0.4439
vn 0.8175 0.3872 -0.4264
vn 0.7957 0.4328 -0.4236
vn 0.8193 0.4830 -0.3091
vn 0.7839 0.5428 -0.3016
vn 0.7798 0.5324 -0.3292
vn 0.7187 0.6210 -0.3128
vn 0.7293 0.6560 -0.1947
vn 0.7155 0.6721 -0.1906
vn 0.7162 0.6761 -0.1732
vn 0.6107 0.7793 -0.1404
vn 0.6107 0.7855 -0.1004
vn 0.5701 0.8170 -0.0865
vn 0.5698 0.8210 -0.0360
vn 0.4703 0.8825 -0.0007
vn 0.4699 0.8819 0.0371
vn 0.3312 0.9397 0.0850
vn 0.3316 0.9375 0.1054
vn 0.2690 0.9545 0.1290
vn 0.2713 0.9481 0.1661
vn 0.5651 -0.5846 -0.5821
vn 0.6524 -0.5502 -0.5212
vn 0.1881 0.9615 0.2005
vn 0.1944 0.9453 0.2618
vn 0.0960 0.9475 0.3051
vn 0.1024 0.9315 0.3490
vn 0.0224 0.9217 0.3872
vn 0.0314 0.9004 0.4338
vn -0.0396 0.8813 0.4709
vn -0.0375 0.8766 0.4798
vn -0.0758 0.8614 0.5023
vn -0.0602 0.8281 0.5574
vn -0.0680 0.8240 0.5625
vn -0.0470 0.7781 0.6264
vn -0.0756 0.7587 0.6470
vn -0.0543 0.7084 0.7038
vn -0.0222 0.7348 0.6779
vn 0.0845 0.4851 0.8704
vn 0.0677 0.4666 0.8819
vn 0.0959 0.3548 0.9300
vn 0.1177 0.3821 0.9166
vn 0.1471 0.2471 0.9578
vn 0.1940 0.3103 0.9306
vn 0.2372 0.0909 0.9672
vn 0.5040 0.4871 0.7132
vn 0.6438 0.1467 0.7510
vn 0.5790 0.7968 0.1729
vn 0.8892 0.3629 0.2786
vn 0.7255 0.6855 -0.0612
vn 0.8822 0.4699 -0.0318
vn 0.8658 0.4962 -0.0655
vn 0.8596 0.5067 -0.0661
vn 0.9502 0.1113 0.2912
vn 0.9460 0.1392 0.2928
vn 0.9420 0.0908 0.3231
vn 0.9205 0.1986 0.3365
vn 0.9039 0.0119 0.4275
vn 0.8826 0.1274 0.4526
vn 0.8600 -0.0416 0.5087
vn 0.8475 0.0251 0.5301
vn 0.8293 -0.0874 0.5520
vn 0.8004 0.0322 0.5987
vn 0.7753 -0.1511 0.6132
vn 0.7459 -0.0519 0.6641
vn 0.7075 -0.2846 0.6469
vn 0.6279 -0.0760 0.7746
vn 0.6026 -0.3074 0.7364
vn 0.5694 -0.2407 0.7860
vn 0.5655 -0.2882 0.7727
vn 0.5140 -0.2104 0.8316
vn 0.5105 -0.3618 0.7800
vn 0.4715 -0.3129 0.8245
vn 0.4721 -0.4237 0.7730
vn 0.4248 -0.3768 0.8232
vn 0.4316 -0.5312 0.7291
vn 0.4430 -0.5398 0.7158
vn 0.4487 -0.6544 0.6087
vn 0.4801 -0.6676 0.5691
vn 0.4841 -0.7325 0.4785
vn 0.5046 -0.7351 0.4529
vn 0.5104 -0.7964 0.3244
vn 0.4642 -0.8016 0.3768
vn 0.4724 -0.8345 0.2836
vn 0.4406 -0.8412 0.3134
vn 0.4331 -0.8248 0.3635
vn 0.5063 -0.8049 0.3094
vn 0.5098 -0.8095 0.2911
vn 0.5153 -0.8072 0.2879
vn 0.5412 -0.8237 0.1690
vn 0.5150 -0.8380 0.1802
vn 0.5319 -0.8396 0.1105
vn 0.5954 -0.7981 0.0923
vn 0.6358 -0.7653 -0.1002
vn 0.5859 -0.8048 -0.0950
vn 0.6143 -0.7445 -0.2616
vn 0.5573 -0.7871 -0.2643
vn 0.5712 -0.7377 -0.3599
vn 0.5370 -0.7604 -0.3653
vn 0.5415 -0.7417 -0.3958
vn 0.5008 -0.7647 -0.4054
vn 0.5026 -0.7581 -0.4156
vn 0.5030 -0.7579 -0.4154
vn 0.4984 -0.7728 -0.3930
vn 0.4642 -0.7875 -0.4053
vn 0.4605 -0.7972 -0.3904
vn 0.3961 -0.8189 -0.4153
vn 0.4015 -0.8063 -0.4343
vn 0.3954 -0.8080 -0.4368
vn 0.4001 -0.7974 -0.4519
vn 0.4133 -0.7940 -0.4457
vn 0.4213 -0.7759 -0.4695
vn 0.4165 -0.7771 -0.4719
vn 0.4294 -0.7468 -0.5078
vn 0.4695 -0.7370 -0.4862
vn 0.4888 -0.6871 -0.5376
vn 0.5382 -0.6724 -0.5082
vn 0.6818 -0.3815 -0.6242
vn 0.7428 -0.3421 -0.5755
vn 0.7501 -0.2187 -0.6241
vn 0.8145 -0.1643 -0.5565
vn 0.8106 -0.0794 -0.5802
vn 0.8301 -0.0588 -0.5545
vn 0.8125 0.0698 -0.5788
vn 0.8261 0.0870 -0.5567
vn 0.7894 0.2284 -0.5699
vn 0.8012 0.2461 -0.5454
vn 0.7571 0.3613 -0.5442
vn 0.7807 0.4041 -0.4766
vn 0.7819 0.4016 -0.4768
vn 0.7907 0.4202 -0.4452
vn 0.7354 0.5208 -0.4334
vn 0.7475 0.5558 -0.3638
vn 0.7551 0.5440 -0.3660
vn 0.7659 0.5933 -0.2476
vn 0.7077 0.6683 -0.2291
vn 0.7080 0.6748 -0.2084
vn 0.6966 0.6877 -0.2044
vn 0.6959 0.7048 -0.1375
vn 0.6081 0.7869 -0.1044
vn 0.6072 0.7897 -0.0875
vn 0.5507 0.8321 -0.0654
vn 0.5483 0.8360 -0.0242
vn 0.4542 0.8908 0.0135
vn 0.4536 0.8909 0.0240
vn 0.3139 0.9461 0.0802
vn 0.3134 0.9448 0.0957
vn 0.2424 0.9620 0.1256
vn 0.2432 0.9526 0.1829
vn 0.6131 -0.5389 -0.5777
vn 0.6588 -0.5161 -0.5474
vn 0.1632 0.9620 0.2189
vn 0.1643 0.9570 0.2391
vn 0.0582 0.9552 0.2902
vn 0.0577 0.9567 0.2852
vn -0.0436 0.9401 0.3381
vn -0.0382 0.9264 0.3746
vn -0.0964 0.9079 0.4079
vn -0.0875 0.8864 0.4545
vn -0.1282 0.8675 0.4806
vn -0.1196 0.8473 0.5175
vn -0.1389 0.8356 0.5314
vn -0.1280 0.8103 0.5718
vn -0.1641 0.7825 0.6007
vn -0.1337 0.7074 0.6941
vn -0.1711 0.6682 0.7240
vn -0.1702 0.6665 0.7258
vn -0.2112 0.6145 0.7601
vn -0.1739 0.5099 0.8425
vn -0.1822 0.4962 0.8488
vn -0.1575 0.4324 0.8878
vn -0.1867 0.3740 0.9084
vn -0.1486 0.2946 0.9440
vn -0.0545 0.5563 0.8292
vn 0.0200 0.4545 0.8905
vn 0.0436 0.7807 0.6233
vn 0.3332 0.4886 0.8064
vn 0.3074 0.8583 0.4109
vn 0.5546 0.6508 0.5186
vn 0.5084 0.7929 0.3359
vn 0.7336 0.5424 0.4094
vn 0.7448 0.3184 0.5864
vn 0.7598 0.2780 0.5878
vn 0.7614 0.3078 0.5706
vn 0.7455 0.3441 0.5708
vn 0.7372 0.1778 0.6519
vn 0.7262 0.2079 0.6553
vn 0.7086 0.0372 0.7047
vn 0.6644 0.1561 0.7309
vn 0.6530 0.0240 0.7570
vn 0.6101 0.1295 0.7817
vn 0.5944 -0.0816 0.8000
vn 0.5621 -0.0063 0.8270
vn 0.5570 -0.0979 0.8247
vn 0.5313 -0.0470 0.8459
vn 0.5203 -0.2600 0.8134
vn 0.4684 -0.1657 0.8678
vn 0.4678 -0.2329 0.8526
vn 0.4567 -0.2166 0.8628
vn 0.4592 -0.3197 0.8288
vn 0.4663 -0.3288 0.8212
vn 0.4675 -0.3503 0.8116
vn 0.5039 -0.3880 0.7717
vn 0.5111 -0.4924 0.7045
vn 0.5483 -0.5232 0.6524
vn 0.5514 -0.6132 0.5656
vn 0.5683 -0.6216 0.5391
vn 0.5705 -0.6813 0.4587
vn 0.5623 -0.6796 0.4711
vn 0.5663 -0.7189 0.4030
vn 0.5586 -0.7191 0.4133
vn 0.5632 -0.7428 0.3620
vn 0.5204 -0.7497 0.4087
vn 0.5320 -0.7827 0.3231
vn 0.5293 -0.7835 0.3255
vn 0.5335 -0.7906 0.3005
vn 0.5264 -0.7935 0.3053
vn 0.5456 -0.8123 0.2062
vn 0.5423 -0.8140 0.2079
vn 0.5691 -0.8196 0.0656
vn 0.5496 -0.8322 0.0727
vn 0.5788 -0.8090 -0.1029
vn 0.5448 -0.8331 -0.0959
vn 0.5662 -0.7840 -0.2543
vn 0.5182 -0.8175 -0.2513
vn 0.5318 -0.7612 -0.3712
vn 0.5099 -0.7756 -0.3722
vn 0.5122 -0.7640 -0.3924
vn 0.4908 -0.7765 -0.3951
vn 0.4951 -0.7579 -0.4249
vn 0.4552 -0.7783 -0.4325
vn 0.4528 -0.7868 -0.4194
vn 0.4034 -0.8073 -0.4307
vn 0.3992 -0.8193 -0.4116
vn 0.3874 -0.8234 -0.4147
vn 0.3937 -0.8077 -0.4390
vn 0.3769 -0.8128 -0.4443
vn 0.3869 -0.7879 -0.4792
vn 0.3808 -0.7895 -0.4813
vn 0.3888 -0.7694 -0.5068
vn 0.4271 -0.7590 -0.4914
vn 0.4390 -0.7285 -0.5259
vn 0.4676 -0.7199 -0.5128
vn 0.4897 -0.6577 -0.5724
vn 0.5912 -0.6192 -0.5168
vn 0.7196 -0.3351 -0.6082
vn 0.7430 -0.3166 -0.5897
vn 0.7455 -0.1425 -0.6510
vn 0.7599 -0.1285 -0.6372
vn 0.7518 -0.0334 -0.6586
vn 0.7905 0.0118 -0.6123
vn 0.7743 0.1044 -0.6241
vn 0.8226 0.1778 -0.5401
vn 0.8033 0.2454 -0.5426
vn 0.8243 0.2889 -0.4869
vn 0.7768 0.4055 -0.4818
vn 0.7762 0.4038 -0.4842
vn 0.7636 0.4303 -0.4814
vn 0.7810 0.4866 -0.3914
vn 0.7374 0.5599 -0.3778
vn 0.7388 0.5680 -0.3626
vn 0.6979 0.6260 -0.3480
vn 0.7000 0.6541 -0.2865
vn 0.6642 0.6961 -0.2727
vn 0.6637 0.7068 -0.2447
vn 0.6331 0.7384 -0.2322
vn 0.6289 0.7611 -0.1588
vn 0.5745 0.8071 -0.1359
vn 0.5722 0.8125 -0.1114
vn 0.5077 0.8574 -0.0837
vn 0.5008 0.8653 -0.0216
vn 0.4404 0.8978 0.0049
vn 0.4383 0.8985 0.0241
vn 0.3047 0.9488 0.0836
vn 0.3049 0.9489 0.0816
vn 0.2029 0.9708 0.1282
vn 0.2016 0.9664 0.1598
vn 0.6028 -0.4995 -0.6222
vn 0.7060 -0.4368 -0.5575
vn 0.1305 0.9723 0.1940
vn 0.1307 0.9596 0.2491
vn 0.0585 0.9564 0.2863
vn 0.0604 0.9440 0.3244
vn -0.0359 0.9253 0.3775
vn -0.0371 0.9305 0.3645
vn -0.1204 0.9019 0.4149
vn -0.1194 0.8986 0.4222
vn -0.1720 0.8724 0.4576
vn -0.1681 0.8612 0.4796
vn -0.1950 0.8439 0.4999
vn -0.1840 0.8136 0.5515
vn -0.2383 0.7672 0.5955
vn -0.2379 0.7661 0.5971
vn -0.2832 0.7172 0.6367
vn -0.2735 0.6962 0.6637
vn -0.3363 0.6027 0.7237
vn -0.3521 0.6375 0.6852
vn -0.4004 0.5528 0.7308
vn -0.3783 0.5001 0.7789
vn -0.4164 0.4014 0.8157
vn -0.4040 0.3781 0.8330
vn -0.3551 0.5480 0.7574
vn -0.2270 0.3635 0.9035
vn -0.1951 0.5690 0.7988
vn -0.0586 0.4143 0.9082
vn -0.0290 0.7453 0.6661
vn 0.1431 0.5906 0.7942
vn 0.1451 0.7063 0.6928
vn 0.3723 0.4441 0.8150
vn 0.3721 0.4376 0.8185
vn 0.3856 0.4159 0.8236
vn 0.3867 0.4324 0.8146
vn 0.3943 0.4199 0.8174
vn 0.3819 0.2380 0.8930
vn 0.3779 0.2464 0.8925
vn 0.3682 0.1327 0.9202
vn 0.3778 0.1132 0.9189
vn 0.3770 0.1001 0.9208
vn 0.3886 0.0768 0.9182
vn 0.3828 -0.0467 0.9227
vn 0.3939 -0.0696 0.9165
vn 0.3933 -0.0911 0.9149
vn 0.4115 -0.1254 0.9027
vn 0.4111 -0.1891 0.8918
vn 0.4380 -0.2366 0.8673
vn 0.4378 -0.2262 0.8701
vn 0.4683 -0.2733 0.8403
vn 0.4704 -0.3263 0.8199
vn 0.4960 -0.3616 0.7894
vn 0.4978 -0.3924 0.7734
vn 0.5446 -0.4468 0.7098
vn 0.5482 -0.5233 0.6524
vn 0.5708 -0.5444 0.6147
vn 0.5730 -0.6175 0.5388
vn 0.5533 -0.6048 0.5728
vn 0.5573 -0.6841 0.4706
vn 0.5110 -0.6656 0.5439
vn 0.5199 -0.7530 0.4033
vn 0.5009 -0.7506 0.4308
vn 0.5034 -0.7650 0.4017
vn 0.4649 -0.7648 0.4460
vn 0.4814 -0.8241 0.2984
vn 0.4260 -0.8334 0.3521
vn 0.4402 -0.8642 0.2439
vn 0.4289 -0.8674 0.2524
vn 0.4466 -0.8859 0.1257
vn 0.3985 -0.9042 0.1536
vn 0.4257 -0.9037 -0.0463
vn 0.4398 -0.8965 -0.0525
vn 0.4547 -0.8705 -0.1883
vn 0.4621 -0.8661 -0.1906
vn 0.4730 -0.8289 -0.2988
vn 0.4863 -0.8203 -0.3011
vn 0.4942 -0.7776 -0.3888
vn 0.4574 -0.8010 -0.3863
vn 0.4617 -0.7775 -0.4270
vn 0.4269 -0.7971 -0.4270
vn 0.4312 -0.7769 -0.4588
vn 0.3893 -0.7974 -0.4611
vn 0.3872 -0.8054 -0.4488
vn 0.3352 -0.8258 -0.4536
vn 0.3388 -0.8149 -0.4703
vn 0.3487 -0.8115 -0.4690
vn 0.3503 -0.8071 -0.4753
vn 0.3532 -0.8061 -0.4747
vn 0.3614 -0.7845 -0.5040
vn 0.3847 -0.7771 -0.4981
vn 0.3947 -0.7502 -0.5305
vn 0.4098 -0.7453 -0.5259
vn 0.4236 -0.7069 -0.5664
vn 0.4927 -0.6816 -0.5410
vn 0.5176 -0.5980 -0.6120
vn 0.5881 -0.5652 -0.5785
vn 0.6890 -0.3004 -0.6596
vn 0.7522 -0.2428 -0.6126
vn 0.7515 -0.1260 -0.6476
vn 0.7844 -0.0872 -0.6140
vn 0.7736 0.0170 -0.6334
vn 0.7981 0.0529 -0.6002
vn 0.7668 0.1959 -0.6113
vn 0.7809 0.2229 -0.5835
vn 0.7504 0.3138 -0.5817
vn 0.7770 0.3843 -0.4985
vn 0.7669 0.4070 -0.4962
vn 0.7718 0.4244 -0.4736
vn 0.7288 0.5064 -0.4609
vn 0.7377 0.5758 -0.3525
vn 0.7443 0.5657 -0.3549
vn 0.7447 0.5729 -0.3424
vn 0.6788 0.6630 -0.3157
vn 0.6753 0.6955 -0.2457
vn 0.6659 0.7059 -0.2416
vn 0.6626 0.7203 -0.2052
vn 0.6122 0.7693 -0.1827
vn 0.6065 0.7826 -0.1402
vn 0.5653 0.8160 -0.1213
vn 0.5613 0.8221 -0.0958
vn 0.4763 0.8775 -0.0563
vn 0.4755 0.8782 -0.0519
vn 0.4067 0.9133 -0.0194
vn 0.4028 0.9153 0.0060
vn 0.2889 0.9555 0.0603
vn 0.2844 0.9543 0.0917
vn 0.1861 0.9726 0.1393
vn 0.1842 0.9701 0.1582
vn 0.6249 -0.4138 -0.6620
vn 0.6828 -0.3715 -0.6291
vn 0.0952 0.9745 0.2031
vn 0.0960 0.9774 0.1885
vn -0.0043 0.9701 0.2426
vn -0.0043 0.9714 0.2373
vn -0.0963 0.9520 0.2907
vn -0.0952 0.9422 0.3214
vn -0.1661 0.9157 0.3660
vn -0.1645 0.9076 0.3864
vn -0.2174 0.8797 0.4228
vn -0.2169 0.8779 0.4269
vn -0.2649 0.8456 0.4635
vn -0.2647 0.8450 0.4647
vn -0.3202 0.7978 0.5108
vn -0.3158 0.7833 0.5354
vn -0.3628 0.7314 0.5774
vn -0.3545 0.7059 0.6131
vn -0.3947 0.6485 0.6509
vn -0.3900 0.6379 0.6640
vn -0.4479 0.5228 0.7253
vn -0.4278 0.4834 0.7637
vn -0.4585 0.3916 0.7978
vn -0.4328 0.3492 0.8311
vn -0.4227 0.3942 0.8160
vn -0.3714 0.3228 0.8706
vn -0.3551 0.4322 0.8289
vn -0.2710 0.3337 0.9029
vn -0.2449 0.5913 0.7684
vn -0.0834 0.4212 0.9031
vn -0.0773 0.4990 0.8631
vn -0.0559 0.4721 0.8797
vn -0.0594 0.4444 0.8939
vn -0.0002 0.3585 0.9335
vn 0.0060 0.4211 0.9070
vn 0.0985 0.2725 0.9571
vn 0.0950 0.2283 0.9689
vn 0.1721 0.0783 0.9820
vn 0.1729 0.0874 0.9811
vn 0.1705 0.0921 0.9810
vn 0.1677 0.0340 0.9852
vn 0.2295 -0.0929 0.9689
vn 0.2287 -0.1118 0.9671
vn 0.2538 -0.1637 0.9533
vn 0.2535 -0.1793 0.9506
vn 0.3209 -0.3134 0.8937
vn 0.3215 -0.2868 0.9024
vn 0.3464 -0.3329 0.8770
vn 0.3464 -0.3377 0.8752
vn 0.4040 -0.4354 0.8045
vn 0.4038 -0.4187 0.8134
vn 0.4292 -0.4572 0.7790
vn 0.4308 -0.5268 0.7328
vn 0.4193 -0.5114 0.7501
vn 0.4232 -0.6541 0.6269
vn 0.4481 -0.6804 0.5799
vn 0.4481 -0.6887 0.5700
vn 0.4127 -0.6596 0.6282
vn 0.4181 -0.7393 0.5278
vn 0.3841 -0.7180 0.5805
vn 0.3934 -0.8298 0.3958
vn 0.3162 -0.8021 0.5066
vn 0.3266 -0.8646 0.3819
vn 0.2706 -0.8525 0.4472
vn 0.2886 -0.9196 0.2667
vn 0.2567 -0.9192 0.2986
vn 0.2725 -0.9522 0.1383
vn 0.2836 -0.9502 0.1290
vn 0.2904 -0.9548 0.0635
vn 0.3492 -0.9368 0.0243
vn 0.3634 -0.9237 -0.1215
vn 0.3554 -0.9273 -0.1173
vn 0.3699 -0.8868 -0.2770
vn 0.4190 -0.8584 -0.2960
vn 0.4242 -0.8298 -0.3625
vn 0.3910 -0.8498 -0.3535
vn 0.3993 -0.8028 -0.4429
vn 0.3814 -0.8132 -0.4397
vn 0.3846 -0.7951 -0.4690
vn 0.3617 -0.8073 -0.4664
vn 0.3645 -0.7944 -0.4859
vn 0.3219 -0.8141 -0.4833
vn 0.3194 -0.8230 -0.4697
vn 0.3228 -0.8217 -0.4698
vn 0.3275 -0.8070 -0.4914
vn 0.3141 -0.8120 -0.4919
vn 0.3191 -0.7977 -0.5117
vn 0.3224 -0.7966 -0.5114
vn 0.3341 -0.7630 -0.5534
vn 0.3720 -0.7495 -0.5477
vn 0.3767 -0.7357 -0.5629
vn 0.4458 -0.7083 -0.5474
vn 0.4575 -0.6717 -0.5826
vn 0.5214 -0.6416 -0.5626
vn 0.5443 -0.5525 -0.6312
vn 0.6083 -0.5151 -0.6039
vn 0.7035 -0.2286 -0.6729
vn 0.7630 -0.1627 -0.6255
vn 0.7591 -0.0797 -0.6460
vn 0.7969 -0.0260 -0.6035
vn 0.7861 0.0566 -0.6155
vn 0.8119 0.1035 -0.5745
vn 0.7837 0.2221 -0.5801
vn 0.7955 0.2513 -0.5514
vn 0.7411 0.3957 -0.5424
vn 0.7464 0.4155 -0.5198
vn 0.7367 0.4360 -0.5168
vn 0.7469 0.4861 -0.4537
vn 0.6794 0.5965 -0.4273
vn 0.6798 0.6056 -0.4137
vn 0.6873 0.5948 -0.4170
vn 0.6869 0.6435 -0.3377
vn 0.6264 0.7149 -0.3106
vn 0.6252 0.7218 -0.2969
vn 0.6021 0.7455 -0.2860
vn 0.5936 0.7744 -0.2190
vn 0.5604 0.8029 -0.2030
vn 0.5556 0.8130 -0.1742
vn 0.5172 0.8417 -0.1554
vn 0.5096 0.8527 -0.1151
vn 0.4502 0.8888 -0.0856
vn 0.4388 0.8981 -0.0307
vn 0.3927 0.9196 -0.0075
vn 0.3933 0.9193 -0.0108
vn 0.2581 0.9644 0.0579
vn 0.2552 0.9641 0.0735
vn 0.1569 0.9799 0.1235
vn 0.1594 0.9815 0.1061
vn 0.6476 -0.3617 -0.6707
vn 0.6999 -0.3158 -0.6406
vn 0.0688 0.9856 0.1543
vn 0.0666 0.9819 0.1772
vn -0.0155 0.9746 0.2234
vn -0.0157 0.9738 0.2267
vn -0.1211 0.9494 0.2897
vn -0.1208 0.9584 0.2585
vn -0.2185 0.9214 0.3213
vn -0.2188 0.9255 0.3092
vn -0.2803 0.8930 0.3521
vn -0.2794 0.8869 0.3679
vn -0.3214 0.8583 0.3999
vn -0.3164 0.8334 0.4531
vn -0.3596 0.7949 0.4887
vn -0.3539 0.7717 0.5284
vn -0.4000 0.7186 0.5689
vn -0.3913 0.6886 0.6105
vn -0.4203 0.6460 0.6372
vn -0.4035 0.5966 0.6938
vn -0.4560 0.4903 0.7428
vn -0.4443 0.4625 0.7672
vn -0.4797 0.3576 0.8012
vn -0.4768 0.3518 0.8055
vn -0.4815 0.3328 0.8108
vn -0.4642 0.3027 0.8324
vn -0.4580 0.3344 0.8237
vn -0.4271 0.2864 0.8577
vn -0.4057 0.4098 0.8170
vn -0.3531 0.3319 0.8747
vn -0.3315 0.4540 0.8270
vn -0.2346 0.3102 0.9213
vn -0.2305 0.3406 0.9115
vn -0.1166 0.1582 0.9805
vn -0.1064 0.2540 0.9613
vn -0.0543 0.1605 0.9855
vn -0.0642 0.0477 0.9968
vn -0.0289 -0.0219 0.9993
vn -0.0234 0.0587 0.9980
vn 0.0941 -0.1847 0.9783
vn 0.0975 -0.1230 0.9876
vn 0.1695 -0.2762 0.9460
vn 0.1734 -0.1867 0.9670
vn 0.1910 -0.2237 0.9558
vn 0.1873 -0.3598 0.9141
vn 0.2252 -0.4373 0.8707
vn 0.2265 -0.3834 0.8954
vn 0.2471 -0.4229 0.8718
vn 0.2459 -0.5125 0.8227
vn 0.2728 -0.5603 0.7821
vn 0.2730 -0.5430 0.7941
vn 0.2824 -0.5582 0.7802
vn 0.2828 -0.5917 0.7549
vn 0.2850 -0.5950 0.7515
vn 0.2850 -0.7734 0.5663
vn 0.2282 -0.7064 0.6700
vn 0.2298 -0.7702 0.5949
vn 0.1951 -0.7354 0.6489
vn 0.2018 -0.8255 0.5271
vn 0.1592 -0.7916 0.5900
vn 0.1694 -0.8815 0.4409
vn 0.1477 -0.8698 0.4707
vn 0.1547 -0.9102 0.3842
vn 0.1420 -0.9057 0.3994
vn 0.1574 -0.9596 0.2332
vn 0.1613 -0.9599 0.2292
vn 0.1778 -0.9828 0.0507
vn 0.1644 -0.9844 0.0626
vn 0.1807 -0.9772 -0.1119
vn 0.2203 -0.9653 -0.1405
vn 0.2279 -0.9472 -0.2256
vn 0.2759 -0.9272 -0.2532
vn 0.2885 -0.8660 -0.4084
vn 0.2867 -0.8669 -0.4077
vn 0.2897 -0.8489 -0.4420
vn 0.3029 -0.8420 -0.4465
vn 0.3089 -0.8071 -0.5032
vn 0.2900 -0.8170 -0.4984
vn 0.2938 -0.7976 -0.5268
vn 0.3125 -0.7881 -0.5304
vn 0.3070 -0.8116 -0.4970
vn 0.2682 -0.8287 -0.4912
vn 0.2735 -0.8113 -0.5168
vn 0.2702 -0.8126 -0.5164
vn 0.2737 -0.8018 -0.5312
vn 0.3055 -0.7894 -0.5325
vn 0.3047 -0.7919 -0.5293
vn 0.3555 -0.7714 -0.5279
vn 0.3638 -0.7472 -0.5562
vn 0.3968 -0.7328 -0.5528
vn 0.4081 -0.6980 -0.5884
vn 0.4595 -0.6733 -0.5792
vn 0.4723 -0.6282 -0.6183
vn 0.5590 -0.5785 -0.5940
vn 0.5742 -0.5058 -0.6438
vn 0.6347 -0.4629 -0.6188
vn 0.7261 -0.1524 -0.6705
vn 0.7682 -0.0989 -0.6326
vn 0.7616 -0.0156 -0.6478
vn 0.7803 0.0137 -0.6253
vn 0.7636 0.1183 -0.6348
vn 0.8078 0.2128 -0.5497
vn 0.7974 0.2507 -0.5489
vn 0.7977 0.2517 -0.5480
vn 0.7365 0.4185 -0.5315
vn 0.7459 0.4661 -0.4758
vn 0.7332 0.4907 -0.4707
vn 0.7370 0.5243 -0.4266
vn 0.6880 0.6029 -0.4039
vn 0.6877 0.6203 -0.3772
vn 0.6646 0.6516 -0.3657
vn 0.6551 0.7110 -0.2556
vn 0.6565 0.7094 -0.2563
vn 0.6551 0.7147 -0.2452
vn 0.5967 0.7732 -0.2149
vn 0.5918 0.7840 -0.1874
vn 0.5587 0.8117 -0.1701
vn 0.5646 0.8005 -0.2012
vn 0.4780 0.8645 -0.1553
vn 0.4715 0.8730 -0.1250
vn 0.3960 0.9143 -0.0851
vn 0.3876 0.9205 -0.0492
vn 0.3703 0.9280 -0.0399
vn 0.3635 0.9316 -0.0083
vn 0.2421 0.9686 0.0571
vn 0.2355 0.9679 0.0878
vn 0.1722 0.9775 0.1219
vn 0.1791 0.9804 0.0816
vn 0.6779 -0.3100 -0.6666
vn 0.7242 -0.2635 -0.6373
vn 0.0481 0.9868 0.1548
vn 0.0495 0.9884 0.1438
vn -0.0409 0.9797 0.1964
vn -0.0371 0.9879 0.1507
vn -0.1514 0.9633 0.2215
vn -0.1520 0.9602 0.2343
vn -0.2354 0.9279 0.2892
vn -0.2354 0.9285 0.2873
vn -0.3058 0.8905 0.3369
vn -0.3051 0.8812 0.3611
vn -0.3611 0.8408 0.4034
vn -0.3581 0.8207 0.4451
vn -0.4009 0.7805 0.4797
vn -0.3934 0.7457 0.5377
vn -0.4330 0.6971 0.5714
vn -0.4217 0.6569 0.6250
vn -0.4532 0.6070 0.6528
vn -0.4306 0.5421 0.7216
vn -0.4654 0.4665 0.7522
vn -0.4521 0.4350 0.7787
vn -0.4801 0.3522 0.8034
vn -0.4859 0.3645 0.7944
vn -0.5019 0.3046 0.8095
vn -0.4912 0.2849 0.8231
vn -0.4911 0.2851 0.8231
vn -0.4681 0.2458 0.8488
vn -0.4534 0.3247 0.8300
vn -0.3923 0.2240 0.8921
vn -0.3807 0.2972 0.8756
vn -0.2845 0.1406 0.9483
vn -0.2845 0.1408 0.9483
vn -0.2594 0.0985 0.9607
vn -0.2556 0.1356 0.9572
vn -0.1504 -0.0587 0.9869
vn -0.1491 -0.0397 0.9880
vn -0.0469 -0.2363 0.9706
vn -0.0457 -0.2129 0.9760
vn -0.0261 -0.2525 0.9673
vn -0.0291 -0.3208 0.9467
vn 0.0135 -0.4070 0.9133
vn 0.0172 -0.2760 0.9610
vn 0.1120 -0.4703 0.8754
vn 0.1118 -0.4760 0.8723
vn 0.1023 -0.4572 0.8834
vn 0.1019 -0.4781 0.8724
vn 0.1301 -0.5320 0.8367
vn 0.1288 -0.6178 0.7757
vn 0.1047 -0.5752 0.8113
vn 0.1044 -0.6346 0.7657
vn 0.0720 -0.5800 0.8114
vn 0.0735 -0.6890 0.7210
vn 0.0747 -0.6909 0.7191
vn 0.0766 -0.7688 0.6349
vn 0.0541 -0.7398 0.6707
vn 0.0569 -0.7946 0.6044
vn 0.0427 -0.7789 0.6257
vn 0.0476 -0.8378 0.5439
vn 0.0470 -0.8372 0.5448
vn 0.0565 -0.9044 0.4230
vn 0.0655 -0.9094 0.4106
vn 0.0703 -0.9318 0.3561
vn 0.0410 -0.9193 0.3913
vn 0.0644 -0.9847 0.1618
vn 0.1506 -0.9863 0.0678
vn 0.1521 -0.9869 0.0534
vn 0.1168 -0.9895 0.0849
vn 0.1479 -0.9693 -0.1964
vn 0.1775 -0.9597 -0.2180
vn 0.1887 -0.9275 -0.3227
vn 0.1897 -0.9271 -0.3233
vn 0.2056 -0.8585 -0.4698
vn 0.1966 -0.8629 -0.4656
vn 0.2035 -0.8271 -0.5239
vn 0.2543 -0.8009 -0.5421
vn 0.2524 -0.8105 -0.5286
vn 0.2793 -0.7966 -0.5361
vn 0.2825 -0.7822 -0.5553
vn 0.2414 -0.8023 -0.5459
vn 0.2359 -0.8216 -0.5189
vn 0.2426 -0.8188 -0.5203
vn 0.2466 -0.8066 -0.5372
vn 0.2647 -0.7991 -0.5398
vn 0.2709 -0.7802 -0.5639
vn 0.2839 -0.7747 -0.5650
vn 0.2908 -0.7539 -0.5891
vn 0.3514 -0.7272 -0.5897
vn 0.3533 -0.7212 -0.5959
vn 0.4213 -0.6881 -0.5908
vn 0.4283 -0.6651 -0.6117
vn 0.5193 -0.6133 -0.5952
vn 0.5301 -0.5714 -0.6265
vn 0.5990 -0.5242 -0.6053
vn 0.6122 -0.4572 -0.6452
vn 0.6665 -0.4126 -0.6209
vn 0.7288 -0.0885 -0.6790
vn 0.7500 -0.0601 -0.6587
vn 0.7423 0.0242 -0.6697
vn 0.7589 0.0512 -0.6492
vn 0.7192 0.2383 -0.6527
vn 0.7347 0.2736 -0.6207
vn 0.7357 0.2702 -0.6210
vn 0.7662 0.3565 -0.5346
vn 0.7149 0.4758 -0.5124
vn 0.7173 0.4888 -0.4965
vn 0.6896 0.5397 -0.4829
vn 0.6931 0.6182 -0.3707
vn 0.6930 0.6184 -0.3706
vn 0.6895 0.6555 -0.3081
vn 0.6367 0.7187 -0.2795
vn 0.6377 0.7145 -0.2878
vn 0.6268 0.7264 -0.2818
vn 0.6255 0.7316 -0.2710
vn 0.5564 0.7979 -0.2322
vn 0.5594 0.7900 -0.2510
vn 0.5352 0.8107 -0.2372
vn 0.5251 0.8314 -0.1819
vn 0.4567 0.8780 -0.1431
vn 0.4519 0.8837 -0.1217
vn 0.3671 0.9272 -0.0742
vn 0.3692 0.9256 -0.0830
vn 0.3232 0.9446 -0.0571
vn 0.3186 0.9472 -0.0367
vn 0.1914 0.9809 0.0350
vn 0.2050 0.9783 -0.0298
vn 0.1238 0.9922 0.0166
vn 0.1239 0.9922 0.0158
vn 0.6700 -0.2498 -0.6990
vn 0.7304 -0.1846 -0.6576
vn 0.0016 0.9962 0.0875
vn 0.0001 0.9952 0.0983
vn -0.0537 0.9899 0.1311
vn -0.0541 0.9893 0.1351
vn -0.1722 0.9622 0.2108
vn -0.1700 0.9695 0.1764
vn -0.2716 0.9307 0.2450
vn -0.2727 0.9144 0.2992
vn -0.3263 0.8831 0.3373
vn -0.3253 0.8665 0.3787
vn -0.3813 0.8233 0.4205
vn -0.3780 0.8005 0.4651
vn -0.4277 0.7505 0.5039
vn -0.4204 0.7170 0.5560
vn -0.4613 0.6630 0.5896
vn -0.4448 0.6080 0.6576
vn -0.4778 0.5500 0.6850
vn -0.4630 0.5094 0.7253
vn -0.4931 0.4407 0.7501
vn -0.4888 0.4305 0.7587
vn -0.5112 0.3666 0.7773
vn -0.5078 0.3594 0.7829
vn -0.5278 0.2860 0.7998
vn -0.5196 0.2703 0.8105
vn -0.5251 0.2444 0.8152
vn -0.5005 0.2005 0.8422
vn -0.4976 0.2175 0.8397
vn -0.4232 0.0933 0.9012
vn -0.4189 0.1292 0.8988
vn -0.3465 0.0122 0.9380
vn -0.3392 0.0898 0.9364
vn -0.2359 -0.0804 0.9684
vn -0.2353 -0.0696 0.9694
vn -0.1598 -0.1984 0.9670
vn -0.1618 -0.2539 0.9536
vn -0.1499 -0.2751 0.9497
vn -0.1499 -0.2752 0.9496
vn -0.0760 -0.4128 0.9076
vn -0.0762 -0.4256 0.9017
vn -0.0495 -0.4750 0.8786
vn -0.0499 -0.5117 0.8577
vn -0.0598 -0.4932 0.8679
vn -0.0600 -0.5059 0.8605
vn -0.0523 -0.5204 0.8523
vn -0.0523 -0.5889 0.8065
vn -0.0497 -0.5936 0.8033
vn -0.0495 -0.6212 0.7820
vn -0.0759 -0.5741 0.8153
vn -0.0755 -0.6243 0.7776
vn -0.0924 -0.5941 0.7991
vn -0.0884 -0.7387 0.6683
vn -0.0949 -0.7290 0.6779
vn -0.0919 -0.7804 0.6185
vn -0.1189 -0.7438 0.6578
vn -0.1129 -0.8223 0.5578
vn -0.1180 -0.8165 0.5651
vn -0.1098 -0.8797 0.4627
vn -0.1303 -0.8609 0.4918
vn -0.1125 -0.9465 0.3025
vn -0.0919 -0.9571 0.2749
vn -0.0949 -0.9489 0.3008
vn -0.0558 -0.9654 0.2546
vn -0.0194 -0.9985 -0.0519
vn -0.0553 -0.9984 -0.0141
vn -0.0515 -0.9977 -0.0433
vn 0.0077 -0.9954 -0.0959
vn 0.0386 -0.9461 -0.3216
vn 0.0590 -0.9401 -0.3358
vn 0.0699 -0.9089 -0.4111
vn 0.1488 -0.8780 -0.4550
vn 0.1550 -0.8546 -0.4956
vn 0.1898 -0.8384 -0.5109
vn 0.2012 -0.7890 -0.5805
vn 0.1917 -0.7938 -0.5772
vn 0.1957 -0.7769 -0.5984
vn 0.1998 -0.7749 -0.5996
vn 0.1957 -0.7905 -0.5804
vn 0.1813 -0.7967 -0.5765
vn 0.1796 -0.8020 -0.5697
vn 0.2040 -0.7921 -0.5752
vn 0.2070 -0.7831 -0.5864
vn 0.2526 -0.7639 -0.5939
vn 0.2520 -0.7657 -0.5918
vn 0.3084 -0.7405 -0.5971
vn 0.3158 -0.7174 -0.6210
vn 0.3939 -0.6776 -0.6210
vn 0.3929 -0.6810 -0.6179
vn 0.4642 -0.6408 -0.6115
vn 0.4745 -0.6029 -0.6414
vn 0.4931 -0.5913 -0.6381
vn 0.5131 -0.5034 -0.6953
vn 0.5998 -0.4401 -0.6683
vn 0.6060 -0.3983 -0.6885
vn 0.6617 -0.3499 -0.6631
vn 0.6943 -0.0462 -0.7182
vn 0.7341 0.0069 -0.6790
vn 0.7287 0.0590 -0.6823
vn 0.7679 0.1234 -0.6286
vn 0.7351 0.2735 -0.6204
vn 0.7385 0.2814 -0.6127
vn 0.7089 0.3730 -0.5986
vn 0.7306 0.4414 -0.5209
vn 0.7075 0.4918 -0.5076
vn 0.7192 0.5718 -0.3948
vn 0.6886 0.6199 -0.3762
vn 0.6885 0.6077 -0.3957
vn 0.6417 0.6734 -0.3671
vn 0.6403 0.6899 -0.3377
vn 0.6112 0.7240 -0.3198
vn 0.6121 0.7182 -0.3311
vn 0.5878 0.7447 -0.3160
vn 0.5817 0.7703 -0.2613
vn 0.5613 0.7894 -0.2487
vn 0.5555 0.8042 -0.2113
vn 0.5192 0.8335 -0.1890
vn 0.5187 0.8344 -0.1862
vn 0.4384 0.8882 -0.1377
vn 0.4298 0.8975 -0.0993
vn 0.3803 0.9222 -0.0699
vn 0.3926 0.9112 -0.1249
vn 0.2938 0.9536 -0.0655
vn 0.2892 0.9562 -0.0445
vn 0.2255 0.9742 -0.0064
vn 0.2332 0.9714 -0.0454
vn 0.1268 0.9917 0.0191
vn 0.1267 0.9917 0.0199
vn 0.6482 -0.1650 -0.7434
vn 0.6969 -0.1113 -0.7085
vn -0.0001 0.9952 0.0981
vn 0.0046 0.9979 0.0643
vn -0.0732 0.9908 0.1136
vn -0.0702 0.9940 0.0841
vn -0.1844 0.9697 0.1599
vn -0.1869 0.9621 0.1983
vn -0.2956 0.9152 0.2738
vn -0.2959 0.9083 0.2956
vn -0.3597 0.8682 0.3418
vn -0.3591 0.8583 0.3666
vn -0.4253 0.8036 0.4163
vn -0.4200 0.7695 0.4811
vn -0.4634 0.7212 0.5149
vn -0.4466 0.6530 0.6117
vn -0.4743 0.6117 0.6332
vn -0.4654 0.5838 0.6653
vn -0.5029 0.5140 0.6949
vn -0.4975 0.4993 0.7094
vn -0.5258 0.4337 0.7318
vn -0.5243 0.4301 0.7349
vn -0.5484 0.3612 0.7542
vn -0.5342 0.3311 0.7778
vn -0.5503 0.2705 0.7899
vn -0.5270 0.2267 0.8191
vn -0.5323 0.1997 0.8226
vn -0.4934 0.1324 0.8597
vn -0.4994 0.0895 0.8617
vn -0.4356 -0.0120 0.9001
vn -0.4341 0.0055 0.9008
vn -0.3579 -0.1110 0.9271
vn -0.3570 -0.0921 0.9296
vn -0.2800 -0.2096 0.9369
vn -0.2800 -0.2127 0.9361
vn -0.2460 -0.2668 0.9318
vn -0.2463 -0.2877 0.9255
vn -0.1952 -0.3729 0.9071
vn -0.1947 -0.4308 0.8812
vn -0.2116 -0.4017 0.8910
vn -0.2109 -0.5014 0.8391
vn -0.2432 -0.4430 0.8629
vn -0.2424 -0.5249 0.8159
vn -0.2374 -0.5338 0.8116
vn -0.2369 -0.5579 0.7954
vn -0.2502 -0.5332 0.8081
vn -0.2480 -0.6356 0.7311
vn -0.3025 -0.5354 0.7886
vn -0.3015 -0.6119 0.7312
vn -0.2988 -0.6167 0.7283
vn -0.2985 -0.6280 0.7187
vn -0.2922 -0.6391 0.7115
vn -0.2839 -0.7566 0.5891
vn -0.2829 -0.7664 0.5767
vn -0.2718 -0.7812 0.5620
vn -0.2643 -0.8341 0.4842
vn -0.2495 -0.8497 0.4645
vn -0.2448 -0.8734 0.4210
vn -0.2123 -0.9010 0.3783
vn -0.1898 -0.9595 0.2082
vn -0.1439 -0.9779 0.1515
vn -0.1495 -0.9705 0.1892
vn -0.1389 -0.9743 0.1774
vn -0.1046 -0.9933 -0.0496
vn -0.0490 -0.9935 -0.1026
vn -0.0438 -0.9900 -0.1339
vn 0.0061 -0.9846 -0.1748
vn 0.0357 -0.9353 -0.3522
vn 0.0559 -0.9291 -0.3655
vn 0.0806 -0.8612 -0.5018
vn 0.0640 -0.8676 -0.4931
vn 0.0816 -0.8082 -0.5833
vn 0.1276 -0.7879 -0.6024
vn 0.1308 -0.7757 -0.6174
vn 0.1520 -0.7660 -0.6246
vn 0.1534 -0.7608 -0.6306
vn 0.1412 -0.7661 -0.6270
vn 0.1361 -0.7827 -0.6074
vn 0.1426 -0.7801 -0.6091
vn 0.1447 -0.7736 -0.6170
vn 0.2145 -0.7446 -0.6321
vn 0.2121 -0.7521 -0.6240
vn 0.2528 -0.7341 -0.6302
vn 0.2555 -0.7259 -0.6386
vn 0.3125 -0.6988 -0.6435
vn 0.3241 -0.6592 -0.6785
vn 0.3489 -0.6463 -0.6787
vn 0.3576 -0.6140 -0.7037
vn 0.4444 -0.5638 -0.6961
vn 0.4408 -0.5788 -0.6861
vn 0.5363 -0.5161 -0.6679
vn 0.5524 -0.4289 -0.7147
vn 0.5950 -0.3952 -0.6999
vn 0.6023 -0.3362 -0.7240
vn 0.6414 -0.3010 -0.7057
vn 0.6801 0.0194 -0.7328
vn 0.6986 0.0437 -0.7142
vn 0.6859 0.1439 -0.7133
vn 0.7375 0.2292 -0.6353
vn 0.7239 0.2853 -0.6281
vn 0.7506 0.3468 -0.5624
vn 0.7138 0.4464 -0.5397
vn 0.7264 0.4936 -0.4783
vn 0.6768 0.5865 -0.4450
vn 0.6748 0.5732 -0.4649
vn 0.6452 0.6213 -0.4446
vn 0.6477 0.6615 -0.3781
vn 0.6211 0.6963 -0.3598
vn 0.6214 0.6823 -0.3851
vn 0.5856 0.7260 -0.3605
vn 0.5825 0.7531 -0.3059
vn 0.5576 0.7782 -0.2890
vn 0.5572 0.7798 -0.2854
vn 0.5156 0.8173 -0.2574
vn 0.5112 0.8293 -0.2258
vn 0.4943 0.8424 -0.2146
vn 0.4941 0.8429 -0.2131
vn 0.3896 0.9094 -0.1454
vn 0.3979 0.8979 -0.1881
vn 0.3584 0.9192 -0.1628
vn 0.3576 0.9203 -0.1585
vn 0.2486 0.9645 -0.0896
vn 0.2494 0.9638 -0.0941
vn 0.2111 0.9750 -0.0698
vn 0.2135 0.9733 -0.0838
vn 0.0986 0.9951 -0.0108
vn 0.1081 0.9915 -0.0719
vn 0.6740 -0.0908 -0.7331
vn 0.6859 -0.1088 -0.7196
vn -0.0485 0.9988 0.0063
vn -0.0192 0.9998 0.0098
vn -0.1063 0.9933 0.0446
vn -0.1088 0.9915 0.0709
vn -0.2285 0.9614 0.1531
vn -0.2282 0.9621 0.1494
vn -0.3501 0.9064 0.2364
vn -0.3505 0.8911 0.2882
vn -0.3990 0.8577 0.3243
vn -0.3957 0.8282 0.3968
vn -0.4572 0.7706 0.4439
vn -0.4539 0.7533 0.4760
vn -0.5303 0.6578 0.5349
vn -0.5291 0.6531 0.5418
vn -0.5696 0.5888 0.5735
vn -0.5572 0.5500 0.6221
vn -0.5806 0.5029 0.6403
vn -0.5666 0.4661 0.6795
vn -0.5806 0.4316 0.6904
vn -0.5477 0.3575 0.7565
vn -0.5557 0.3315 0.7624
vn -0.5247 0.2707 0.8071
vn -0.5351 0.2267 0.8138
vn -0.4962 0.1591 0.8535
vn -0.5008 0.1322 0.8554
vn -0.4656 0.0762 0.8817
vn -0.4750 -0.0135 0.8799
vn -0.4125 -0.1038 0.9050
vn -0.4130 -0.1145 0.9035
vn -0.3863 -0.1527 0.9096
vn -0.3877 -0.2184 0.8955
vn -0.3805 -0.2289 0.8960
vn -0.3770 -0.2784 0.8834
vn -0.3806 -0.2844 0.8799
vn -0.3752 -0.3896 0.8411
vn -0.4027 -0.3438 0.8483
vn -0.4014 -0.4143 0.8168
vn -0.4296 -0.3624 0.8271
vn -0.4277 -0.4552 0.7809
vn -0.4172 -0.4746 0.7750
vn -0.4133 -0.5463 0.7285
vn -0.4471 -0.4844 0.7519
vn -0.4441 -0.5523 0.7055
vn -0.4524 -0.5369 0.7121
vn -0.4522 -0.5428 0.7077
vn -0.4511 -0.5448 0.7069
vn -0.4475 -0.6200 0.6445
vn -0.4762 -0.5663 0.6727
vn -0.4723 -0.6403 0.6058
vn -0.4247 -0.7162 0.5538
vn -0.4186 -0.7543 0.5058
vn -0.4411 -0.7229 0.5319
vn -0.4323 -0.7774 0.4570
vn -0.3684 -0.8481 0.3807
vn -0.3691 -0.8458 0.3852
vn -0.3612 -0.8535 0.3757
vn -0.3470 -0.8938 0.2842
vn -0.2391 -0.9580 0.1581
vn -0.2261 -0.9697 0.0930
vn -0.2220 -0.9710 0.0886
vn -0.2269 -0.9671 0.1153
vn -0.1730 -0.9831 0.0596
vn -0.1312 -0.9781 -0.1613
vn -0.1081 -0.9774 -0.1815
vn -0.0625 -0.9727 -0.2237
vn -0.0828 -0.9504 -0.2997
vn -0.0206 -0.9086 -0.4171
vn 0.0152 -0.8986 -0.4386
vn 0.0327 -0.8577 -0.5132
vn 0.0625 -0.8472 -0.5276
vn 0.0876 -0.7741 -0.6269
vn 0.0817 -0.7766 -0.6247
vn 0.0914 -0.7447 -0.6611
vn 0.0816 -0.7488 -0.6578
vn 0.0828 -0.7451 -0.6618
vn 0.1037 -0.7367 -0.6682
vn 0.0950 -0.7637 -0.6386
vn 0.1338 -0.7486 -0.6493
vn 0.1428 -0.7209 -0.6782
vn 0.1960 -0.6979 -0.6889
vn 0.1906 -0.7152 -0.6724
vn 0.2450 -0.6906 -0.6805
vn 0.2480 -0.6807 -0.6893
vn 0.3028 -0.6537 -0.6936
vn 0.3080 -0.6350 -0.7084
vn 0.3713 -0.6006 -0.7081
vn 0.3838 -0.5485 -0.7429
vn 0.4235 -0.5243 -0.7388
vn 0.4303 -0.4913 -0.7573
vn 0.5148 -0.4336 -0.7395
vn 0.5231 -0.3790 -0.7634
vn 0.5961 -0.3203 -0.7363
vn 0.5990 -0.2916 -0.7457
vn 0.6719 -0.2228 -0.7063
vn 0.6311 0.0579 -0.7735
vn 0.7358 0.2048 -0.6455
vn 0.7305 0.2311 -0.6426
vn 0.7219 0.2163 -0.6574
vn 0.6848 0.3646 -0.6310
vn 0.7136 0.4285 -0.5542
vn 0.6808 0.5071 -0.5285
vn 0.6727 0.4826 -0.5609
vn 0.6208 0.5870 -0.5197
vn 0.6263 0.6096 -0.4861
vn 0.5797 0.6799 -0.4491
vn 0.5786 0.6721 -0.4621
vn 0.5599 0.6974 -0.4474
vn 0.5622 0.7286 -0.3913
vn 0.5271 0.7678 -0.3642
vn 0.5265 0.7791 -0.3403
vn 0.5143 0.7911 -0.3311
vn 0.5130 0.8008 -0.3092
vn 0.4658 0.8412 -0.2746
vn 0.4627 0.8517 -0.2461
vn 0.4635 0.8511 -0.2467
vn 0.4621 0.8549 -0.2358
vn 0.3963 0.8983 -0.1897
vn 0.3931 0.9035 -0.1706
vn 0.3645 0.9189 -0.1511
vn 0.3740 0.9039 -0.2077
vn 0.2320 0.9662 -0.1126
vn 0.2402 0.9574 -0.1602
vn 0.1796 0.9764 -0.1197
vn 0.1840 0.9716 -0.1489
vn 0.0929 0.9918 -0.0878
vn 0.0944 0.9906 -0.0989
vn 0.6029 -0.0760 -0.7942
vn 0.6374 -0.0393 -0.7695
vn -0.0374 0.9993 -0.0093
vn -0.0346 0.9988 -0.0347
vn -0.1395 0.9895 0.0384
vn -0.1387 0.9899 0.0293
vn -0.2594 0.9588 0.1158
vn -0.2604 0.9560 0.1351
vn -0.3979 0.8863 0.2371
vn -0.3979 0.8864 0.2364
vn -0.4842 0.8208 0.3030
vn -0.4822 0.8041 0.3479
vn -0.5362 0.7481 0.3909
vn -0.5261 0.7036 0.4777
vn -0.5634 0.6517 0.5078
vn -0.5579 0.6326 0.5372
vn -0.6064 0.5485 0.5757
vn -0.5984 0.5258 0.6046
vn -0.6260 0.4647 0.6262
vn -0.6088 0.4224 0.6715
vn -0.6315 0.3566 0.6885
vn -0.6104 0.3121 0.7280
vn -0.6214 0.2697 0.7356
vn -0.5836 0.1996 0.7871
vn -0.5912 0.1579 0.7909
vn -0.5462 0.0839 0.8334
vn -0.5474 0.0747 0.8335
vn -0.5201 0.0318 0.8535
vn -0.5295 -0.1077 0.8414
vn -0.5119 -0.1328 0.8487
vn -0.5124 -0.1586 0.8440
vn -0.5358 -0.1232 0.8353
vn -0.5368 -0.2358 0.8101
vn -0.5192 -0.2624 0.8134
vn -0.5185 -0.2893 0.8047
vn -0.5432 -0.2480 0.8022
vn -0.5410 -0.3445 0.7672
vn -0.5556 -0.3184 0.7681
vn -0.5544 -0.3600 0.7504
vn -0.5553 -0.3583 0.7505
vn -0.5488 -0.4702 0.6912
vn -0.5749 -0.4208 0.7017
vn -0.5714 -0.4785 0.6668
vn -0.5861 -0.4493 0.6743
vn -0.5801 -0.5306 0.6180
vn -0.6258 -0.4363 0.6465
vn -0.6212 -0.5275 0.5795
vn -0.6074 -0.5541 0.5693
vn -0.6079 -0.5483 0.5743
vn -0.5862 -0.5896 0.5556
vn -0.5690 -0.6936 0.4418
vn -0.5566 -0.7108 0.4301
vn -0.5588 -0.7013 0.4427
vn -0.5303 -0.7402 0.4134
vn -0.5022 -0.8201 0.2743
vn -0.4583 -0.8587 0.2294
vn -0.4721 -0.8314 0.2931
vn -0.3971 -0.8928 0.2127
vn -0.3617 -0.9300 0.0650
vn -0.3535 -0.9337 0.0567
vn -0.3404 -0.9403 0.0029
vn -0.3171 -0.9482 -0.0201
vn -0.3122 -0.9491 -0.0407
vn -0.1979 -0.9696 -0.1439
vn -0.1762 -0.9575 -0.2285
vn -0.1452 -0.9565 -0.2530
vn -0.1257 -0.9363 -0.3281
vn -0.0643 -0.9270 -0.3695
vn -0.0367 -0.8811 -0.4716
vn -0.0164 -0.8756 -0.4828
vn 0.0059 -0.8271 -0.5621
vn 0.0126 -0.8248 -0.5652
vn 0.0376 -0.7594 -0.6495
vn 0.0143 -0.7680 -0.6403
vn 0.0285 -0.7270 -0.6860
vn 0.0255 -0.7281 -0.6850
vn 0.0322 -0.7078 -0.7057
vn 0.0387 -0.7054 -0.7078
vn 0.0367 -0.7114 -0.7019
vn 0.1329 -0.6732 -0.7274
vn 0.1321 -0.6758 -0.7252
vn 0.1664 -0.6607 -0.7320
vn 0.1650 -0.6653 -0.7281
vn 0.2384 -0.6306 -0.7386
vn 0.2371 -0.6351 -0.7351
vn 0.2585 -0.6244 -0.7371
vn 0.2715 -0.5737 -0.7727
vn 0.3379 -0.5369 -0.7731
vn 0.3448 -0.5043 -0.7917
vn 0.4169 -0.4594 -0.7843
vn 0.4247 -0.4131 -0.8056
vn 0.4856 -0.3699 -0.7920
vn 0.4938 -0.2984 -0.8167
vn 0.5133 -0.2830 -0.8102
vn 0.5197 -0.1907 -0.8328
vn 0.6031 -0.1143 -0.7894
vn 0.6097 0.2302 -0.7584
vn 0.5993 0.2161 -0.7708
vn 0.5944 0.2421 -0.7669
vn 0.6290 0.2943 -0.7195
vn 0.5789 0.4581 -0.6746
vn 0.5828 0.4657 -0.6659
vn 0.5679 0.5022 -0.6521
vn 0.5941 0.5637 -0.5738
vn 0.5622 0.6227 -0.5442
vn 0.5648 0.6307 -0.5322
vn 0.5328 0.6805 -0.5030
vn 0.5413 0.7185 -0.4367
vn 0.5274 0.7361 -0.4243
vn 0.5281 0.7408 -0.4151
vn 0.4863 0.7874 -0.3790
vn 0.4865 0.8089 -0.3302
vn 0.4895 0.8060 -0.3327
vn 0.4891 0.8115 -0.3198
vn 0.4340 0.8578 -0.2753
vn 0.4356 0.8496 -0.2974
vn 0.4165 0.8641 -0.2826
vn 0.4164 0.8647 -0.2811
vn 0.3412 0.9129 -0.2243
vn 0.3476 0.8953 -0.2785
vn 0.3228 0.9100 -0.2603
vn 0.3224 0.9110 -0.2571
vn 0.2186 0.9587 -0.1821
vn 0.2246 0.9478 -0.2262
vn 0.1560 0.9717 -0.1772
vn 0.1604 0.9639 -0.2127
vn 0.0558 0.9889 -0.1379
vn 0.0560 0.9886 -0.1401
vn 0.5268 -0.0180 -0.8498
vn 0.6293 0.0908 -0.7719
vn -0.0574 0.9967 -0.0579
vn -0.0588 0.9974 -0.0420
vn -0.1457 0.9891 0.0221
vn -0.1445 0.9895 0.0042
vn -0.2846 0.9523 0.1098
vn -0.2847 0.9520 0.1126
vn -0.4167 0.8830 0.2160
vn -0.4166 0.8801 0.2278
vn -0.5174 0.7978 0.3094
vn -0.5182 0.8038 0.2922
vn -0.6192 0.6889 0.3769
vn -0.6112 0.6584 0.4393
vn -0.6335 0.6233 0.4585
vn -0.6235 0.5914 0.5114
vn -0.6599 0.5196 0.5427
vn -0.6524 0.4992 0.5702
vn -0.6851 0.4161 0.5979
vn -0.6599 0.3594 0.6598
vn -0.6741 0.3082 0.6713
vn -0.6529 0.2662 0.7091
vn -0.6671 0.1960 0.7187
vn -0.6281 0.1286 0.7674
vn -0.6338 0.0813 0.7692
vn -0.6046 0.0352 0.7957
vn -0.6051 0.0299 0.7956
vn -0.6062 0.0316 0.7947
vn -0.6133 -0.1349 0.7782
vn -0.6189 -0.1267 0.7752
vn -0.6189 -0.1243 0.7756
vn -0.6088 -0.1406 0.7808
vn -0.6061 -0.2621 0.7510
vn -0.6409 -0.2055 0.7396
vn -0.6401 -0.2461 0.7278
vn -0.6359 -0.2536 0.7289
vn -0.6336 -0.3139 0.7072
vn -0.6554 -0.2716 0.7048
vn -0.6526 -0.3492 0.6725
vn -0.6742 -0.3033 0.6734
vn -0.6687 -0.4078 0.6217
vn -0.6880 -0.3673 0.6259
vn -0.6834 -0.4333 0.5876
vn -0.6973 -0.4032 0.5926
vn -0.6963 -0.4211 0.5812
vn -0.6986 -0.4158 0.5823
vn -0.6875 -0.5332 0.4930
vn -0.6640 -0.5749 0.4781
vn -0.6652 -0.5679 0.4847
vn -0.6570 -0.5826 0.4785
vn -0.6329 -0.6856 0.3597
vn -0.6037 -0.7231 0.3357
vn -0.6065 -0.7151 0.3476
vn -0.5452 -0.7855 0.2928
vn -0.5143 -0.8383 0.1810
vn -0.4894 -0.8575 0.1588
vn -0.4847 -0.8630 0.1422
vn -0.4092 -0.9096 0.0725
vn -0.3950 -0.9184 0.0247
vn -0.3516 -0.9361 -0.0145
vn -0.3442 -0.9380 -0.0399
vn -0.2670 -0.9577 -0.1077
vn -0.2461 -0.9528 -0.1776
vn -0.1966 -0.9562 -0.2170
vn -0.1791 -0.9445 -0.2754
vn -0.1512 -0.9432 -0.2957
vn -0.1185 -0.9072 -0.4037
vn -0.0795 -0.9004 -0.4278
vn -0.0552 -0.8608 -0.5059
vn -0.0647 -0.8632 -0.5008
vn -0.0359 -0.8052 -0.5920
vn -0.0529 -0.8101 -0.5839
vn -0.0275 -0.7497 -0.6612
vn -0.0509 -0.7570 -0.6514
vn -0.0305 -0.7027 -0.7108
vn -0.0165 -0.6979 -0.7160
vn -0.0115 -0.6832 -0.7302
vn 0.0432 -0.6627 -0.7476
vn 0.0503 -0.6403 -0.7665
vn 0.0674 -0.6332 -0.7710
vn 0.0699 -0.6249 -0.7776
vn 0.1164 -0.6045 -0.7880
vn 0.1200 -0.5913 -0.7975
vn 0.1537 -0.5754 -0.8033
vn 0.1496 -0.5912 -0.7925
vn 0.2163 -0.5581 -0.8011
vn 0.2279 -0.5064 -0.8316
vn 0.2788 -0.4777 -0.8331
vn 0.2879 -0.4272 -0.8571
vn 0.3422 -0.3932 -0.8534
vn 0.3496 -0.3393 -0.8733
vn 0.3577 -0.3338 -0.8721
vn 0.3660 -0.2511 -0.8961
vn 0.4809 -0.1619 -0.8617
vn 0.4822 -0.0908 -0.8713
vn 0.5276 -0.0493 -0.8481
vn 0.5333 0.2259 -0.8152
vn 0.5444 0.2396 -0.8039
vn 0.5307 0.3091 -0.7892
vn 0.5689 0.3638 -0.7375
vn 0.5355 0.4722 -0.7003
vn 0.5525 0.5016 -0.6657
vn 0.5213 0.5749 -0.6307
vn 0.4869 0.6413 -0.5930
vn 0.5107 0.7006 -0.4984
vn 0.4920 0.7273 -0.4785
vn 0.4879 0.7145 -0.5015
vn 0.4602 0.7513 -0.4730
vn 0.4694 0.7917 -0.3910
vn 0.4454 0.8164 -0.3675
vn 0.4441 0.8055 -0.3924
vn 0.4276 0.8216 -0.3769
vn 0.4278 0.8245 -0.3704
vn 0.3919 0.8555 -0.3384
vn 0.3920 0.8518 -0.3474
vn 0.3682 0.8703 -0.3270
vn 0.3680 0.8720 -0.3228
vn 0.3321 0.8965 -0.2933
vn 0.3329 0.8928 -0.3036
vn 0.3008 0.9122 -0.2781
vn 0.3059 0.8906 -0.3367
vn 0.1971 0.9473 -0.2527
vn 0.2037 0.9249 -0.3210
vn 0.1167 0.9600 -0.2547
vn 0.1213 0.9451 -0.3036
vn -0.0092 0.9791 -0.2032
vn -0.0113 0.9840 -0.1775
vn 0.4609 0.1189 -0.8795
vn 0.5370 0.2010 -0.8193
vn -0.1139 0.9888 -0.0961
vn -0.1082 0.9781 -0.1776
vn -0.2295 0.9699 -0.0812
vn -0.2309 0.9715 -0.0542
vn -0.3504 0.9356 0.0443
vn -0.3509 0.9336 0.0730
vn -0.4674 0.8669 0.1731
vn -0.4660 0.8568 0.2206
vn -0.5310 0.8005 0.2779
vn -0.5311 0.8010 0.2762
vn -0.6560 0.6472 0.3883
vn -0.6584 0.6555 0.3699
vn -0.7070 0.5723 0.4155
vn -0.7048 0.5651 0.4289
vn -0.7432 0.4806 0.4654
vn -0.7292 0.4428 0.5217
vn -0.7599 0.3438 0.5517
vn -0.7419 0.3049 0.5972
vn -0.7525 0.2546 0.6074
vn -0.7143 0.1829 0.6756
vn -0.7216 0.1215 0.6816
vn -0.7022 0.0892 0.7064
vn -0.7062 0.0303 0.7074
vn -0.7015 0.0227 0.7123
vn -0.7012 0.0284 0.7124
vn -0.6900 0.0092 0.7237
vn -0.6926 -0.1271 0.7101
vn -0.7139 -0.0922 0.6942
vn -0.7136 -0.1389 0.6867
vn -0.7279 -0.1129 0.6763
vn -0.7262 -0.2007 0.6575
vn -0.7455 -0.1637 0.6461
vn -0.7425 -0.2455 0.6232
vn -0.7598 -0.2104 0.6152
vn -0.7578 -0.2579 0.5994
vn -0.7677 -0.2355 0.5959
vn -0.7656 -0.2857 0.5764
vn -0.7736 -0.2662 0.5750
vn -0.7690 -0.3466 0.5372
vn -0.7887 -0.2981 0.5376
vn -0.7833 -0.3761 0.4950
vn -0.7938 -0.3504 0.4971
vn -0.7914 -0.3823 0.4770
vn -0.7687 -0.4352 0.4687
vn -0.7495 -0.5404 0.3825
vn -0.7664 -0.5093 0.3914
vn -0.7612 -0.5347 0.3670
vn -0.6800 -0.6624 0.3142
vn -0.6667 -0.6939 0.2721
vn -0.6539 -0.7094 0.2629
vn -0.6362 -0.7433 0.2067
vn -0.5241 -0.8427 0.1233
vn -0.5255 -0.8412 0.1273
vn -0.4950 -0.8627 0.1035
vn -0.4675 -0.8836 0.0249
vn -0.3728 -0.9266 -0.0491
vn -0.3781 -0.9251 -0.0345
vn -0.3362 -0.9393 -0.0679
vn -0.3115 -0.9400 -0.1392
vn -0.2423 -0.9510 -0.1923
vn -0.2267 -0.9447 -0.2371
vn -0.2240 -0.9448 -0.2391
vn -0.1958 -0.9256 -0.3239
vn -0.1226 -0.9199 -0.3724
vn -0.0995 -0.8926 -0.4397
vn -0.1096 -0.8944 -0.4337
vn -0.0838 -0.8553 -0.5112
vn -0.1487 -0.8676 -0.4745
vn -0.1042 -0.7864 -0.6088
vn -0.1324 -0.7931 -0.5946
vn -0.1043 -0.7310 -0.6744
vn -0.1099 -0.7325 -0.6718
vn -0.0835 -0.6651 -0.7421
vn -0.1026 -0.6710 -0.7343
vn -0.0794 -0.6045 -0.7926
vn -0.0548 -0.5958 -0.8013
vn -0.0502 -0.5809 -0.8124
vn -0.0194 -0.5690 -0.8221
vn -0.0144 -0.5514 -0.8341
vn 0.0003 -0.5453 -0.8383
vn 0.0067 -0.5204 -0.8539
vn 0.0293 -0.5103 -0.8595
vn 0.0324 -0.4968 -0.8672
vn 0.0830 -0.4724 -0.8775
vn 0.0927 -0.4220 -0.9018
vn 0.1944 -0.3654 -0.9103
vn 0.1958 -0.3556 -0.9139
vn 0.2631 -0.3136 -0.9124
vn 0.2633 -0.3124 -0.9128
vn 0.3647 -0.2416 -0.8993
vn 0.3707 -0.1408 -0.9180
vn 0.4064 -0.1119 -0.9068
vn 0.4068 -0.0288 -0.9131
vn 0.4672 0.0264 -0.8838
vn 0.3962 0.2542 -0.8823
vn 0.4370 0.3018 -0.8473
vn 0.4210 0.3780 -0.8245
vn 0.4643 0.4360 -0.7709
vn 0.4398 0.5130 -0.7372
vn 0.4172 0.4788 -0.7725
vn 0.3769 0.5836 -0.7193
vn 0.4109 0.6418 -0.6475
vn 0.3713 0.7128 -0.5950
vn 0.3639 0.6982 -0.6166
vn 0.3480 0.7232 -0.5965
vn 0.3748 0.7835 -0.4956
vn 0.3584 0.8032 -0.4759
vn 0.3647 0.8207 -0.4398
vn 0.3729 0.8120 -0.4490
vn 0.3778 0.8308 -0.4086
vn 0.3798 0.8289 -0.4107
vn 0.3809 0.8354 -0.3963
vn 0.3599 0.8542 -0.3754
vn 0.3577 0.8288 -0.4304
vn 0.3035 0.8739 -0.3796
vn 0.3030 0.8459 -0.4389
vn 0.2416 0.8912 -0.3838
vn 0.2422 0.8763 -0.4165
vn 0.2290 0.8851 -0.4052
vn 0.2283 0.8944 -0.3847
vn 0.1789 0.9220 -0.3434
vn 0.1803 0.9113 -0.3700
vn 0.1108 0.9432 -0.3133
vn 0.1185 0.8899 -0.4404
vn -0.1008 0.9603 -0.2599
vn -0.0992 0.9517 -0.2905
vn 0.4053 0.2173 -0.8880
vn 0.4018 0.2136 -0.8905
vn -0.1663 0.9582 -0.2329
vn -0.1652 0.9530 -0.2540
vn -0.3073 0.9426 -0.1304
vn -0.3072 0.9420 -0.1353
vn -0.4362 0.8997 -0.0167
vn -0.4364 0.8994 0.0254
vn -0.5468 0.8268 0.1319
vn -0.5475 0.8332 0.0777
vn -0.6299 0.7605 0.1573
vn -0.6300 0.7618 0.1508
vn -0.7399 0.6197 0.2619
vn -0.7412 0.6268 0.2403
vn -0.7964 0.5255 0.2992
vn -0.7889 0.4978 0.3603
vn -0.8203 0.4120 0.3967
vn -0.8047 0.3711 0.4633
vn -0.8248 0.2833 0.4893
vn -0.8110 0.2536 0.5273
vn -0.8229 0.1630 0.5443
vn -0.8133 0.1446 0.5636
vn -0.8179 0.0744 0.5706
vn -0.8068 0.0544 0.5883
vn -0.8077 0.0138 0.5895
vn -0.8063 0.0113 0.5914
vn -0.8064 0.0047 0.5913
vn -0.8081 0.0081 0.5890
vn -0.8085 -0.0913 0.5814
vn -0.8387 -0.0278 0.5438
vn -0.8387 -0.1063 0.5341
vn -0.8519 -0.0754 0.5182
vn -0.8504 -0.1492 0.5046
vn -0.8613 -0.1220 0.4932
vn -0.8582 -0.1933 0.4755
vn -0.8666 -0.1717 0.4685
vn -0.8644 -0.2110 0.4563
vn -0.8605 -0.2215 0.4588
vn -0.8593 -0.2382 0.4525
vn -0.8457 -0.2745 0.4576
vn -0.8457 -0.2753 0.4572
vn -0.8248 -0.3290 0.4598
vn -0.8240 -0.3366 0.4557
vn -0.8264 -0.3305 0.4559
vn -0.8165 -0.4111 0.4053
vn -0.7753 -0.4935 0.3941
vn -0.7724 -0.5060 0.3839
vn -0.7441 -0.5547 0.3723
vn -0.7118 -0.6450 0.2781
vn -0.6923 -0.6701 0.2678
vn -0.6801 -0.6944 0.2351
vn -0.5835 -0.7924 0.1778
vn -0.5494 -0.8296 0.0994
vn -0.5571 -0.8238 0.1043
vn -0.5406 -0.8389 0.0637
vn -0.4560 -0.8900 0.0068
vn -0.4165 -0.9052 -0.0839
vn -0.4360 -0.8972 -0.0704
vn -0.4139 -0.9017 -0.1252
vn -0.3574 -0.9191 -0.1657
vn -0.3238 -0.9131 -0.2477
vn -0.2746 -0.9195 -0.2814
vn -0.2779 -0.9210 -0.2731
vn -0.2917 -0.9195 -0.2634
vn -0.2278 -0.8716 -0.4341
vn -0.2490 -0.8725 -0.4205
vn -0.2211 -0.8411 -0.4936
vn -0.2536 -0.8434 -0.4736
vn -0.2382 -0.8224 -0.5166
vn -0.2171 -0.8202 -0.5292
vn -0.1853 -0.7653 -0.6164
vn -0.2283 -0.7725 -0.5925
vn -0.1883 -0.6898 -0.6991
vn -0.1947 -0.6913 -0.6959
vn -0.1710 -0.6338 -0.7544
vn -0.1582 -0.6302 -0.7601
vn -0.1315 -0.5559 -0.8208
vn -0.1365 -0.5576 -0.8188
vn -0.1239 -0.5181 -0.8463
vn -0.1219 -0.5173 -0.8471
vn -0.1151 -0.4935 -0.8621
vn -0.0874 -0.4822 -0.8717
vn -0.0830 -0.4646 -0.8816
vn -0.0437 -0.4470 -0.8935
vn -0.0397 -0.4285 -0.9027
vn 0.0226 -0.3973 -0.9174
vn 0.0365 -0.3176 -0.9475
vn 0.0797 -0.2927 -0.9529
vn 0.0831 -0.2676 -0.9599
vn 0.1482 -0.2265 -0.9627
vn 0.1510 -0.1972 -0.9687
vn 0.2149 -0.1524 -0.9647
vn 0.2182 -0.0799 -0.9726
vn 0.2909 -0.0220 -0.9565
vn 0.2901 0.0520 -0.9556
vn 0.4107 0.1603 -0.8976
vn 0.2055 0.3090 -0.9286
vn 0.2558 0.3653 -0.8951
vn 0.2407 0.4389 -0.8657
vn 0.2321 0.4279 -0.8735
vn 0.2195 0.4758 -0.8518
vn 0.2685 0.5436 -0.7953
vn 0.2325 0.6394 -0.7329
vn 0.2748 0.7014 -0.6577
vn 0.2774 0.6964 -0.6619
vn 0.3102 0.7492 -0.5852
vn 0.2868 0.7852 -0.5488
vn 0.2983 0.8052 -0.5124
vn 0.2844 0.8226 -0.4924
vn 0.2911 0.8361 -0.4650
vn 0.2935 0.8334 -0.4683
vn 0.2954 0.8381 -0.4586
vn 0.2965 0.8371 -0.4598
vn 0.2906 0.8178 -0.4967
vn 0.2826 0.8260 -0.4877
vn 0.2806 0.8166 -0.5045
vn 0.2540 0.8413 -0.4771
vn 0.2476 0.7936 -0.5558
vn 0.1653 0.8637 -0.4761
vn 0.1628 0.8303 -0.5330
vn 0.1076 0.8700 -0.4811
vn 0.1067 0.8437 -0.5261
vn 0.0505 0.8784 -0.4752
vn 0.0509 0.8180 -0.5729
vn 0.0036 0.8459 -0.5334
vn 0.0030 0.8652 -0.5014
vn -0.1672 0.9223 -0.3483
vn -0.1655 0.8921 -0.4204
vn 0.1828 0.2256 -0.9569
vn 0.2126 0.2555 -0.9431
vn -0.2559 0.9062 -0.3367
vn -0.2564 0.9120 -0.3202
vn -0.3763 0.9039 -0.2034
vn -0.3767 0.9097 -0.1746
vn -0.5020 0.8637 -0.0445
vn -0.5019 0.8607 -0.0848
vn -0.5975 0.8017 0.0168
vn -0.5975 0.8012 0.0324
vn -0.6640 0.7403 0.1053
vn -0.6630 0.7356 0.1389
vn -0.7452 0.6243 0.2344
vn -0.7461 0.6279 0.2214
vn -0.8192 0.4806 0.3128
vn -0.8227 0.4922 0.2843
vn -0.8722 0.3381 0.3536
vn -0.8688 0.3289 0.3701
vn -0.8872 0.2238 0.4034
vn -0.8752 0.1970 0.4419
vn -0.8808 0.1250 0.4567
vn -0.8797 0.1228 0.4594
vn -0.8819 0.0388 0.4699
vn -0.8990 0.0757 0.4313
vn -0.8997 -0.0003 0.4365
vn -0.8994 -0.0008 0.4370
vn -0.8995 0.0027 0.4370
vn -0.9032 0.0123 0.4291
vn -0.9035 -0.0254 0.4279
vn -0.9139 0.0056 0.4058
vn -0.9142 -0.0672 0.3996
vn -0.9243 -0.0349 0.3800
vn -0.9231 -0.1077 0.3692
vn -0.9339 -0.0707 0.3505
vn -0.9307 -0.1503 0.3336
vn -0.9371 -0.1279 0.3247
vn -0.9326 -0.1901 0.3068
vn -0.9240 -0.2172 0.3148
vn -0.9218 -0.2349 0.3082
vn -0.8966 -0.3046 0.3215
vn -0.8994 -0.2871 0.3296
vn -0.8495 -0.4038 0.3395
vn -0.8672 -0.3070 0.3922
vn -0.8351 -0.3844 0.3934
vn -0.8159 -0.4698 0.3371
vn -0.7864 -0.5214 0.3314
vn -0.7831 -0.5314 0.3230
vn -0.7315 -0.6091 0.3066
vn -0.7072 -0.6611 0.2507
vn -0.6748 -0.6990 0.2367
vn -0.6266 -0.7677 0.1339
vn -0.6020 -0.7892 0.1216
vn -0.5822 -0.8090 0.0806
vn -0.4917 -0.8702 0.0317
vn -0.4725 -0.8813 -0.0071
vn -0.4806 -0.8769 -0.0024
vn -0.4457 -0.8917 -0.0780
vn -0.3980 -0.9111 -0.1073
vn -0.3678 -0.9137 -0.1730
vn -0.3897 -0.9071 -0.1589
vn -0.3218 -0.8940 -0.3119
vn -0.3753 -0.8845 -0.2773
vn -0.3637 -0.8800 -0.3056
vn -0.3470 -0.8827 -0.3170
vn -0.2950 -0.8458 -0.4446
vn -0.3621 -0.8416 -0.4006
vn -0.3216 -0.8017 -0.5039
vn -0.3221 -0.8017 -0.5036
vn -0.2990 -0.7716 -0.5615
vn -0.2747 -0.7699 -0.5760
vn -0.2636 -0.7518 -0.6044
vn -0.2400 -0.7488 -0.6178
vn -0.2072 -0.6841 -0.6994
vn -0.2143 -0.6856 -0.6958
vn -0.1841 -0.6158 -0.7661
vn -0.1759 -0.6135 -0.7698
vn -0.1520 -0.5494 -0.8216
vn -0.1579 -0.5514 -0.8192
vn -0.1432 -0.5067 -0.8501
vn -0.1916 -0.5241 -0.8298
vn -0.1686 -0.4446 -0.8797
vn -0.1585 -0.4404 -0.8837
vn -0.1492 -0.4034 -0.9028
vn -0.0854 -0.3738 -0.9236
vn -0.0826 -0.3606 -0.9291
vn -0.0043 -0.3194 -0.9476
vn 0.0042 -0.2707 -0.9627
vn 0.0502 -0.2432 -0.9687
vn 0.0553 -0.2044 -0.9773
vn 0.1119 -0.1670 -0.9796
vn 0.1149 -0.1338 -0.9843
vn 0.1944 -0.0757 -0.9780
vn 0.1972 -0.0091 -0.9803
vn 0.2204 0.0100 -0.9753
vn 0.2162 0.1822 -0.9592
vn 0.1882 0.1567 -0.9695
vn 0.0689 0.3586 -0.9309
vn 0.0721 0.3622 -0.9293
vn 0.0638 0.4130 -0.9085
vn 0.0891 0.4441 -0.8915
vn 0.0707 0.5243 -0.8486
vn 0.1558 0.6317 -0.7594
vn 0.1345 0.6907 -0.7105
vn 0.1208 0.6724 -0.7303
vn 0.0949 0.7301 -0.6767
vn 0.1018 0.7402 -0.6646
vn 0.0765 0.7840 -0.6161
vn 0.1047 0.8256 -0.5544
vn 0.1087 0.8202 -0.5617
vn 0.1187 0.8364 -0.5352
vn 0.1301 0.8226 -0.5535
vn 0.1265 0.8155 -0.5647
vn 0.1413 0.7983 -0.5855
vn 0.1302 0.7702 -0.6244
vn 0.1157 0.7868 -0.6063
vn 0.1054 0.7531 -0.6495
vn 0.1030 0.7556 -0.6469
vn 0.1038 0.7587 -0.6431
vn 0.0618 0.7988 -0.5984
vn 0.0533 0.7477 -0.6618
vn -0.0076 0.7991 -0.6012
vn -0.0146 0.7365 -0.6763
vn -0.0528 0.7659 -0.6408
vn -0.0533 0.7583 -0.6498
vn -0.1199 0.7998 -0.5881
vn -0.1192 0.8173 -0.5638
vn -0.2212 0.8581 -0.4634
vn -0.2213 0.8530 -0.4727
vn 0.0768 0.2557 -0.9637
vn 0.0795 0.2584 -0.9628
vn -0.3180 0.8716 -0.3731
vn -0.3177 0.8844 -0.3419
vn -0.4264 0.8768 -0.2221
vn -0.4266 0.8728 -0.2371
vn -0.5315 0.8390 -0.1170
vn -0.5314 0.8392 -0.1154
vn -0.6256 0.7801 -0.0024
vn -0.6257 0.7801 -0.0048
vn -0.7001 0.7086 0.0884
vn -0.6997 0.7077 0.0980
vn -0.7673 0.6127 0.1893
vn -0.7662 0.6099 0.2023
vn -0.8223 0.4925 0.2850
vn -0.8231 0.4945 0.2793
vn -0.8718 0.3271 0.3646
vn -0.8800 0.3467 0.3247
vn -0.9053 0.1816 0.3841
vn -0.9160 0.2063 0.3440
vn -0.9231 0.1045 0.3700
vn -0.9340 0.1318 0.3322
vn -0.9365 0.0630 0.3448
vn -0.9446 0.0860 0.3169
vn -0.9446 -0.0106 0.3280
vn -0.9530 0.0134 0.3028
vn -0.9529 0.0070 0.3031
vn -0.9569 0.0214 0.2895
vn -0.9571 0.0077 0.2897
vn -0.9590 0.0158 0.2830
vn -0.9593 -0.0276 0.2812
vn -0.9651 -0.0001 0.2619
vn -0.9649 -0.0591 0.2559
vn -0.9643 -0.0616 0.2574
vn -0.9619 -0.1143 0.2482
vn -0.9555 -0.1397 0.2600
vn -0.9487 -0.2005 0.2443
vn -0.9458 -0.2102 0.2477
vn -0.9345 -0.2758 0.2248
vn -0.9233 -0.3060 0.2320
vn -0.9106 -0.3570 0.2085
vn -0.8688 -0.4438 0.2194
vn -0.8990 -0.3382 0.2783
vn -0.7647 -0.5778 0.2853
vn -0.7891 -0.5197 0.3276
vn -0.7659 -0.5548 0.3250
vn -0.7467 -0.5998 0.2876
vn -0.6803 -0.6806 0.2720
vn -0.6662 -0.7040 0.2460
vn -0.6213 -0.7488 0.2309
vn -0.5754 -0.8044 0.1478
vn -0.5209 -0.8443 0.1256
vn -0.4760 -0.8783 0.0456
vn -0.4792 -0.8764 0.0471
vn -0.4614 -0.8871 0.0132
vn -0.4153 -0.9096 -0.0104
vn -0.3747 -0.9227 -0.0902
vn -0.4258 -0.9027 -0.0622
vn -0.3827 -0.9109 -0.1541
vn -0.3986 -0.9056 -0.1448
vn -0.3460 -0.9016 -0.2595
vn -0.3565 -0.8993 -0.2532
vn -0.3322 -0.8912 -0.3088
vn -0.3898 -0.8798 -0.2721
vn -0.3420 -0.8544 -0.3911
vn -0.2887 -0.8587 -0.4234
vn -0.2650 -0.8364 -0.4798
vn -0.2499 -0.8360 -0.4884
vn -0.2214 -0.8008 -0.5565
vn -0.2560 -0.8036 -0.5373
vn -0.2251 -0.7573 -0.6131
vn -0.2209 -0.7567 -0.6153
vn -0.1895 -0.6992 -0.6894
vn -0.1733 -0.6957 -0.6972
vn -0.1433 -0.6305 -0.7629
vn -0.1282 -0.6261 -0.7692
vn -0.1083 -0.5756 -0.8105
vn -0.1345 -0.5845 -0.8002
vn -0.1245 -0.5556 -0.8221
vn -0.1575 -0.5674 -0.8082
vn -0.1237 -0.4556 -0.8815
vn -0.1262 -0.4567 -0.8806
vn -0.1031 -0.3671 -0.9245
vn -0.0561 -0.3436 -0.9374
vn -0.0478 -0.3056 -0.9510
vn -0.0088 -0.2839 -0.9588
vn 0.0008 -0.2303 -0.9731
vn -0.0060 -0.2345 -0.9721
vn 0.0063 -0.1450 -0.9894
vn 0.0052 -0.1458 -0.9893
vn 0.0145 -0.0479 -0.9987
vn 0.0542 -0.0185 -0.9984
vn 0.0565 0.0267 -0.9980
vn 0.0793 0.0453 -0.9958
vn 0.0794 0.1620 -0.9836
vn 0.0815 0.1638 -0.9831
vn -0.0211 0.3528 -0.9355
vn -0.0399 0.3323 -0.9423
vn -0.0506 0.4232 -0.9046
vn 0.0134 0.4983 -0.8669
vn -0.0074 0.6090 -0.7931
vn -0.0370 0.5728 -0.8188
vn -0.0537 0.6364 -0.7695
vn -0.0594 0.6286 -0.7755
vn -0.0836 0.6971 -0.7121
vn -0.0355 0.7618 -0.6468
vn -0.0506 0.7929 -0.6073
vn -0.0656 0.7720 -0.6322
vn -0.0766 0.7907 -0.6074
vn -0.1125 0.7307 -0.6733
vn -0.1204 0.7430 -0.6584
vn -0.1095 0.7640 -0.6359
vn -0.0683 0.7064 -0.7045
vn -0.0721 0.6972 -0.7132
vn -0.0653 0.6880 -0.7227
vn -0.0716 0.6694 -0.7394
vn -0.0807 0.6808 -0.7280
vn -0.0851 0.6654 -0.7417
vn -0.0936 0.6749 -0.7319
vn -0.0937 0.6744 -0.7324
vn -0.1044 0.6851 -0.7209
vn -0.1017 0.7006 -0.7062
vn -0.1207 0.7170 -0.6865
vn -0.1188 0.7307 -0.6723
vn -0.1839 0.7756 -0.6038
vn -0.1829 0.7835 -0.5938
vn -0.2648 0.8226 -0.5032
vn -0.2653 0.8179 -0.5105
vn -0.0012 0.2547 -0.9670
vn -0.0142 0.2419 -0.9702
vn -0.3728 0.8440 -0.3857
vn -0.3727 0.8445 -0.3847
vn -0.4639 0.8433 -0.2714
vn -0.4659 0.8252 -0.3193
vn -0.5815 0.7957 -0.1694
vn -0.5714 0.8195 -0.0434
vn -0.6104 0.7920 0.0134
vn -0.6051 0.7934 0.0660
vn -0.6603 0.7362 0.1486
vn -0.6661 0.7405 0.0894
vn -0.7536 0.6192 0.2206
vn -0.7597 0.6289 0.1655
vn -0.8265 0.4920 0.2736
vn -0.8270 0.4933 0.2696
vn -0.8672 0.3553 0.3489
vn -0.8765 0.3759 0.3009
vn -0.9038 0.2140 0.3706
vn -0.9202 0.2520 0.2995
vn -0.9315 0.1332 0.3384
vn -0.9439 0.1667 0.2850
vn -0.9484 0.0842 0.3057
vn -0.9518 0.0944 0.2917
vn -0.9520 0.0137 0.3057
vn -0.9675 0.0650 0.2445
vn -0.9680 0.0195 0.2500
vn -0.9734 0.0431 0.2250
vn -0.9738 0.0163 0.2268
vn -0.9761 0.0284 0.2155
vn -0.9764 0.0029 0.2158
vn -0.9771 0.0068 0.2128
vn -0.9762 -0.0557 0.2094
vn -0.9644 -0.1062 0.2423
vn -0.9617 -0.1357 0.2383
vn -0.9320 -0.2249 0.2842
vn -0.9329 -0.2196 0.2854
vn -0.9171 -0.2606 0.3017
vn -0.9037 -0.3215 0.2828
vn -0.8630 -0.4021 0.3059
vn -0.8406 -0.4652 0.2774
vn -0.8126 -0.5088 0.2843
vn -0.7867 -0.5644 0.2503
vn -0.7520 -0.6091 0.2521
vn -0.7843 -0.5434 0.2992
vn -0.6616 -0.6912 0.2908
vn -0.6625 -0.6898 0.2921
vn -0.6159 -0.7350 0.2836
vn -0.5975 -0.7604 0.2545
vn -0.5301 -0.8144 0.2362
vn -0.4822 -0.8613 0.1600
vn -0.5005 -0.8497 0.1661
vn -0.4457 -0.8920 0.0748
vn -0.4725 -0.8772 0.0852
vn -0.4172 -0.9087 -0.0118
vn -0.4416 -0.8972 -0.0012
vn -0.4138 -0.9088 -0.0536
vn -0.3964 -0.9160 -0.0620
vn -0.3655 -0.9226 -0.1232
vn -0.3410 -0.9302 -0.1357
vn -0.2997 -0.9283 -0.2201
vn -0.3055 -0.9271 -0.2171
vn -0.3014 -0.9263 -0.2261
vn -0.2446 -0.9349 -0.2572
vn -0.1910 -0.9068 -0.3758
vn -0.1949 -0.9068 -0.3738
vn -0.1611 -0.8786 -0.4495
vn -0.1859 -0.8800 -0.4371
vn -0.1588 -0.8512 -0.5002
vn -0.1601 -0.8513 -0.4996
vn -0.1240 -0.8029 -0.5831
vn -0.1174 -0.8017 -0.5861
vn -0.0797 -0.7384 -0.6696
vn -0.0816 -0.7389 -0.6689
vn -0.0445 -0.6623 -0.7479
vn -0.1159 -0.6838 -0.7204
vn -0.0832 -0.6068 -0.7905
vn -0.0654 -0.6006 -0.7969
vn -0.0667 -0.6041 -0.7941
vn -0.0126 -0.5832 -0.8122
vn 0.0126 -0.5054 -0.8628
vn 0.0275 -0.4983 -0.8666
vn 0.0609 -0.3792 -0.9233
vn 0.0458 -0.3874 -0.9208
vn 0.0651 -0.3034 -0.9506
vn 0.0432 -0.3162 -0.9477
vn 0.0563 -0.2484 -0.9670
vn 0.0126 -0.2753 -0.9613
vn 0.0317 -0.1505 -0.9881
vn 0.0384 -0.1460 -0.9885
vn 0.0527 -0.0183 -0.9984
vn 0.0205 -0.0422 -0.9989
vn 0.0271 0.0489 -0.9984
vn 0.0214 0.0443 -0.9988
vn 0.0251 0.1645 -0.9861
vn 0.0004 0.1424 -0.9898
vn -0.0617 0.3292 -0.9423
vn -0.0574 0.3337 -0.9409
vn -0.0658 0.4846 -0.8723
vn -0.1149 0.4288 -0.8961
vn -0.1286 0.5502 -0.8251
vn -0.1399 0.5362 -0.8324
vn -0.1512 0.6012 -0.7847
vn -0.1048 0.6595 -0.7444
vn -0.1243 0.7375 -0.6639
vn -0.1764 0.6700 -0.7211
vn -0.1955 0.7268 -0.6585
vn -0.2220 0.6876 -0.6914
vn -0.2210 0.6850 -0.6942
vn -0.2092 0.7046 -0.6781
vn -0.2161 0.7185 -0.6611
vn -0.2374 0.6795 -0.6942
vn -0.2100 0.6296 -0.7480
vn -0.1908 0.6728 -0.7148
vn -0.1602 0.6239 -0.7649
vn -0.1698 0.5974 -0.7838
vn -0.1795 0.6119 -0.7703
vn -0.1766 0.6213 -0.7634
vn -0.1782 0.6233 -0.7614
vn -0.1796 0.6180 -0.7654
vn -0.1974 0.6388 -0.7436
vn -0.1918 0.6628 -0.7238
vn -0.2027 0.6737 -0.7107
vn -0.2013 0.6808 -0.7043
vn -0.2593 0.7282 -0.6345
vn -0.2605 0.7218 -0.6412
vn -0.3319 0.7653 -0.5515
vn -0.3253 0.7983 -0.5068
vn -0.0200 0.2415 -0.9702
vn -0.0600 0.2029 -0.9774
vn -0.3999 0.8225 -0.4045
vn -0.3922 0.8509 -0.3495
vn -0.4331 0.8530 -0.2912
vn -0.4221 0.8828 -0.2063
vn -0.5432 0.8395 -0.0169
vn -0.5201 0.8494 0.0893
vn -0.5423 0.8301 0.1294
vn -0.5401 0.8299 0.1396
vn -0.5722 0.7968 0.1941
vn -0.5793 0.7998 0.1573
vn -0.6608 0.6909 0.2933
vn -0.6697 0.6988 0.2516
vn -0.7435 0.5433 0.3899
vn -0.7642 0.5691 0.3035
vn -0.8134 0.4141 0.4085
vn -0.8314 0.4429 0.3355
vn -0.8625 0.2872 0.4166
vn -0.8880 0.3366 0.3133
vn -0.9076 0.1889 0.3749
vn -0.9325 0.2531 0.2576
vn -0.9458 0.0977 0.3099
vn -0.9458 0.0978 0.3096
vn -0.9461 0.0734 0.3156
vn -0.9595 0.1176 0.2559
vn -0.9618 0.0459 0.2699
vn -0.9692 0.0758 0.2341
vn -0.9703 0.0285 0.2402
vn -0.9607 -0.0085 0.2775
vn -0.9609 0.0036 0.2768
vn -0.9456 -0.0485 0.3218
vn -0.9401 -0.1151 0.3209
vn -0.9200 -0.1647 0.3557
vn -0.9074 -0.2356 0.3480
vn -0.8967 -0.2574 0.3602
vn -0.8931 -0.2738 0.3569
vn -0.8281 -0.3880 0.4045
vn -0.8154 -0.4254 0.3926
vn -0.7713 -0.4860 0.4110
vn -0.7464 -0.5419 0.3863
vn -0.7456 -0.5429 0.3864
vn -0.6951 -0.6375 0.3323
vn -0.6661 -0.6668 0.3342
vn -0.6452 -0.6983 0.3099
vn -0.6088 -0.7310 0.3083
vn -0.6012 -0.7412 0.2986
vn -0.5519 -0.7811 0.2919
vn -0.5185 -0.8188 0.2465
vn -0.4940 -0.8353 0.2413
vn -0.4635 -0.8639 0.1969
vn -0.4716 -0.8590 0.1991
vn -0.4230 -0.8976 0.1239
vn -0.3907 -0.9135 0.1136
vn -0.3575 -0.9320 0.0597
vn -0.3577 -0.9319 0.0598
vn -0.3178 -0.9481 -0.0092
vn -0.3634 -0.9316 0.0095
vn -0.2989 -0.9480 -0.1096
vn -0.2861 -0.9513 -0.1152
vn -0.2493 -0.9506 -0.1849
vn -0.2344 -0.9531 -0.1916
vn -0.2105 -0.9479 -0.2392
vn -0.2112 -0.9478 -0.2389
vn -0.1554 -0.9220 -0.3547
vn -0.1924 -0.9214 -0.3377
vn -0.1528 -0.8934 -0.4226
vn -0.1198 -0.8913 -0.4372
vn -0.1019 -0.8737 -0.4758
vn -0.0954 -0.8729 -0.4785
vn -0.0566 -0.8242 -0.5634
vn -0.0531 -0.8235 -0.5648
vn -0.0143 -0.7630 -0.6463
vn -0.0920 -0.7819 -0.6166
vn -0.0507 -0.7088 -0.7036
vn -0.0380 -0.7051 -0.7081
vn -0.0004 -0.6239 -0.7815
vn -0.0390 -0.6376 -0.7694
vn -0.0163 -0.5820 -0.8131
vn 0.0265 -0.5647 -0.8249
vn 0.0478 -0.5039 -0.8624
vn 0.0763 -0.4903 -0.8682
vn 0.1025 -0.4010 -0.9103
vn 0.0872 -0.4093 -0.9082
vn 0.1074 -0.3299 -0.9379
vn 0.1165 -0.3246 -0.9386
vn 0.1230 -0.2950 -0.9476
vn 0.1327 -0.2888 -0.9481
vn 0.1557 -0.1622 -0.9744
vn 0.0682 -0.2214 -0.9728
vn 0.0930 -0.0490 -0.9945
vn 0.0245 -0.0991 -0.9948
vn 0.0393 0.0436 -0.9983
vn 0.0071 0.0179 -0.9998
vn 0.0156 0.1426 -0.9897
vn -0.0237 0.1082 -0.9938
vn 0.0045 0.3425 -0.9395
vn -0.0534 0.2842 -0.9573
vn -0.0553 0.4416 -0.8955
vn -0.0839 0.4104 -0.9080
vn -0.0919 0.5492 -0.8306
vn -0.1665 0.4605 -0.8719
vn -0.1848 0.6347 -0.7504
vn -0.2213 0.5897 -0.7767
vn -0.2309 0.6488 -0.7251
vn -0.2673 0.5983 -0.7553
vn -0.2813 0.6605 -0.6962
vn -0.2952 0.6398 -0.7096
vn -0.3011 0.6601 -0.6882
vn -0.3298 0.6120 -0.7189
vn -0.3347 0.6257 -0.7046
vn -0.3430 0.6099 -0.7144
vn -0.3343 0.5894 -0.7354
vn -0.3392 0.5786 -0.7418
vn -0.3064 0.5104 -0.8035
vn -0.2754 0.5915 -0.7578
vn -0.2617 0.5668 -0.7812
vn -0.2540 0.5882 -0.7678
vn -0.2450 0.5738 -0.7815
vn -0.2396 0.5910 -0.7703
vn -0.2577 0.6166 -0.7439
vn -0.2477 0.6495 -0.7189
vn -0.2463 0.6478 -0.7209
vn -0.2326 0.6951 -0.6802
vn -0.2598 0.7223 -0.6409
vn -0.2508 0.7531 -0.6083
vn -0.3189 0.8032 -0.5032
vn -0.3017 0.8477 -0.4363
vn 0.0593 0.2133 -0.9752
vn -0.0003 0.1583 -0.9874
vn -0.3627 0.8716 -0.3299
vn -0.3490 0.8956 -0.2758
vn -0.3976 0.8983 -0.1869
vn -0.3538 0.9351 -0.0196
vn -0.4353 0.8869 0.1545
vn -0.4531 0.8860 0.0988
vn -0.4919 0.8515 0.1816
vn -0.5041 0.8523 0.1396
vn -0.5343 0.8210 0.2013
vn -0.5392 0.8221 0.1827
vn -0.6063 0.7284 0.3191
vn -0.6053 0.7278 0.3222
vn -0.6531 0.6201 0.4346
vn -0.6860 0.6492 0.3287
vn -0.7403 0.4877 0.4627
vn -0.7534 0.5023 0.4244
vn -0.7763 0.3899 0.4953
vn -0.8144 0.4436 0.3742
vn -0.8395 0.3027 0.4512
vn -0.8457 0.3126 0.4325
vn -0.8550 0.1347 0.5009
vn -0.8923 0.1947 0.4073
vn -0.8942 0.1393 0.4254
vn -0.9120 0.1781 0.3696
vn -0.9147 0.0886 0.3944
vn -0.9270 0.1183 0.3558
vn -0.9255 -0.0072 0.3786
vn -0.8934 -0.0709 0.4436
vn -0.8956 -0.0517 0.4419
vn -0.8776 -0.0853 0.4717
vn -0.8638 -0.1744 0.4728
vn -0.8749 -0.1553 0.4588
vn -0.8498 -0.2701 0.4526
vn -0.8010 -0.3389 0.4934
vn -0.7792 -0.4026 0.4804
vn -0.6955 -0.4980 0.5180
vn -0.6915 -0.5066 0.5150
vn -0.6751 -0.5234 0.5199
vn -0.6508 -0.5719 0.4993
vn -0.6604 -0.5625 0.4975
vn -0.5840 -0.6916 0.4251
vn -0.6076 -0.6718 0.4236
vn -0.5525 -0.7489 0.3659
vn -0.5396 -0.7585 0.3655
vn -0.5092 -0.7945 0.3310
vn -0.5065 -0.7963 0.3307
vn -0.4583 -0.8464 0.2711
vn -0.4146 -0.8710 0.2635
vn -0.4048 -0.8794 0.2506
vn -0.3640 -0.8997 0.2411
vn -0.3130 -0.9347 0.1686
vn -0.3443 -0.9220 0.1773
vn -0.2946 -0.9501 0.1021
vn -0.2633 -0.9603 0.0922
vn -0.2545 -0.9639 0.0781
vn -0.2514 -0.9648 0.0770
vn -0.1761 -0.9831 -0.0494
vn -0.2343 -0.9718 -0.0281
vn -0.1645 -0.9745 -0.1526
vn -0.1419 -0.9766 -0.1613
vn -0.1244 -0.9732 -0.1933
vn -0.1239 -0.9733 -0.1935
vn -0.0775 -0.9562 -0.2821
vn -0.1125 -0.9567 -0.2683
vn -0.0437 -0.9145 -0.4023
vn -0.1071 -0.9197 -0.3777
vn -0.0630 -0.8831 -0.4650
vn -0.0229 -0.8771 -0.4797
vn 0.0083 -0.8414 -0.5404
vn -0.0388 -0.8510 -0.5237
vn -0.0068 -0.8090 -0.5878
vn -0.0212 -0.8124 -0.5827
vn 0.0322 -0.7263 -0.6867
vn -0.0147 -0.7403 -0.6721
vn 0.0281 -0.6581 -0.7524
vn 0.0331 -0.6563 -0.7537
vn 0.0684 -0.5760 -0.8146
vn 0.0520 -0.5829 -0.8109
vn 0.0860 -0.4926 -0.8660
vn 0.1409 -0.4650 -0.8740
vn 0.1545 -0.4224 -0.8931
vn 0.1291 -0.4362 -0.8905
vn 0.1594 -0.3320 -0.9297
vn 0.1417 -0.3423 -0.9288
vn 0.1544 -0.2918 -0.9439
vn 0.2251 -0.2465 -0.9426
vn 0.2269 -0.2380 -0.9444
vn 0.1807 -0.2691 -0.9460
vn 0.2099 -0.1112 -0.9714
vn 0.1683 -0.1416 -0.9755
vn 0.1910 0.0138 -0.9815
vn 0.0999 -0.0573 -0.9933
vn 0.1182 0.1128 -0.9866
vn 0.0489 0.0544 -0.9973
vn 0.1545 0.3103 -0.9380
vn 0.0395 0.1997 -0.9791
vn 0.0459 0.4356 -0.8990
vn -0.0310 0.3560 -0.9340
vn -0.0325 0.4976 -0.8668
vn -0.1032 0.4166 -0.9032
vn -0.1129 0.6256 -0.7719
vn -0.1556 0.5772 -0.8017
vn -0.1615 0.6409 -0.7505
vn -0.2243 0.5598 -0.7977
vn -0.2397 0.6656 -0.7068
vn -0.3244 0.5416 -0.7755
vn -0.3380 0.6073 -0.7190
vn -0.3620 0.5671 -0.7398
vn -0.3688 0.5939 -0.7150
vn -0.3889 0.5561 -0.7345
vn -0.3859 0.5468 -0.7430
vn -0.3808 0.5578 -0.7375
vn -0.3694 0.5273 -0.7652
vn -0.3463 0.5804 -0.7370
vn -0.3277 0.5373 -0.7771
vn -0.3093 0.5829 -0.7514
vn -0.2943 0.5522 -0.7800
vn -0.2748 0.6036 -0.7485
vn -0.2855 0.6227 -0.7285
vn -0.2782 0.6421 -0.7144
vn -0.2873 0.6561 -0.6978
vn -0.2443 0.7597 -0.6026
vn -0.2431 0.7582 -0.6050
vn -0.2212 0.8060 -0.5490
vn -0.2808 0.8605 -0.4251
vn -0.2441 0.9133 -0.3262
vn 0.1932 0.1734 -0.9657
vn 0.1413 0.1274 -0.9817
vn -0.2837 0.9295 -0.2358
vn -0.2452 0.9606 -0.1309
vn -0.3036 0.9527 0.0142
vn -0.2915 0.9555 0.0462
vn -0.3417 0.9229 0.1777
vn -0.3572 0.9237 0.1387
vn -0.3908 0.8918 0.2280
vn -0.4038 0.8940 0.1943
vn -0.4337 0.8590 0.2721
vn -0.4326 0.8587 0.2749
vn -0.4864 0.7640 0.4239
vn -0.5015 0.7730 0.3886
vn -0.5312 0.6998 0.4775
vn -0.5703 0.7273 0.3819
vn -0.6230 0.5451 0.5610
vn -0.6630 0.5796 0.4738
vn -0.6810 0.4915 0.5428
vn -0.6911 0.5018 0.5201
vn -0.7080 0.3542 0.6110
vn -0.7604 0.4133 0.5009
vn -0.7706 0.2313 0.5938
vn -0.7883 0.2522 0.5613
vn -0.7883 0.2047 0.5802
vn -0.7720 0.1831 0.6087
vn -0.7706 0.1434 0.6210
vn -0.7708 0.1437 0.6206
vn -0.7449 -0.0608 0.6644
vn -0.8011 0.0077 0.5984
vn -0.7871 -0.0839 0.6111
vn -0.7077 -0.1746 0.6846
vn -0.7103 -0.1646 0.6844
vn -0.6862 -0.1914 0.7017
vn -0.6359 -0.3497 0.6880
vn -0.6519 -0.3347 0.6804
vn -0.5738 -0.5091 0.6416
vn -0.5923 -0.4939 0.6365
vn -0.5709 -0.5353 0.6225
vn -0.5703 -0.5358 0.6226
vn -0.5460 -0.5800 0.6046
vn -0.5350 -0.5886 0.6060
vn -0.4674 -0.6937 0.5480
vn -0.5322 -0.6478 0.5451
vn -0.4359 -0.7774 0.4536
vn -0.4924 -0.7417 0.4554
vn -0.4320 -0.8122 0.3919
vn -0.4219 -0.8180 0.3910
vn -0.3519 -0.8831 0.3103
vn -0.3468 -0.8855 0.3094
vn -0.3174 -0.9081 0.2731
vn -0.3069 -0.9124 0.2709
vn -0.2717 -0.9358 0.2248
vn -0.2649 -0.9381 0.2232
vn -0.1989 -0.9711 0.1321
vn -0.2016 -0.9704 0.1329
vn -0.1888 -0.9754 0.1140
vn -0.1413 -0.9850 0.0993
vn -0.1063 -0.9933 0.0450
vn -0.1481 -0.9873 0.0584
vn -0.0438 -0.9933 -0.1073
vn -0.1447 -0.9867 -0.0736
vn -0.0856 -0.9811 -0.1736
vn -0.0155 -0.9802 -0.1975
vn -0.0054 -0.9766 -0.2150
vn 0.0044 -0.9759 -0.2184
vn 0.0512 -0.9518 -0.3025
vn 0.0521 -0.9516 -0.3028
vn 0.1149 -0.9020 -0.4161
vn 0.0797 -0.9106 -0.4056
vn 0.1097 -0.8812 -0.4599
vn 0.0830 -0.8881 -0.4521
vn 0.1235 -0.8416 -0.5258
vn 0.0925 -0.8509 -0.5171
vn 0.1471 -0.7753 -0.6142
vn 0.1237 -0.7838 -0.6085
vn 0.1798 -0.6872 -0.7039
vn 0.1505 -0.6999 -0.6982
vn 0.1940 -0.6109 -0.7676
vn 0.1617 -0.6263 -0.7627
vn 0.2224 -0.4785 -0.8495
vn 0.1468 -0.5187 -0.8423
vn 0.1742 -0.4434 -0.8792
vn 0.2629 -0.3915 -0.8818
vn 0.2729 -0.3586 -0.8927
vn 0.2366 -0.3813 -0.8937
vn 0.2730 -0.2509 -0.9287
vn 0.2225 -0.2842 -0.9326
vn 0.2255 -0.2726 -0.9353
vn 0.2972 -0.2237 -0.9282
vn 0.3141 -0.1465 -0.9380
vn 0.2478 -0.1951 -0.9490
vn 0.2752 -0.0575 -0.9597
vn 0.2032 -0.1129 -0.9726
vn 0.2317 0.0604 -0.9709
vn 0.1742 0.0131 -0.9846
vn 0.2589 0.2252 -0.9393
vn 0.1805 0.1516 -0.9718
vn 0.2002 0.3928 -0.8976
vn 0.0599 0.2521 -0.9658
vn 0.0657 0.4578 -0.8866
vn 0.0666 0.4588 -0.8860
vn 0.0625 0.6331 -0.7716
vn -0.0755 0.4825 -0.8726
vn -0.0828 0.6118 -0.7866
vn -0.1335 0.5502 -0.8243
vn -0.1400 0.6260 -0.7672
vn -0.2168 0.5206 -0.8258
vn -0.2320 0.6352 -0.7367
vn -0.3086 0.5179 -0.7978
vn -0.3229 0.5969 -0.7345
vn -0.3309 0.5834 -0.7417
vn -0.3323 0.5894 -0.7363
vn -0.3427 0.5701 -0.7467
vn -0.3457 0.5808 -0.7370
vn -0.3267 0.6174 -0.7156
vn -0.3144 0.5794 -0.7519
vn -0.2545 0.6936 -0.6739
vn -0.2312 0.6316 -0.7400
vn -0.2077 0.6779 -0.7052
vn -0.2108 0.6851 -0.6973
vn -0.2222 0.6619 -0.7159
vn -0.2648 0.7474 -0.6093
vn -0.1886 0.8643 -0.4663
vn -0.1675 0.8340 -0.5257
vn -0.1032 0.9158 -0.3882
vn -0.1438 0.9509 -0.2740
vn -0.1200 0.9678 -0.2212
vn 0.3548 0.1404 -0.9243
vn 0.2343 0.0346 -0.9716
vn -0.1649 0.9826 -0.0853
vn -0.1320 0.9912 -0.0131
vn -0.1719 0.9780 0.1183
vn -0.1691 0.9777 0.1243
vn -0.2020 0.9506 0.2358
vn -0.2218 0.9554 0.1950
vn -0.2515 0.9216 0.2956
vn -0.3009 0.9344 0.1907
vn -0.3432 0.8769 0.3366
vn -0.3687 0.8854 0.2832
vn -0.4145 0.7903 0.4513
vn -0.4176 0.7920 0.4453
vn -0.4292 0.7571 0.4925
vn -0.4463 0.7683 0.4589
vn -0.4811 0.6178 0.6219
vn -0.5148 0.6447 0.5651
vn -0.5297 0.5323 0.6603
vn -0.5442 0.5452 0.6376
vn -0.5506 0.4551 0.6998
vn -0.5569 0.4612 0.6907
vn -0.5553 0.2926 0.7784
vn -0.6127 0.3474 0.7099
vn -0.6029 0.2019 0.7718
vn -0.6509 0.2501 0.7167
vn -0.6422 0.1559 0.7505
vn -0.6423 0.1560 0.7504
vn -0.6204 0.0217 0.7840
vn -0.6169 0.0183 0.7868
vn -0.5692 -0.1645 0.8056
vn -0.5813 -0.1541 0.7990
vn -0.5702 -0.1885 0.7996
vn -0.5240 -0.2283 0.8206
vn -0.4844 -0.3302 0.8102
vn -0.5308 -0.2937 0.7950
vn -0.4358 -0.4923 0.7535
vn -0.5496 -0.4087 0.7286
vn -0.4818 -0.5383 0.6915
vn -0.4279 -0.5746 0.6976
vn -0.4178 -0.5905 0.6904
vn -0.4168 -0.5912 0.6905
vn -0.3745 -0.6542 0.6571
vn -0.3835 -0.6489 0.6571
vn -0.3031 -0.7520 0.5854
vn -0.3656 -0.7198 0.5901
vn -0.2691 -0.8263 0.4948
vn -0.3201 -0.8040 0.5012
vn -0.2193 -0.8936 0.3917
vn -0.2523 -0.8821 0.3977
vn -0.2000 -0.9201 0.3367
vn -0.2048 -0.9187 0.3378
vn -0.1612 -0.9452 0.2839
vn -0.1499 -0.9479 0.2811
vn -0.0870 -0.9762 0.1988
vn -0.1656 -0.9613 0.2200
vn -0.0961 -0.9876 0.1245
vn -0.0990 -0.9872 0.1253
vn -0.0787 -0.9922 0.0962
vn -0.0443 -0.9953 0.0857
vn 0.0073 -0.9999 0.0077
vn -0.0757 -0.9966 0.0337
vn 0.0507 -0.9854 -0.1626
vn 0.0294 -0.9873 -0.1560
vn 0.0529 -0.9797 -0.1936
vn 0.1163 -0.9701 -0.2130
vn 0.1429 -0.9560 -0.2563
vn 0.1074 -0.9633 -0.2459
vn 0.1753 -0.9170 -0.3583
vn 0.1739 -0.9174 -0.3579
vn 0.1973 -0.8966 -0.3965
vn 0.1649 -0.9066 -0.3884
vn 0.2105 -0.8610 -0.4629
vn 0.1990 -0.8652 -0.4603
vn 0.2546 -0.7958 -0.5494
vn 0.2644 -0.7915 -0.5511
vn 0.3137 -0.7141 -0.6258
vn 0.2745 -0.7341 -0.6211
vn 0.3253 -0.6412 -0.6951
vn 0.2924 -0.6593 -0.6927
vn 0.3489 -0.5375 -0.7677
vn 0.3121 -0.5601 -0.7674
vn 0.3730 -0.4000 -0.8372
vn 0.3132 -0.4399 -0.8416
vn 0.3310 -0.3882 -0.8601
vn 0.3383 -0.3833 -0.8594
vn 0.3664 -0.2920 -0.8835
vn 0.3308 -0.3171 -0.8888
vn 0.3565 -0.2255 -0.9067
vn 0.3828 -0.2058 -0.9006
vn 0.3851 -0.1965 -0.9017
vn 0.3734 -0.2055 -0.9046
vn 0.3957 -0.1108 -0.9117
vn 0.3761 -0.1267 -0.9179
vn 0.4043 0.0206 -0.9144
vn 0.3252 -0.0464 -0.9445
vn 0.4144 0.1733 -0.8934
vn 0.3770 0.1376 -0.9159
vn 0.3966 0.2955 -0.8691
vn 0.3255 0.2252 -0.9183
vn 0.3460 0.4950 -0.7970
vn 0.2307 0.3790 -0.8962
vn 0.2354 0.5491 -0.8019
vn 0.1851 0.4972 -0.8477
vn 0.1836 0.6297 -0.7549
vn 0.0240 0.4541 -0.8907
vn 0.0192 0.6080 -0.7937
vn -0.0421 0.5334 -0.8448
vn -0.0495 0.6307 -0.7745
vn -0.1181 0.5399 -0.8334
vn -0.1361 0.6782 -0.7221
vn -0.1824 0.6143 -0.7677
vn -0.1894 0.6549 -0.7316
vn -0.1611 0.6959 -0.6998
vn -0.1627 0.7042 -0.6911
vn -0.1899 0.6637 -0.7235
vn -0.2032 0.7201 -0.6635
vn -0.2277 0.6821 -0.6949
vn -0.2239 0.6689 -0.7088
vn -0.1300 0.8107 -0.5709
vn -0.1007 0.7255 -0.6808
vn -0.0684 0.7747 -0.6286
vn -0.1208 0.8903 -0.4391
vn -0.1060 0.9051 -0.4117
vn -0.1112 0.9133 -0.3919
vn -0.0298 0.9729 -0.2292
vn -0.0420 0.9825 -0.1814
vn -0.0136 0.9922 -0.1239
vn 0.4352 0.0456 -0.8992
vn 0.3849 0.0009 -0.9230
vn -0.0523 0.9982 0.0298
vn -0.0433 0.9979 0.0477
vn -0.0746 0.9816 0.1756
vn -0.1070 0.9878 0.1132
vn -0.1373 0.9604 0.2423
vn -0.1744 0.9696 0.1718
vn -0.1936 0.9475 0.2545
vn -0.1774 0.9420 0.2850
vn -0.1987 0.9021 0.3831
vn -0.2326 0.9173 0.3232
vn -0.2706 0.8042 0.5293
vn -0.2861 0.8142 0.5052
vn -0.2931 0.7821 0.5499
vn -0.3081 0.7921 0.5270
vn -0.3266 0.6589 0.6776
vn -0.3779 0.6983 0.6079
vn -0.3863 0.5583 0.7342
vn -0.4088 0.5767 0.7073
vn -0.4075 0.4727 0.7813
vn -0.4221 0.4851 0.7658
vn -0.4133 0.3634 0.8349
vn -0.4310 0.3787 0.8190
vn -0.4169 0.2662 0.8691
vn -0.4709 0.3134 0.8246
vn -0.4480 0.1719 0.8773
vn -0.4640 0.1856 0.8662
vn -0.4287 0.0321 0.9029
vn -0.4207 0.0256 0.9068
vn -0.3678 -0.1382 0.9196
vn -0.4763 -0.0550 0.8776
vn -0.4156 -0.2215 0.8822
vn -0.5116 -0.1471 0.8466
vn -0.4552 -0.2896 0.8420
vn -0.4164 -0.3180 0.8518
vn -0.3755 -0.3996 0.8363
vn -0.3703 -0.4030 0.8369
vn -0.2740 -0.5619 0.7805
vn -0.3816 -0.4994 0.7778
vn -0.3260 -0.5856 0.7421
vn -0.3273 -0.5849 0.7421
vn -0.2857 -0.6426 0.7109
vn -0.2695 -0.6507 0.7099
vn -0.2213 -0.7098 0.6687
vn -0.3049 -0.6705 0.6764
vn -0.1910 -0.7973 0.5725
vn -0.2781 -0.7622 0.5845
vn -0.1508 -0.8782 0.4539
vn -0.1982 -0.8638 0.4633
vn -0.1247 -0.9161 0.3811
vn -0.1456 -0.9109 0.3860
vn -0.0861 -0.9451 0.3153
vn -0.1267 -0.9370 0.3255
vn -0.0791 -0.9606 0.2665
vn -0.0480 -0.9649 0.2581
vn 0.0106 -0.9832 0.1822
vn -0.0144 -0.9818 0.1894
vn 0.0324 -0.9916 0.1256
vn -0.0192 -0.9898 0.1409
vn 0.0207 -0.9962 0.0846
vn 0.0900 -0.9939 0.0636
vn 0.1842 -0.9800 -0.0756
vn 0.1454 -0.9873 -0.0641
vn 0.2113 -0.9637 -0.1634
vn 0.1296 -0.9817 -0.1397
vn 0.1766 -0.9615 -0.2105
vn 0.1599 -0.9654 -0.2058
vn 0.2371 -0.9155 -0.3249
vn 0.2127 -0.9237 -0.3188
vn 0.2348 -0.9059 -0.3524
vn 0.2168 -0.9120 -0.3482
vn 0.2685 -0.8645 -0.4249
vn 0.2778 -0.8606 -0.4267
vn 0.3372 -0.7897 -0.5126
vn 0.3368 -0.7899 -0.5125
vn 0.3766 -0.7320 -0.5677
vn 0.3859 -0.7266 -0.5685
vn 0.4263 -0.6571 -0.6217
vn 0.3964 -0.6760 -0.6211
vn 0.4552 -0.5588 -0.6932
vn 0.3564 -0.6236 -0.6958
vn 0.4367 -0.4416 -0.7838
vn 0.3912 -0.4741 -0.7888
vn 0.4246 -0.3844 -0.8197
vn 0.4313 -0.3795 -0.8186
vn 0.4518 -0.3173 -0.8337
vn 0.3828 -0.3686 -0.8471
vn 0.4349 -0.2054 -0.8767
vn 0.3984 -0.2341 -0.8868
vn 0.4068 -0.2051 -0.8902
vn 0.4011 -0.2096 -0.8918
vn 0.4236 -0.1254 -0.8971
vn 0.4138 -0.1334 -0.9005
vn 0.4356 -0.0421 -0.8992
vn 0.4129 -0.0616 -0.9087
vn 0.5391 0.1478 -0.8292
vn 0.5054 0.1146 -0.8553
vn 0.5244 0.2386 -0.8174
vn 0.5076 0.2216 -0.8326
vn 0.5225 0.4021 -0.7519
vn 0.4497 0.3276 -0.8310
vn 0.4570 0.5241 -0.7186
vn 0.3151 0.3790 -0.8701
vn 0.3212 0.5110 -0.7973
vn 0.2363 0.4212 -0.8757
vn 0.2374 0.6012 -0.7630
vn 0.1638 0.5220 -0.8370
vn 0.1609 0.6200 -0.7680
vn 0.0862 0.5350 -0.8405
vn 0.0758 0.7020 -0.7081
vn 0.0740 0.7001 -0.7102
vn 0.0654 0.7705 -0.6341
vn 0.0471 0.7508 -0.6588
vn 0.0471 0.7509 -0.6587
vn -0.0115 0.6795 -0.7336
vn -0.0260 0.7655 -0.6429
vn -0.0283 0.7628 -0.6461
vn -0.0461 0.8386 -0.5427
vn 0.0102 0.8922 -0.4515
vn 0.0352 0.8072 -0.5893
vn 0.0801 0.8534 -0.5150
vn 0.0442 0.9377 -0.3445
vn 0.0378 0.9335 -0.3565
vn 0.0084 0.9776 -0.2103
vn 0.0317 0.9859 -0.1643
vn 0.0199 0.9941 -0.1069
vn 0.0545 0.9977 -0.0392
vn 0.4886 0.0057 -0.8725
vn 0.5174 0.0322 -0.8551
vn 0.0296 0.9959 0.0850
vn 0.0184 0.9978 0.0637
vn -0.0010 0.9860 0.1669
vn -0.0124 0.9892 0.1462
vn -0.0299 0.9689 0.2455
vn -0.0581 0.9787 0.1968
vn -0.0797 0.9394 0.3334
vn -0.1126 0.9536 0.2792
vn -0.1264 0.9180 0.3758
vn -0.1173 0.9133 0.3900
vn -0.1369 0.8075 0.5737
vn -0.1997 0.8500 0.4875
vn -0.2068 0.7917 0.5749
vn -0.2139 0.7965 0.5655
vn -0.2179 0.6979 0.6822
vn -0.2728 0.7386 0.6165
vn -0.2695 0.5780 0.7703
vn -0.3156 0.6150 0.7226
vn -0.3063 0.4875 0.8176
vn -0.2945 0.4776 0.8278
vn -0.2812 0.3823 0.8802
vn -0.3039 0.4014 0.8640
vn -0.2895 0.3204 0.9020
vn -0.3111 0.3381 0.8882
vn -0.2779 0.1941 0.9408
vn -0.2862 0.2007 0.9369
vn -0.2365 0.0356 0.9710
vn -0.3509 0.1231 0.9283
vn -0.2951 -0.0421 0.9546
vn -0.3613 0.0070 0.9324
vn -0.3076 -0.1297 0.9426
vn -0.3208 -0.1204 0.9395
vn -0.2350 -0.3001 0.9245
vn -0.2998 -0.2589 0.9182
vn -0.2310 -0.3862 0.8930
vn -0.2602 -0.3690 0.8923
vn -0.1934 -0.4776 0.8570
vn -0.2272 -0.4595 0.8586
vn -0.1568 -0.5616 0.8124
vn -0.1952 -0.5433 0.8166
vn -0.1293 -0.6286 0.7669
vn -0.1945 -0.6003 0.7758
vn -0.1536 -0.6502 0.7441
vn -0.1093 -0.6672 0.7368
vn -0.0501 -0.7288 0.6829
vn -0.1198 -0.7067 0.6973
vn 0.0194 -0.8273 0.5615
vn -0.0552 -0.8119 0.5811
vn 0.0453 -0.8806 0.4718
vn -0.0346 -0.8683 0.4947
vn 0.0432 -0.9130 0.4057
vn -0.0571 -0.8992 0.4338
vn 0.0515 -0.9508 0.3056
vn 0.0247 -0.9492 0.3138
vn 0.0850 -0.9676 0.2379
vn 0.0696 -0.9676 0.2427
vn 0.1021 -0.9743 0.2006
vn 0.1285 -0.9729 0.1924
vn 0.1883 -0.9757 0.1123
vn 0.1818 -0.9767 0.1144
vn 0.2649 -0.9643 -0.0018
vn 0.1990 -0.9798 0.0183
vn 0.2628 -0.9623 -0.0707
vn 0.2296 -0.9714 -0.0611
vn 0.2855 -0.9481 -0.1402
vn 0.2830 -0.9489 -0.1395
vn 0.3547 -0.9034 -0.2411
vn 0.3436 -0.9083 -0.2385
vn 0.3628 -0.8932 -0.2657
vn 0.3082 -0.9168 -0.2540
vn 0.3877 -0.8468 -0.3643
vn 0.3600 -0.8609 -0.3595
vn 0.4312 -0.7778 -0.4572
vn 0.4136 -0.7885 -0.4553
vn 0.4640 -0.7163 -0.5212
vn 0.4599 -0.7190 -0.5210
vn 0.4929 -0.6645 -0.5617
vn 0.4701 -0.6807 -0.5619
vn 0.5086 -0.6115 -0.6062
vn 0.4791 -0.6331 -0.6081
vn 0.5575 -0.4614 -0.6902
vn 0.4823 -0.5226 -0.7030
vn 0.5408 -0.3731 -0.7538
vn 0.3756 -0.4992 -0.7808
vn 0.4297 -0.3676 -0.8247
vn 0.4100 -0.3824 -0.8281
vn 0.4605 -0.2325 -0.8567
vn 0.4307 -0.2567 -0.8652
vn 0.4459 -0.2083 -0.8705
vn 0.4643 -0.1932 -0.8644
vn 0.4822 -0.1305 -0.8663
vn 0.4825 -0.1303 -0.8662
vn 0.5015 -0.0578 -0.8633
vn 0.4643 -0.0904 -0.8811
vn 0.6008 0.1192 -0.7905
vn 0.5812 0.0992 -0.8077
vn 0.6021 0.2250 -0.7660
vn 0.5502 0.1718 -0.8172
vn 0.5719 0.3321 -0.7501
vn 0.5431 0.3023 -0.7834
vn 0.5515 0.3944 -0.7350
vn 0.4957 0.3373 -0.8003
vn 0.5045 0.4493 -0.7373
vn 0.4584 0.4022 -0.7925
vn 0.4638 0.5521 -0.6928
vn 0.4079 0.4968 -0.7660
vn 0.4085 0.5778 -0.7066
vn 0.4410 0.6089 -0.6594
vn 0.4295 0.7307 -0.5307
vn 0.3591 0.6718 -0.6479
vn 0.3477 0.7850 -0.5127
vn 0.2488 0.7002 -0.6692
vn 0.2462 0.7362 -0.6304
vn 0.2776 0.7648 -0.5814
vn 0.2708 0.8106 -0.5193
vn 0.2068 0.7568 -0.6201
vn 0.1760 0.9100 -0.3754
vn 0.1411 0.8879 -0.4380
vn 0.1470 0.8620 -0.4852
vn 0.2785 0.9295 -0.2418
vn 0.2772 0.9320 -0.2335
vn 0.2162 0.9118 -0.3491
vn 0.1771 0.9801 -0.0896
vn 0.1360 0.9761 -0.1692
vn 0.1111 0.9938 -0.0106
vn 0.1317 0.9909 0.0288
vn 0.6249 0.0377 -0.7798
vn 0.5716 -0.0151 -0.8204
vn 0.1184 0.9865 0.1132
vn 0.0953 0.9929 0.0708
vn 0.0787 0.9788 0.1894
vn 0.0517 0.9883 0.1432
vn 0.0396 0.9695 0.2420
vn 0.0124 0.9802 0.1978
vn -0.0012 0.9444 0.3288
vn -0.0254 0.9561 0.2920
vn -0.0367 0.9050 0.4238
vn -0.0570 0.9169 0.3951
vn -0.0647 0.8383 0.5414
vn -0.1077 0.8670 0.4866
vn -0.1096 0.7883 0.6054
vn -0.1142 0.7917 0.6002
vn -0.1118 0.7292 0.6751
vn -0.1224 0.7374 0.6642
vn -0.1102 0.6038 0.7895
vn -0.1442 0.6323 0.7612
vn -0.1201 0.4689 0.8750
vn -0.1940 0.5318 0.8244
vn -0.1682 0.3981 0.9018
vn -0.1958 0.4208 0.8858
vn -0.1756 0.3376 0.9248
vn -0.1910 0.3499 0.9171
vn -0.1480 0.2027 0.9680
vn -0.2455 0.2778 0.9288
vn -0.1965 0.1312 0.9717
vn -0.2418 0.1646 0.9563
vn -0.1868 0.0208 0.9822
vn -0.2072 0.0351 0.9777
vn -0.1461 -0.1041 0.9838
vn -0.1883 -0.0763 0.9791
vn -0.1098 -0.2342 0.9660
vn -0.2046 -0.1763 0.9628
vn -0.1098 -0.3467 0.9315
vn -0.1714 -0.3123 0.9344
vn -0.0928 -0.4368 0.8948
vn -0.1236 -0.4214 0.8984
vn -0.0555 -0.5162 0.8547
vn -0.1648 -0.4659 0.8693
vn -0.0780 -0.5783 0.8121
vn -0.1257 -0.5585 0.8199
vn -0.0446 -0.6523 0.7567
vn -0.0859 -0.6379 0.7653
vn -0.0378 -0.6878 0.7249
vn -0.0264 -0.6911 0.7223
vn 0.0736 -0.7770 0.6252
vn 0.0009 -0.7632 0.6462
vn 0.0991 -0.8334 0.5438
vn 0.0685 -0.8300 0.5536
vn 0.1141 -0.8563 0.5038
vn 0.1200 -0.8566 0.5018
vn 0.2147 -0.8955 0.3898
vn 0.1242 -0.8986 0.4207
vn 0.2178 -0.9266 0.3065
vn 0.1377 -0.9327 0.3333
vn 0.2184 -0.9478 0.2321
vn 0.2387 -0.9446 0.2251
vn 0.2861 -0.9442 0.1632
vn 0.2514 -0.9520 0.1747
vn 0.3232 -0.9429 0.0802
vn 0.2585 -0.9608 0.1006
vn 0.3376 -0.9413 -0.0050
vn 0.3339 -0.9426 -0.0039
vn 0.3900 -0.9173 -0.0808
vn 0.4062 -0.9098 -0.0853
vn 0.4648 -0.8695 -0.1669
vn 0.4120 -0.8980 -0.1544
vn 0.4309 -0.8844 -0.1794
vn 0.4427 -0.8781 -0.1818
vn 0.5072 -0.8197 -0.2660
vn 0.4465 -0.8571 -0.2571
vn 0.5381 -0.7561 -0.3726
vn 0.4860 -0.7926 -0.3682
vn 0.5565 -0.6951 -0.4551
vn 0.4972 -0.7397 -0.4535
vn 0.5460 -0.6646 -0.5100
vn 0.5135 -0.6894 -0.5109
vn 0.5555 -0.6186 -0.5557
vn 0.5715 -0.6053 -0.5541
vn 0.6224 -0.4997 -0.6025
vn 0.5277 -0.5812 -0.6195
vn 0.5758 -0.4819 -0.6604
vn 0.5336 -0.5171 -0.6692
vn 0.5967 -0.3660 -0.7142
vn 0.5229 -0.4308 -0.7355
vn 0.5896 -0.2455 -0.7695
vn 0.5536 -0.2794 -0.7846
vn 0.5828 -0.1851 -0.7913
vn 0.5391 -0.2256 -0.8114
vn 0.5696 -0.1247 -0.8124
vn 0.5341 -0.1576 -0.8306
vn 0.5548 -0.0855 -0.8276
vn 0.6096 -0.0323 -0.7921
vn 0.6908 0.1044 -0.7155
vn 0.6508 0.0618 -0.7567
vn 0.6732 0.1750 -0.7185
vn 0.6764 0.1785 -0.7146
vn 0.6913 0.3027 -0.6561
vn 0.6159 0.2226 -0.7557
vn 0.6317 0.3386 -0.6974
vn 0.5999 0.3064 -0.7391
vn 0.6106 0.4032 -0.6816
vn 0.5830 0.3763 -0.7200
vn 0.5921 0.4937 -0.6370
vn 0.5773 0.4801 -0.6606
vn 0.5787 0.5987 -0.5538
vn 0.5517 0.5757 -0.6035
vn 0.5486 0.6585 -0.5152
vn 0.5058 0.6258 -0.5937
vn 0.5034 0.6954 -0.5128
vn 0.4874 0.6843 -0.5424
vn 0.4812 0.7536 -0.4479
vn 0.3844 0.6874 -0.6162
vn 0.3794 0.7590 -0.5290
vn 0.3966 0.7704 -0.4991
vn 0.3777 0.8742 -0.3051
vn 0.3714 0.8721 -0.3186
vn 0.3562 0.9139 -0.1949
vn 0.3291 0.9100 -0.2524
vn 0.3324 0.8985 -0.2866
vn 0.3783 0.9044 -0.1975
vn 0.3615 0.9311 -0.0480
vn 0.3160 0.9386 -0.1385
vn 0.2869 0.9520 0.1069
vn 0.2300 0.9732 -0.0029
vn 0.6536 -0.0103 -0.7568
vn 0.6701 0.0070 -0.7422
vn 0.2146 0.9683 0.1280
vn 0.2005 0.9743 0.1027
vn 0.1896 0.9603 0.2048
vn 0.1479 0.9796 0.1362
vn 0.1388 0.9578 0.2516
vn 0.1116 0.9713 0.2101
vn 0.1041 0.9336 0.3427
vn 0.0949 0.9392 0.3300
vn 0.0914 0.8888 0.4490
vn 0.0891 0.8905 0.4462
vn 0.0888 0.8314 0.5486
vn 0.0442 0.8660 0.4981
vn 0.0502 0.7628 0.6447
vn -0.0098 0.8113 0.5845
vn 0.0009 0.7196 0.6944
vn -0.0360 0.7491 0.6615
vn -0.0134 0.6156 0.7880
vn -0.0325 0.6319 0.7744
vn -0.0082 0.5123 0.8587
vn -0.0463 0.5452 0.8371
vn -0.0122 0.4061 0.9137
vn -0.1093 0.4865 0.8668
vn -0.0680 0.3450 0.9361
vn -0.1224 0.3880 0.9135
vn -0.0858 0.2784 0.9566
vn -0.0928 0.2837 0.9544
vn -0.0500 0.1716 0.9839
vn -0.1082 0.2133 0.9710
vn -0.0359 0.0458 0.9983
vn -0.1237 0.1052 0.9867
vn -0.0439 -0.0613 0.9972
vn -0.1526 0.0075 0.9883
vn -0.0653 -0.1581 0.9853
vn -0.0816 -0.1486 0.9855
vn -0.0001 -0.2841 0.9588
vn -0.0489 -0.2587 0.9647
vn 0.0392 -0.3890 0.9204
vn -0.0855 -0.3300 0.9401
vn -0.0101 -0.4339 0.9009
vn -0.0447 -0.4190 0.9069
vn 0.0359 -0.5193 0.8539
vn 0.0038 -0.5078 0.8614
vn 0.0817 -0.5930 0.8010
vn 0.0045 -0.5700 0.8216
vn 0.0916 -0.6556 0.7495
vn 0.0671 -0.6501 0.7569
vn 0.1461 -0.7155 0.6832
vn 0.1068 -0.7099 0.6962
vn 0.2097 -0.7785 0.5916
vn 0.1204 -0.7726 0.6234
vn 0.2095 -0.8226 0.5287
vn 0.1854 -0.8227 0.5375
vn 0.2501 -0.8496 0.4643
vn 0.2355 -0.8509 0.4696
vn 0.2998 -0.8687 0.3942
vn 0.2908 -0.8703 0.3976
vn 0.3846 -0.8792 0.2812
vn 0.3032 -0.9004 0.3119
vn 0.3714 -0.9004 0.2266
vn 0.3321 -0.9121 0.2404
vn 0.3924 -0.9050 0.1641
vn 0.3056 -0.9326 0.1919
vn 0.4246 -0.9044 0.0429
vn 0.3991 -0.9155 0.0507
vn 0.4738 -0.8793 -0.0477
vn 0.4598 -0.8870 -0.0437
vn 0.5023 -0.8589 -0.1001
vn 0.4643 -0.8810 -0.0911
vn 0.5044 -0.8517 -0.1420
vn 0.4848 -0.8636 -0.1382
vn 0.5337 -0.8221 -0.1983
vn 0.5255 -0.8277 -0.1971
vn 0.5992 -0.7478 -0.2860
vn 0.5715 -0.7699 -0.2840
vn 0.6308 -0.6911 -0.3529
vn 0.5771 -0.7365 -0.3529
vn 0.6359 -0.6499 -0.4162
vn 0.5829 -0.6957 -0.4199
vn 0.6518 -0.5800 -0.4887
vn 0.6327 -0.5982 -0.4918
vn 0.6583 -0.5491 -0.5148
vn 0.6362 -0.5701 -0.5199
vn 0.6779 -0.4855 -0.5521
vn 0.6288 -0.5321 -0.5670
vn 0.6886 -0.3999 -0.6049
vn 0.5932 -0.4900 -0.6388
vn 0.6837 -0.2604 -0.6817
vn 0.6445 -0.3018 -0.7025
vn 0.6744 -0.2089 -0.7082
vn 0.6574 -0.2269 -0.7186
vn 0.6824 -0.1425 -0.7170
vn 0.6314 -0.1949 -0.7506
vn 0.6781 -0.0264 -0.7345
vn 0.6386 -0.0684 -0.7665
vn 0.7635 0.0683 -0.6421
vn 0.7138 0.0125 -0.7002
vn 0.7472 0.1795 -0.6398
vn 0.6890 0.1153 -0.7155
vn 0.7091 0.2228 -0.6690
vn 0.7048 0.2182 -0.6750
vn 0.7165 0.3026 -0.6285
vn 0.6971 0.2823 -0.6591
vn 0.7068 0.3678 -0.6043
vn 0.6972 0.3583 -0.6209
vn 0.7041 0.4642 -0.5374
vn 0.6587 0.4232 -0.6221
vn 0.6641 0.5573 -0.4984
vn 0.6271 0.5276 -0.5731
vn 0.6281 0.6057 -0.4885
vn 0.6040 0.5889 -0.5370
vn 0.6034 0.6616 -0.4452
vn 0.5920 0.6552 -0.4693
vn 0.5920 0.6553 -0.4691
vn 0.6377 0.6748 -0.3716
vn 0.6358 0.7029 -0.3187
vn 0.6042 0.6946 -0.3905
vn 0.5865 0.7957 -0.1511
vn 0.5048 0.7903 -0.3474
vn 0.4897 0.8598 -0.1447
vn 0.4570 0.8622 -0.2184
vn 0.4516 0.8793 -0.1511
vn 0.4707 0.8755 -0.1097
vn 0.4653 0.8835 -0.0541
vn 0.4303 0.8942 -0.1236
vn 0.4116 0.9067 0.0920
vn 0.3596 0.9331 -0.0064
vn 0.7727 0.0166 -0.6346
vn 0.7452 -0.0164 -0.6666
vn 0.3443 0.9231 0.1716
vn 0.2951 0.9516 0.0857
vn 0.2880 0.9372 0.1967
vn 0.2551 0.9560 0.1447
vn 0.2501 0.9314 0.2645
vn 0.2080 0.9566 0.2039
vn 0.2050 0.9070 0.3678
vn 0.1599 0.9376 0.3087
vn 0.1618 0.8691 0.4675
vn 0.1447 0.8825 0.4476
vn 0.1486 0.8384 0.5244
vn 0.1680 0.8220 0.5441
vn 0.1757 0.7632 0.6218
vn 0.1171 0.8135 0.5697
vn 0.1370 0.7109 0.6898
vn 0.0853 0.7549 0.6502
vn 0.1182 0.6012 0.7903
vn 0.0623 0.6507 0.7567
vn 0.0951 0.5213 0.8481
vn 0.0445 0.5653 0.8237
vn 0.0743 0.4654 0.8820
vn 0.0082 0.5193 0.8546
vn 0.0579 0.3746 0.9254
vn -0.0515 0.4585 0.8872
vn 0.0183 0.2795 0.9600
vn -0.0239 0.3108 0.9502
vn 0.0174 0.2145 0.9766
vn 0.0129 0.2176 0.9759
vn 0.0616 0.1136 0.9916
vn -0.0513 0.1876 0.9809
vn 0.0332 0.0243 0.9992
vn -0.0118 0.0519 0.9986
vn 0.0897 -0.1260 0.9880
vn -0.0286 -0.0594 0.9978
vn 0.0820 -0.2362 0.9682
vn -0.0045 -0.1922 0.9814
vn 0.0692 -0.2997 0.9515
vn 0.0431 -0.2878 0.9567
vn 0.1128 -0.3804 0.9179
vn 0.0617 -0.3603 0.9308
vn 0.1492 -0.4650 0.8726
vn 0.0891 -0.4457 0.8907
vn 0.1597 -0.5208 0.8386
vn 0.0972 -0.5044 0.8580
vn 0.2015 -0.6015 0.7731
vn 0.1588 -0.5941 0.7886
vn 0.2384 -0.6570 0.7152
vn 0.1530 -0.6475 0.7465
vn 0.2548 -0.7165 0.6494
vn 0.1763 -0.7130 0.6786
vn 0.2905 -0.7751 0.5610
vn 0.2536 -0.7772 0.5759
vn 0.3276 -0.8057 0.4934
vn 0.2647 -0.8133 0.5181
vn 0.3542 -0.8372 0.4167
vn 0.3260 -0.8431 0.4278
vn 0.3964 -0.8513 0.3436
vn 0.3832 -0.8553 0.3488
vn 0.4374 -0.8539 0.2819
vn 0.3855 -0.8722 0.3010
vn 0.4301 -0.8681 0.2476
vn 0.4605 -0.8554 0.2371
vn 0.5478 -0.8274 0.1239
vn 0.4771 -0.8664 0.1474
vn 0.5749 -0.8180 0.0204
vn 0.4655 -0.8835 0.0517
vn 0.5425 -0.8389 -0.0441
vn 0.4854 -0.8737 -0.0306
vn 0.5431 -0.8336 -0.1005
vn 0.5211 -0.8480 -0.0963
vn 0.5763 -0.8011 -0.1613
vn 0.6265 -0.7611 -0.1680
vn 0.6632 -0.7180 -0.2114
vn 0.6459 -0.7338 -0.2105
vn 0.6893 -0.6768 -0.2585
vn 0.6579 -0.7071 -0.2594
vn 0.7068 -0.6362 -0.3094
vn 0.6255 -0.7127 -0.3176
vn 0.7227 -0.5581 -0.4078
vn 0.6550 -0.6274 -0.4212
vn 0.7009 -0.5456 -0.4593
vn 0.6741 -0.5727 -0.4665
vn 0.7090 -0.5060 -0.4911
vn 0.7087 -0.5064 -0.4913
vn 0.7353 -0.4506 -0.5063
vn 0.7182 -0.4688 -0.5142
vn 0.7977 -0.2626 -0.5429
vn 0.6962 -0.3813 -0.6082
vn 0.7589 -0.2062 -0.6178
vn 0.7003 -0.2728 -0.6596
vn 0.7315 -0.1794 -0.6578
vn 0.7586 -0.1476 -0.6346
vn 0.7824 -0.0508 -0.6206
vn 0.7466 -0.0947 -0.6585
vn 0.8213 0.0210 -0.5701
vn 0.8161 0.0145 -0.5778
vn 0.8362 0.1213 -0.5348
vn 0.8162 0.0957 -0.5698
vn 0.8332 0.2124 -0.5105
vn 0.7762 0.1456 -0.6135
vn 0.7967 0.2752 -0.5381
vn 0.7669 0.2430 -0.5940
vn 0.7793 0.3472 -0.5216
vn 0.7362 0.3046 -0.6044
vn 0.7479 0.4086 -0.5232
vn 0.7292 0.3920 -0.5609
vn 0.7355 0.5029 -0.4540
vn 0.6799 0.4602 -0.5709
vn 0.6862 0.5688 -0.4533
vn 0.6737 0.5608 -0.4813
vn 0.6730 0.6296 -0.3883
vn 0.6680 0.6273 -0.4003
vn 0.6665 0.6626 -0.3418
vn 0.6600 0.6606 -0.3578
vn 0.6598 0.6707 -0.3389
vn 0.6577 0.6703 -0.3436
vn 0.6542 0.7231 -0.2216
vn 0.5834 0.7183 -0.3791
vn 0.5756 0.8076 -0.1285
vn 0.5007 0.8152 -0.2910
vn 0.4923 0.8652 -0.0948
vn 0.4752 0.8701 -0.1309
vn 0.4736 0.8753 -0.0976
vn 0.5051 0.8624 -0.0349
vn 0.4976 0.8647 0.0683
vn 0.4430 0.8959 -0.0332
vn 0.8164 -0.0071 -0.5775
vn 0.8148 -0.0091 -0.5796
vn 0.4347 0.8876 0.1524
vn 0.3621 0.9316 0.0307
vn 0.3587 0.9142 0.1885
vn 0.3026 0.9473 0.1046
vn 0.3035 0.9223 0.2394
vn 0.3160 0.9134 0.2565
vn 0.3178 0.8776 0.3589
vn 0.2892 0.9008 0.3238
vn 0.2969 0.8228 0.4846
vn 0.1921 0.9086 0.3710
vn 0.2092 0.8071 0.5521
vn 0.2114 0.8051 0.5542
vn 0.2160 0.7817 0.5850
vn 0.2144 0.7832 0.5837
vn 0.2317 0.7111 0.6638
vn 0.2212 0.7208 0.6569
vn 0.2535 0.5968 0.7613
vn 0.1681 0.6757 0.7177
vn 0.2134 0.5259 0.8233
vn 0.1263 0.6029 0.7878
vn 0.1645 0.4933 0.8542
vn 0.1317 0.5206 0.8436
vn 0.1657 0.4328 0.8862
vn 0.0994 0.4843 0.8692
vn 0.1797 0.2948 0.9385
vn 0.0236 0.4102 0.9117
vn 0.1156 0.2152 0.9697
vn 0.0046 0.2909 0.9567
vn 0.0561 0.1911 0.9800
vn 0.0807 0.1754 0.9812
vn 0.1431 0.0627 0.9877
vn 0.0486 0.1193 0.9917
vn 0.1443 -0.0390 0.9888
vn 0.0608 0.0068 0.9981
vn 0.1720 -0.1629 0.9715
vn 0.0817 -0.1185 0.9896
vn 0.1805 -0.2583 0.9490
vn 0.1012 -0.2238 0.9694
vn 0.1829 -0.3289 0.9265
vn 0.1216 -0.3060 0.9442
vn 0.2102 -0.4087 0.8881
vn 0.1341 -0.3853 0.9130
vn 0.2108 -0.4656 0.8595
vn 0.2069 -0.4647 0.8610
vn 0.2904 -0.5402 0.7899
vn 0.2248 -0.5309 0.8171
vn 0.2944 -0.5856 0.7552
vn 0.2383 -0.5812 0.7781
vn 0.3277 -0.6409 0.6941
vn 0.2507 -0.6406 0.7258
vn 0.3817 -0.7094 0.5925
vn 0.3185 -0.7162 0.6210
vn 0.3912 -0.7440 0.5417
vn 0.3274 -0.7545 0.5688
vn 0.4311 -0.7806 0.4526
vn 0.3760 -0.7950 0.4759
vn 0.4644 -0.8040 0.3715
vn 0.4024 -0.8249 0.3970
vn 0.4618 -0.8245 0.3270
vn 0.4755 -0.8188 0.3216
vn 0.5238 -0.8105 0.2623
vn 0.5151 -0.8149 0.2656
vn 0.5740 -0.7960 0.1922
vn 0.4975 -0.8397 0.2176
vn 0.5835 -0.8041 0.1141
vn 0.5542 -0.8233 0.1227
vn 0.6160 -0.7863 0.0479
vn 0.5402 -0.8389 0.0657
vn 0.6228 -0.7818 -0.0298
vn 0.6539 -0.7557 -0.0357
vn 0.7098 -0.6967 -0.1037
vn 0.6931 -0.7136 -0.1017
vn 0.7266 -0.6725 -0.1408
vn 0.6728 -0.7267 -0.1387
vn 0.7269 -0.6583 -0.1955
vn 0.6999 -0.6866 -0.1968
vn 0.7258 -0.6514 -0.2214
vn 0.7155 -0.6621 -0.2228
vn 0.7863 -0.5485 -0.2843
vn 0.7117 -0.6337 -0.3032
vn 0.7786 -0.5179 -0.3544
vn 0.7025 -0.6020 -0.3795
vn 0.7696 -0.4777 -0.4236
vn 0.7380 -0.5138 -0.4374
vn 0.7708 -0.4469 -0.4541
vn 0.7895 -0.4245 -0.4433
vn 0.8250 -0.3354 -0.4548
vn 0.7785 -0.3941 -0.4885
vn 0.8368 -0.2323 -0.4958
vn 0.7763 -0.3103 -0.5487
vn 0.8321 -0.1284 -0.5395
vn 0.7867 -0.1891 -0.5876
vn 0.8158 -0.0817 -0.5725
vn 0.7903 -0.1145 -0.6019
vn 0.8474 0.0185 -0.5306
vn 0.8454 0.0158 -0.5339
vn 0.8606 0.0978 -0.4998
vn 0.8133 0.0389 -0.5806
vn 0.8354 0.1445 -0.5303
vn 0.8116 0.1173 -0.5723
vn 0.8317 0.2372 -0.5020
vn 0.7656 0.1687 -0.6208
vn 0.7893 0.2979 -0.5369
vn 0.7952 0.3038 -0.5247
vn 0.8021 0.3763 -0.4638
vn 0.7591 0.3386 -0.5560
vn 0.7703 0.4383 -0.4632
vn 0.7249 0.4048 -0.5573
vn 0.7360 0.5406 -0.4075
vn 0.6823 0.5077 -0.5260
vn 0.6880 0.6197 -0.3777
vn 0.6855 0.6186 -0.3838
vn 0.6843 0.6497 -0.3311
vn 0.6671 0.6447 -0.3732
vn 0.6674 0.6657 -0.3339
vn 0.6754 0.6668 -0.3150
vn 0.6755 0.6744 -0.2980
vn 0.6618 0.6742 -0.3280
vn 0.6608 0.7332 -0.1607
vn 0.5855 0.7442 -0.3215
vn 0.5817 0.8117 -0.0528
vn 0.5267 0.8327 -0.1710
vn 0.5216 0.8529 -0.0240
vn 0.5056 0.8610 -0.0561
vn 0.5039 0.8638 0.0008
vn 0.4943 0.8691 -0.0162
vn 0.8601 -0.0432 -0.5082
vn 0.8430 -0.0036 -0.5379
vn 0.4486 0.8908 0.0725
vn 0.4944 0.8681 0.0440
vn 0.4490 0.8780 0.1662
vn 0.4250 0.8956 0.1310
vn 0.4285 0.8535 0.2966
vn 0.4191 0.8625 0.2838
vn 0.4216 0.8318 0.3612
vn 0.3975 0.8552 0.3325
vn 0.4044 0.8134 0.4182
vn 0.3153 0.8906 0.3276
vn 0.3511 0.7393 0.5745
vn 0.2654 0.8242 0.5003
vn 0.2826 0.7556 0.5909
vn 0.2937 0.7449 0.5990
vn 0.3094 0.6856 0.6590
vn 0.2636 0.7290 0.6317
vn 0.2938 0.6335 0.7158
vn 0.2490 0.6748 0.6948
vn 0.2897 0.5559 0.7791
vn 0.2259 0.6134 0.7568
vn 0.2739 0.4862 0.8298
vn 0.2015 0.5485 0.8115
vn 0.2390 0.4602 0.8550
vn 0.1818 0.5051 0.8437
vn 0.2371 0.3868 0.8912
vn 0.1719 0.4352 0.8838
vn 0.2498 0.2775 0.9277
vn 0.1579 0.3420 0.9263
vn 0.2481 0.1737 0.9530
vn 0.1925 0.2106 0.9584
vn 0.2405 0.1270 0.9623
vn 0.2043 0.1489 0.9675
vn 0.2016 0.0204 0.9793
vn 0.2313 0.1064 0.9670
vn 0.2732 -0.0880 0.9579
vn 0.1904 -0.0479 0.9805
vn 0.2899 -0.1842 0.9392
vn 0.2034 -0.1481 0.9678
vn 0.2937 -0.2611 0.9196
vn 0.2185 -0.2346 0.9472
vn 0.3044 -0.3326 0.8926
vn 0.2452 -0.3159 0.9166
vn 0.3409 -0.4135 0.8443
vn 0.2428 -0.3932 0.8868
vn 0.3401 -0.4814 0.8078
vn 0.2845 -0.4743 0.8331
vn 0.3519 -0.5270 0.7736
vn 0.2631 -0.5212 0.8119
vn 0.3580 -0.5855 0.7274
vn 0.3244 -0.5861 0.7424
vn 0.4381 -0.6457 0.6254
vn 0.3669 -0.6553 0.6603
vn 0.4414 -0.6844 0.5803
vn 0.4666 -0.6784 0.5676
vn 0.5241 -0.6909 0.4979
vn 0.4014 -0.7286 0.5551
vn 0.5185 -0.7438 0.4218
vn 0.4602 -0.7665 0.4479
vn 0.5480 -0.7637 0.3414
vn 0.4822 -0.7945 0.3692
vn 0.5564 -0.7825 0.2797
vn 0.5475 -0.7874 0.2832
vn 0.5748 -0.7791 0.2502
vn 0.6342 -0.7387 0.2283
vn 0.6466 -0.7438 0.1694
vn 0.6486 -0.7315 0.2104
vn 0.6686 -0.7298 0.1429
vn 0.6886 -0.7120 0.1376
vn 0.7638 -0.6440 0.0429
vn 0.6946 -0.7170 0.0578
vn 0.7727 -0.6337 -0.0367
vn 0.7467 -0.6643 -0.0333
vn 0.7658 -0.6407 -0.0554
vn 0.7468 -0.6628 -0.0547
vn 0.7925 -0.6010 -0.1034
vn 0.7005 -0.7053 -0.1089
vn 0.7665 -0.6198 -0.1684
vn 0.7005 -0.6911 -0.1783
vn 0.7725 -0.5895 -0.2359
vn 0.7640 -0.5996 -0.2383
vn 0.8003 -0.5379 -0.2649
vn 0.7740 -0.5703 -0.2752
vn 0.8355 -0.4514 -0.3133
vn 0.7774 -0.5268 -0.3437
vn 0.8393 -0.3946 -0.3739
vn 0.7753 -0.4768 -0.4143
vn 0.8222 -0.3735 -0.4296
vn 0.8045 -0.3959 -0.4427
vn 0.8487 -0.2814 -0.4479
vn 0.8404 -0.2929 -0.4559
vn 0.8810 -0.1553 -0.4469
vn 0.8046 -0.2618 -0.5331
vn 0.8536 -0.0982 -0.5116
vn 0.8438 -0.1124 -0.5248
vn 0.8760 0.0213 -0.4819
vn 0.8537 -0.0104 -0.5206
vn 0.8654 0.0435 -0.4993
vn 0.8534 0.0281 -0.5205
vn 0.8711 0.1177 -0.4768
vn 0.8396 0.0795 -0.5373
vn 0.8563 0.1628 -0.4902
vn 0.8135 0.1181 -0.5695
vn 0.8431 0.2960 -0.4489
vn 0.8167 0.2677 -0.5113
vn 0.8237 0.3250 -0.4647
vn 0.7871 0.2930 -0.5427
vn 0.8003 0.3854 -0.4594
vn 0.7996 0.3850 -0.4608
vn 0.8045 0.4657 -0.3687
vn 0.7482 0.4314 -0.5040
vn 0.7534 0.5875 -0.2952
vn 0.6902 0.5599 -0.4585
vn 0.6920 0.6340 -0.3453
vn 0.7362 0.6425 -0.2126
vn 0.7383 0.6298 -0.2415
vn 0.7271 0.6297 -0.2734
vn 0.7270 0.6351 -0.2610
vn 0.7127 0.6361 -0.2955
vn 0.7142 0.6683 -0.2078
vn 0.7057 0.6708 -0.2281
vn 0.6980 0.7155 -0.0292
vn 0.6221 0.7551 -0.2068
vn 0.6161 0.7873 0.0227
vn 0.5917 0.8055 -0.0319
vn 0.5887 0.8072 0.0418
vn 0.5995 0.7979 0.0637
vn 0.8818 -0.0889 -0.4632
vn 0.8634 -0.0423 -0.5028
vn 0.5451 0.8354 0.0704
vn 0.5998 0.7994 0.0345
vn 0.5451 0.8180 0.1836
vn 0.5152 0.8461 0.1369
vn 0.5163 0.7956 0.3168
vn 0.4781 0.8379 0.2635
vn 0.4816 0.8012 0.3551
vn 0.4723 0.8116 0.3439
vn 0.4738 0.8039 0.3595
vn 0.4841 0.7930 0.3699
vn 0.5029 0.6850 0.5272
vn 0.3667 0.8335 0.4134
vn 0.4082 0.6843 0.6042
vn 0.3210 0.7751 0.5443
vn 0.3463 0.6927 0.6327
vn 0.2703 0.7626 0.5876
vn 0.3110 0.6511 0.6923
vn 0.2804 0.6792 0.6783
vn 0.3162 0.5829 0.7485
vn 0.2888 0.6081 0.7395
vn 0.3262 0.5125 0.7944
vn 0.2091 0.6104 0.7640
vn 0.2669 0.4869 0.8317
vn 0.2235 0.5209 0.8238
vn 0.2739 0.4189 0.8658
vn 0.2537 0.4342 0.8644
vn 0.3088 0.3260 0.8935
vn 0.2503 0.3685 0.8953
vn 0.3384 0.2021 0.9191
vn 0.2714 0.2489 0.9297
vn 0.3287 0.1487 0.9327
vn 0.2723 0.1843 0.9444
vn 0.2821 0.1098 0.9531
vn 0.2957 0.1478 0.9438
vn 0.3715 -0.0238 0.9281
vn 0.2838 0.0202 0.9587
vn 0.3794 -0.1127 0.9183
vn 0.3120 -0.0835 0.9464
vn 0.3939 -0.1883 0.8997
vn 0.2702 -0.1441 0.9520
vn 0.3814 -0.2722 0.8834
vn 0.3088 -0.2516 0.9172
vn 0.3910 -0.3373 0.8564
vn 0.3135 -0.3212 0.8936
vn 0.4162 -0.4156 0.8088
vn 0.3057 -0.4015 0.8633
vn 0.3828 -0.4638 0.7990
vn 0.3396 -0.4614 0.8196
vn 0.4336 -0.5251 0.7323
vn 0.3588 -0.5279 0.7698
vn 0.4722 -0.5897 0.6552
vn 0.3713 -0.6025 0.7065
vn 0.5000 -0.6545 0.5672
vn 0.4917 -0.6567 0.5718
vn 0.4989 -0.6585 0.5634
vn 0.5022 -0.6574 0.5617
vn 0.5839 -0.6664 0.4637
vn 0.5692 -0.6735 0.4716
vn 0.6280 -0.6696 0.3965
vn 0.5895 -0.6921 0.4165
vn 0.6665 -0.6751 0.3162
vn 0.6100 -0.7141 0.3434
vn 0.6847 -0.6859 0.2466
vn 0.5570 -0.7756 0.2971
vn 0.6752 -0.7032 0.2226
vn 0.6702 -0.7249 0.1593
vn 0.7256 -0.6694 0.1593
vn 0.7335 -0.6614 0.1567
vn 0.7697 -0.6288 0.1105
vn 0.7487 -0.6527 0.1159
vn 0.8177 -0.5750 0.0273
vn 0.7847 -0.6190 0.0330
vn 0.8084 -0.5886 0.0045
vn 0.7959 -0.6054 0.0052
vn 0.8042 -0.5944 -0.0036
vn 0.7883 -0.6153 -0.0044
vn 0.8239 -0.5655 -0.0382
vn 0.7587 -0.6496 -0.0487
vn 0.8498 -0.5118 -0.1259
vn 0.7621 -0.6295 -0.1516
vn 0.8298 -0.5208 -0.2005
vn 0.7815 -0.5839 -0.2198
vn 0.8405 -0.4774 -0.2560
vn 0.7996 -0.5324 -0.2778
vn 0.8533 -0.4240 -0.3036
vn 0.8197 -0.4707 -0.3264
vn 0.8698 -0.3553 -0.3423
vn 0.8367 -0.4034 -0.3705
vn 0.8873 -0.2661 -0.3767
vn 0.8546 -0.3163 -0.4118
vn 0.8842 -0.2281 -0.4077
vn 0.8447 -0.2846 -0.4532
vn 0.9007 -0.0907 -0.4249
vn 0.8678 -0.1440 -0.4756
vn 0.9180 0.0066 -0.3965
vn 0.8910 -0.0394 -0.4524
vn 0.9052 0.0356 -0.4234
vn 0.8462 -0.0449 -0.5310
vn 0.8760 0.0811 -0.4754
vn 0.8557 0.0556 -0.5145
vn 0.8685 0.1157 -0.4821
vn 0.8848 0.1357 -0.4457
vn 0.8968 0.2533 -0.3627
vn 0.8461 0.1923 -0.4971
vn 0.8584 0.2776 -0.4313
vn 0.8551 0.2742 -0.4400
vn 0.8613 0.3624 -0.3562
vn 0.8250 0.3310 -0.4579
vn 0.8318 0.4003 -0.3845
vn 0.8105 0.3862 -0.4404
vn 0.8146 0.5029 -0.2889
vn 0.7860 0.4901 -0.3770
vn 0.7727 0.6155 -0.1552
vn 0.7350 0.6104 -0.2952
vn 0.7338 0.6256 -0.2650
vn 0.7431 0.6258 -0.2369
vn 0.7437 0.6157 -0.2606
vn 0.7449 0.6155 -0.2573
vn 0.7447 0.6407 -0.1868
vn 0.6987 0.6519 -0.2948
vn 0.7031 0.6979 -0.1363
vn 0.6864 0.7059 -0.1748
vn 0.6791 0.7331 0.0386
vn 0.6593 0.7518 -0.0113
vn 0.6520 0.7515 0.1006
vn 0.6167 0.7869 0.0229
vn 0.9101 -0.1061 -0.4005
vn 0.9020 -0.0815 -0.4241
vn 0.6513 0.7561 0.0641
vn 0.6156 0.7831 0.0880
vn 0.6499 0.7332 0.1998
vn 0.6200 0.7706 0.1474
vn 0.6185 0.7206 0.3135
vn 0.5711 0.7845 0.2415
vn 0.5746 0.7294 0.3712
vn 0.5530 0.7592 0.3434
vn 0.5558 0.7381 0.3825
vn 0.5361 0.7628 0.3616
vn 0.5458 0.7175 0.4328
vn 0.4853 0.7873 0.3803
vn 0.5185 0.6556 0.5490
vn 0.4065 0.7832 0.4706
vn 0.4397 0.6798 0.5870
vn 0.3704 0.7509 0.5468
vn 0.4152 0.6179 0.6677
vn 0.3176 0.7142 0.6238
vn 0.3697 0.5760 0.7291
vn 0.2569 0.6783 0.6885
vn 0.2985 0.5850 0.7541
vn 0.2943 0.5886 0.7530
vn 0.3382 0.4911 0.8028
vn 0.2978 0.5252 0.7972
vn 0.3505 0.4133 0.8404
vn 0.2721 0.4758 0.8364
vn 0.3340 0.3560 0.8727
vn 0.3548 0.3398 0.8710
vn 0.4082 0.2335 0.8825
vn 0.3169 0.3012 0.8994
vn 0.3854 0.1796 0.9051
vn 0.2918 0.2416 0.9255
vn 0.3516 0.1494 0.9242
vn 0.3509 0.1475 0.9247
vn 0.4251 0.0347 0.9045
vn 0.3514 0.0746 0.9333
vn 0.4444 -0.0603 0.8938
vn 0.3569 -0.0190 0.9340
vn 0.4234 -0.1071 0.8996
vn 0.3621 -0.0833 0.9284
vn 0.4615 -0.2035 0.8635
vn 0.3437 -0.1669 0.9241
vn 0.4415 -0.2731 0.8547
vn 0.4075 -0.2655 0.8738
vn 0.4714 -0.3284 0.8185
vn 0.3899 -0.3169 0.8646
vn 0.4764 -0.3911 0.7875
vn 0.3987 -0.3865 0.8316
vn 0.4887 -0.4526 0.7459
vn 0.4389 -0.4545 0.7751
vn 0.5238 -0.5052 0.6858
vn 0.4664 -0.5132 0.7204
vn 0.5993 -0.5726 0.5594
vn 0.4580 -0.6092 0.6474
vn 0.5326 -0.6336 0.5612
vn 0.5360 -0.6325 0.5592
vn 0.6038 -0.6419 0.4727
vn 0.6301 -0.6283 0.4564
vn 0.6547 -0.6269 0.4225
vn 0.6237 -0.6457 0.4405
vn 0.6856 -0.6341 0.3576
vn 0.6597 -0.6530 0.3721
vn 0.6862 -0.6445 0.3374
vn 0.7054 -0.6285 0.3278
vn 0.7557 -0.6260 0.1924
vn 0.7595 -0.5992 0.2532
vn 0.7678 -0.6164 0.1749
vn 0.7315 -0.6551 0.1891
vn 0.7745 -0.6185 0.1330
vn 0.7756 -0.6171 0.1326
vn 0.8249 -0.5614 0.0664
vn 0.7938 -0.6037 0.0737
vn 0.8254 -0.5635 0.0339
vn 0.7914 -0.6101 0.0378
vn 0.8092 -0.5873 0.0183
vn 0.7974 -0.6032 0.0183
vn 0.8071 -0.5903 0.0090
vn 0.8062 -0.5915 0.0089
vn 0.8516 -0.5233 -0.0310
vn 0.8108 -0.5838 -0.0421
vn 0.8705 -0.4841 -0.0886
vn 0.8248 -0.5550 -0.1080
vn 0.8825 -0.4471 -0.1460
vn 0.7795 -0.5935 -0.2001
vn 0.8706 -0.4267 -0.2449
vn 0.8591 -0.4447 -0.2533
vn 0.8958 -0.3554 -0.2668
vn 0.8669 -0.4029 -0.2936
vn 0.9134 -0.2737 -0.3014
vn 0.8757 -0.3384 -0.3445
vn 0.9056 -0.2500 -0.3425
vn 0.9092 -0.2437 -0.3376
vn 0.9416 -0.1051 -0.3198
vn 0.8799 -0.2175 -0.4225
vn 0.9201 -0.0293 -0.3905
vn 0.8965 -0.0707 -0.4373
vn 0.9045 -0.0339 -0.4252
vn 0.8995 -0.0416 -0.4349
vn 0.9182 0.0614 -0.3913
vn 0.8602 -0.0201 -0.5096
vn 0.8918 0.1355 -0.4316
vn 0.8952 0.1404 -0.4230
vn 0.9002 0.1851 -0.3943
vn 0.8773 0.1555 -0.4540
vn 0.8892 0.2650 -0.3728
vn 0.8576 0.2284 -0.4609
vn 0.8666 0.3173 -0.3851
vn 0.8631 0.3137 -0.3958
vn 0.8655 0.3617 -0.3465
vn 0.8231 0.3293 -0.4627
vn 0.8321 0.4651 -0.3021
vn 0.8200 0.4581 -0.3432
vn 0.8076 0.5617 -0.1796
vn 0.7614 0.5472 -0.3478
vn 0.7546 0.6180 -0.2208
vn 0.7433 0.6169 -0.2587
vn 0.7433 0.6167 -0.2592
vn 0.7649 0.6142 -0.1939
vn 0.7658 0.6033 -0.2226
vn 0.8097 0.5819 -0.0765
vn 0.8066 0.5895 -0.0438
vn 0.7819 0.6106 -0.1256
vn 0.7630 0.6405 0.0870
vn 0.7180 0.6940 -0.0542
vn 0.7082 0.6998 0.0931
vn 0.7047 0.7046 0.0833
vn 0.9286 -0.2077 -0.3074
vn 0.9047 -0.1087 -0.4120
vn 0.7187 0.6779 0.1544
vn 0.6967 0.6969 0.1699
vn 0.7160 0.6697 0.1972
vn 0.6730 0.7310 0.1127
vn 0.6721 0.6849 0.2814
vn 0.6674 0.6928 0.2730
vn 0.6643 0.6475 0.3735
vn 0.5942 0.7567 0.2726
vn 0.6010 0.7067 0.3732
vn 0.5337 0.7917 0.2973
vn 0.5476 0.7421 0.3866
vn 0.5395 0.7517 0.3792
vn 0.5572 0.6824 0.4731
vn 0.4508 0.8013 0.3934
vn 0.4933 0.6800 0.5424
vn 0.4780 0.6979 0.5334
vn 0.5023 0.6174 0.6054
vn 0.4062 0.7215 0.5608
vn 0.4542 0.5938 0.6642
vn 0.4122 0.6384 0.6501
vn 0.4540 0.5255 0.7195
vn 0.2989 0.6708 0.6787
vn 0.3770 0.5007 0.7792
vn 0.3362 0.5376 0.7733
vn 0.3759 0.4504 0.8098
vn 0.3783 0.4483 0.8099
vn 0.4349 0.3216 0.8411
vn 0.3512 0.3936 0.8496
vn 0.4040 0.2884 0.8681
vn 0.3720 0.3137 0.8736
vn 0.4161 0.2314 0.8794
vn 0.4099 0.2360 0.8811
vn 0.4039 0.1468 0.9029
vn 0.4265 0.2071 0.8805
vn 0.4436 0.0804 0.8926
vn 0.3784 0.1192 0.9180
vn 0.4598 -0.0048 0.8880
vn 0.3568 0.0486 0.9329
vn 0.4401 -0.0669 0.8955
vn 0.4630 -0.0772 0.8830
vn 0.4974 -0.1231 0.8588
vn 0.4270 -0.0974 0.8990
vn 0.5283 -0.2193 0.8202
vn 0.4006 -0.1839 0.8976
vn 0.4858 -0.2746 0.8298
vn 0.5006 -0.2773 0.8201
vn 0.5381 -0.3128 0.7827
vn 0.4885 -0.3087 0.8161
vn 0.5683 -0.3735 0.7331
vn 0.4674 -0.3749 0.8006
vn 0.5675 -0.4427 0.6942
vn 0.5040 -0.4502 0.7371
vn 0.6017 -0.5021 0.6212
vn 0.5394 -0.5168 0.6648
vn 0.6310 -0.5505 0.5467
vn 0.5958 -0.5636 0.5721
vn 0.6785 -0.5788 0.4523
vn 0.5705 -0.6305 0.5264
vn 0.6343 -0.6352 0.4408
vn 0.6581 -0.6214 0.4252
vn 0.6923 -0.6162 0.3754
vn 0.6833 -0.6228 0.3812
vn 0.7186 -0.6120 0.3304
vn 0.7381 -0.5948 0.3185
vn 0.7766 -0.5745 0.2587
vn 0.7766 -0.5740 0.2596
vn 0.8010 -0.5563 0.2213
vn 0.8005 -0.5569 0.2215
vn 0.8346 -0.5243 0.1693
vn 0.7909 -0.5822 0.1886
vn 0.8439 -0.5245 0.1128
vn 0.8104 -0.5726 0.1241
vn 0.8407 -0.5350 0.0832
vn 0.8414 -0.5340 0.0831
vn 0.8484 -0.5241 0.0742
vn 0.8506 -0.5206 0.0740
vn 0.8535 -0.5163 0.0708
vn 0.8354 -0.5452 0.0697
vn 0.8658 -0.4987 0.0404
vn 0.8182 -0.5741 0.0305
vn 0.8785 -0.4773 -0.0194
vn 0.8396 -0.5422 -0.0336
vn 0.8704 -0.4893 -0.0550
vn 0.8837 -0.4655 -0.0477
vn 0.9375 -0.3377 -0.0843
vn 0.8640 -0.4827 -0.1430
vn 0.9250 -0.3389 -0.1716
vn 0.9048 -0.3799 -0.1923
vn 0.9396 -0.2761 -0.2021
vn 0.9059 -0.3456 -0.2446
vn 0.9465 -0.2097 -0.2453
vn 0.9115 -0.2830 -0.2984
vn 0.9400 -0.1794 -0.2903
vn 0.9313 -0.1977 -0.3058
vn 0.9563 -0.0420 -0.2894
vn 0.8934 -0.1662 -0.4174
vn 0.9233 -0.0347 -0.3825
vn 0.8712 -0.1172 -0.4768
vn 0.8965 -0.0154 -0.4429
vn 0.9009 -0.0086 -0.4339
vn 0.9207 0.1406 -0.3641
vn 0.8302 0.0131 -0.5573
vn 0.8608 0.1568 -0.4842
vn 0.8767 0.1778 -0.4470
vn 0.8812 0.2238 -0.4164
vn 0.8898 0.2357 -0.3907
vn 0.8919 0.3030 -0.3358
vn 0.8789 0.2860 -0.3818
vn 0.8799 0.3062 -0.3633
vn 0.8826 0.3089 -0.3545
vn 0.8778 0.4205 -0.2294
vn 0.8184 0.3741 -0.4362
vn 0.8177 0.5140 -0.2592
vn 0.8220 0.5162 -0.2404
vn 0.8098 0.5666 -0.1523
vn 0.8201 0.5661 -0.0836
vn 0.8234 0.5581 -0.1024
vn 0.8250 0.5573 -0.0932
vn 0.8203 0.5688 -0.0597
vn 0.8184 0.5705 -0.0694
vn 0.8193 0.5680 -0.0783
vn 0.8320 0.5543 -0.0244
vn 0.8216 0.5670 0.0599
vn 0.7954 0.6045 -0.0431
vn 0.7740 0.6157 0.1480
vn 0.7600 0.6430 0.0944
vn 0.9237 -0.2207 -0.3133
vn 0.9223 -0.2119 -0.3233
vn 0.7501 0.6267 0.2112
vn 0.7437 0.6327 0.2160
vn 0.7552 0.6356 0.1602
vn 0.7637 0.6194 0.1818
vn 0.7519 0.5815 0.3106
vn 0.7105 0.6689 0.2184
vn 0.7086 0.6350 0.3077
vn 0.6825 0.6815 0.2640
vn 0.6848 0.6506 0.3283
vn 0.6699 0.6755 0.3081
vn 0.6759 0.6259 0.3891
vn 0.5426 0.8010 0.2529
vn 0.5747 0.7156 0.3971
vn 0.5536 0.7412 0.3797
vn 0.5869 0.6182 0.5229
vn 0.4653 0.7667 0.4424
vn 0.5016 0.6675 0.5503
vn 0.4925 0.6781 0.5456
vn 0.5250 0.5756 0.6269
vn 0.4345 0.6783 0.5925
vn 0.4648 0.6036 0.6478
vn 0.4206 0.6482 0.6348
vn 0.4874 0.4797 0.7296
vn 0.3777 0.5905 0.7132
vn 0.4475 0.4258 0.7864
vn 0.3955 0.4768 0.7850
vn 0.4413 0.3707 0.8172
vn 0.4077 0.4020 0.8198
vn 0.4555 0.2970 0.8392
vn 0.4418 0.3094 0.8421
vn 0.4808 0.2259 0.8472
vn 0.4265 0.2712 0.8629
vn 0.4451 0.2059 0.8715
vn 0.4518 0.2240 0.8635
vn 0.4923 0.1211 0.8620
vn 0.3956 0.1853 0.8995
vn 0.4741 0.0597 0.8784
vn 0.4346 0.0831 0.8968
vn 0.5293 -0.0650 0.8460
vn 0.4368 -0.0164 0.8994
vn 0.4837 -0.0830 0.8713
vn 0.4866 -0.0842 0.8695
vn 0.5293 -0.1407 0.8367
vn 0.5211 -0.1378 0.8423
vn 0.5980 -0.2321 0.7672
vn 0.4741 -0.2014 0.8571
vn 0.5472 -0.2780 0.7895
vn 0.5046 -0.2715 0.8195
vn 0.5582 -0.3204 0.7653
vn 0.5268 -0.3189 0.7879
vn 0.6042 -0.3789 0.7010
vn 0.5371 -0.3835 0.7513
vn 0.6308 -0.4434 0.6368
vn 0.6197 -0.4458 0.6460
vn 0.6869 -0.4772 0.5481
vn 0.6411 -0.4939 0.5875
vn 0.6945 -0.5097 0.5079
vn 0.6784 -0.5176 0.5213
vn 0.7441 -0.5233 0.4154
vn 0.7307 -0.5325 0.4272
vn 0.7585 -0.5292 0.3804
vn 0.7206 -0.5586 0.4108
vn 0.7752 -0.5433 0.3223
vn 0.7741 -0.5444 0.3231
vn 0.7902 -0.5537 0.2627
vn 0.7911 -0.5360 0.2948
vn 0.8120 -0.5382 0.2258
vn 0.8045 -0.5473 0.2308
vn 0.8208 -0.5333 0.2046
vn 0.8020 -0.5574 0.2148
vn 0.8452 -0.5132 0.1489
vn 0.8391 -0.5223 0.1518
vn 0.8677 -0.4853 0.1075
vn 0.8358 -0.5361 0.1186
vn 0.8602 -0.5028 0.0848
vn 0.8663 -0.4925 0.0835
vn 0.8559 -0.5081 0.0966
vn 0.8651 -0.4923 0.0961
vn 0.8629 -0.4957 0.0985
vn 0.8861 -0.4523 0.1011
vn 0.9023 -0.4228 0.0845
vn 0.8887 -0.4515 0.0803
vn 0.9236 -0.3803 0.0485
vn 0.8929 -0.4491 0.0321
vn 0.9270 -0.3751 0.0068
vn 0.9005 -0.4347 -0.0132
vn 0.9554 -0.2915 -0.0474
vn 0.8907 -0.4406 -0.1124
vn 0.9472 -0.2907 -0.1356
vn 0.9352 -0.3202 -0.1513
vn 0.9619 -0.2241 -0.1563
vn 0.9047 -0.3524 -0.2394
vn 0.9565 -0.1737 -0.2344
vn 0.9034 -0.2859 -0.3196
vn 0.9640 -0.1257 -0.2344
vn 0.9502 -0.1605 -0.2670
vn 0.9651 -0.0792 -0.2495
vn 0.9690 -0.0681 -0.2377
vn 0.9770 0.0109 -0.2130
vn 0.9396 -0.0842 -0.3319
vn 0.9564 0.0216 -0.2913
vn 0.9280 -0.0345 -0.3711
vn 0.9473 0.1706 -0.2712
vn 0.9236 0.1172 -0.3650
vn 0.9272 0.2267 -0.2981
vn 0.9091 0.1913 -0.3700
vn 0.9104 0.2747 -0.3095
vn 0.9048 0.2649 -0.3335
vn 0.9044 0.2978 -0.3056
vn 0.8977 0.2886 -0.3329
vn 0.8973 0.3333 -0.2894
vn 0.9184 0.3645 -0.1540
vn 0.8976 0.4369 -0.0585
vn 0.8800 0.4180 -0.2258
vn 0.8419 0.5387 -0.0315
vn 0.8393 0.5386 -0.0745
vn 0.8378 0.5418 -0.0678
vn 0.8356 0.5426 -0.0852
vn 0.8294 0.5564 -0.0502
vn 0.8216 0.5619 -0.0958
vn 0.8155 0.5767 -0.0494
vn 0.8315 0.5533 0.0491
vn 0.8377 0.5460 0.0105
vn 0.8577 0.4854 0.1693
vn 0.8500 0.4865 0.2022
vn 0.8236 0.5654 0.0451
vn 0.9502 -0.2598 -0.1720
vn 0.9486 -0.2005 -0.2448
vn 0.7538 0.6173 0.2252
vn 0.8056 0.5627 0.1855
vn 0.7604 0.6242 0.1795
vn 0.7681 0.6071 0.2036
vn 0.7639 0.5968 0.2453
vn 0.7632 0.5987 0.2432
vn 0.7598 0.5815 0.2907
vn 0.7408 0.6230 0.2510
vn 0.7401 0.5903 0.3220
vn 0.6625 0.7201 0.2063
vn 0.6709 0.6916 0.2675
vn 0.6371 0.7357 0.2299
vn 0.6631 0.6452 0.3796
vn 0.6311 0.6928 0.3489
vn 0.6472 0.6301 0.4291
vn 0.5807 0.7206 0.3788
vn 0.6201 0.5855 0.5222
vn 0.5879 0.6327 0.5040
vn 0.6048 0.5721 0.5540
vn 0.5304 0.6678 0.5222
vn 0.5650 0.5712 0.5953
vn 0.5362 0.6066 0.5869
vn 0.5729 0.5012 0.6485
vn 0.4499 0.6375 0.6254
vn 0.5362 0.4219 0.7311
vn 0.4026 0.5631 0.7216
vn 0.4801 0.3795 0.7909
vn 0.4702 0.3899 0.7917
vn 0.5081 0.2919 0.8103
vn 0.4554 0.3449 0.8208
vn 0.4926 0.2591 0.8308
vn 0.4350 0.3112 0.8450
vn 0.4707 0.2220 0.8539
vn 0.4743 0.2314 0.8494
vn 0.4909 0.1829 0.8518
vn 0.4712 0.1977 0.8596
vn 0.5321 0.0879 0.8421
vn 0.4640 0.1344 0.8756
vn 0.5442 -0.0020 0.8390
vn 0.4409 0.0596 0.8956
vn 0.5274 -0.0754 0.8463
vn 0.5476 -0.0861 0.8323
vn 0.5711 -0.1220 0.8117
vn 0.5515 -0.1135 0.8264
vn 0.5840 -0.1574 0.7963
vn 0.5201 -0.1365 0.8431
vn 0.5963 -0.2262 0.7703
vn 0.6036 -0.2278 0.7641
vn 0.6294 -0.2556 0.7338
vn 0.5919 -0.2516 0.7657
vn 0.6483 -0.3026 0.6986
vn 0.5934 -0.3036 0.7455
vn 0.6949 -0.3800 0.6105
vn 0.6751 -0.3836 0.6301
vn 0.7232 -0.4119 0.5543
vn 0.6959 -0.4210 0.5817
vn 0.7462 -0.4411 0.4986
vn 0.7145 -0.4565 0.5303
vn 0.7804 -0.4686 0.4141
vn 0.7299 -0.5013 0.4648
vn 0.7642 -0.5015 0.4055
vn 0.7260 -0.5289 0.4395
vn 0.7933 -0.5162 0.3229
vn 0.7905 -0.5188 0.3254
vn 0.8062 -0.5119 0.2966
vn 0.8062 -0.5120 0.2965
vn 0.8370 -0.4919 0.2397
vn 0.7937 -0.5435 0.2733
vn 0.8233 -0.5215 0.2241
vn 0.8097 -0.5386 0.2331
vn 0.8530 -0.4965 0.1606
vn 0.8278 -0.5329 0.1753
vn 0.8541 -0.5028 0.1332
vn 0.8671 -0.4818 0.1269
vn 0.8828 -0.4589 0.1010
vn 0.9124 -0.3996 0.0887
vn 0.8882 -0.4413 0.1277
vn 0.9017 -0.4140 0.1245
vn 0.9002 -0.4167 0.1266
vn 0.9219 -0.3665 0.1253
vn 0.9130 -0.3844 0.1369
vn 0.8996 -0.4155 0.1347
vn 0.9220 -0.3708 0.1113
vn 0.9189 -0.3787 0.1100
vn 0.9341 -0.3439 0.0957
vn 0.8855 -0.4600 0.0649
vn 0.9383 -0.3447 0.0294
vn 0.9322 -0.3613 0.0235
vn 0.9725 -0.2331 -0.0022
vn 0.9324 -0.3566 -0.0587
vn 0.9595 -0.2733 -0.0683
vn 0.9558 -0.2844 -0.0746
vn 0.9785 -0.1911 -0.0771
vn 0.9254 -0.3361 -0.1753
vn 0.9952 -0.0959 -0.0168
vn 0.9859 -0.1537 -0.0657
vn 0.9985 -0.0297 -0.0452
vn 0.9776 -0.1416 -0.1557
vn 0.9889 -0.0601 -0.1357
vn 0.9867 -0.0697 -0.1466
vn 0.9913 -0.0203 -0.1302
vn 0.9918 -0.0176 -0.1266
vn 0.9915 0.1076 -0.0725
vn 0.9815 0.0371 -0.1876
vn 0.9786 0.1694 -0.1165
vn 0.9716 0.1259 -0.2003
vn 0.9639 0.2321 -0.1305
vn 0.9497 0.1764 -0.2589
vn 0.9457 0.2585 -0.1972
vn 0.9502 0.2775 -0.1420
vn 0.9366 0.3410 -0.0810
vn 0.9362 0.3354 -0.1053
vn 0.9298 0.3598 -0.0772
vn 0.9300 0.3664 -0.0285
vn 0.8886 0.4487 0.0952
vn 0.8904 0.4396 -0.1185
vn 0.8657 0.5005 -0.0130
vn 0.8535 0.5001 -0.1462
vn 0.8388 0.5406 -0.0640
vn 0.8419 0.5003 0.2024
vn 0.8684 0.4792 0.1276
vn 0.8674 0.4662 0.1743
vn 0.8644 0.4679 0.1839
vn 0.8644 0.4704 0.1774
vn 0.8775 0.4644 0.1194
vn 0.8699 0.4893 0.0629
vn 0.9727 -0.2321 0.0079
vn 0.9778 -0.2079 -0.0252
vn 0.8117 0.5516 0.1920
vn 0.8574 0.4918 0.1518
vn 0.8041 0.5473 0.2323
vn 0.8173 0.4751 0.3260
vn 0.8267 0.4866 0.2824
vn 0.8343 0.4447 0.3259
vn 0.8401 0.4576 0.2912
vn 0.8431 0.4765 0.2490
vn 0.8569 0.4299 0.2846
vn 0.8578 0.4511 0.2463
vn 0.8065 0.5678 0.1651
vn 0.8219 0.4595 0.3367
vn 0.6993 0.6869 0.1980
vn 0.7341 0.5756 0.3602
vn 0.7149 0.6092 0.3432
vn 0.7366 0.4918 0.4643
vn 0.5908 0.7184 0.3671
vn 0.6356 0.5924 0.4950
vn 0.5838 0.6628 0.4689
vn 0.6201 0.5515 0.5580
vn 0.5541 0.6382 0.5345
vn 0.5788 0.5721 0.5812
vn 0.5681 0.5852 0.5786
vn 0.6082 0.4700 0.6396
vn 0.5558 0.5356 0.6358
vn 0.6231 0.3257 0.7111
vn 0.4772 0.5019 0.7214
vn 0.5469 0.3163 0.7752
vn 0.5294 0.3365 0.7788
vn 0.5486 0.2843 0.7862
vn 0.5593 0.2727 0.7828
vn 0.5516 0.2185 0.8050
vn 0.5661 0.2558 0.7837
vn 0.5642 0.1896 0.8036
vn 0.4878 0.2545 0.8350
vn 0.5496 0.1345 0.8245
vn 0.4363 0.2179 0.8730
vn 0.5231 0.0673 0.8496
vn 0.5830 0.0255 0.8121
vn 0.6317 -0.0709 0.7720
vn 0.5117 0.0039 0.8592
vn 0.5783 -0.1064 0.8089
vn 0.5530 -0.0933 0.8279
vn 0.5700 -0.1190 0.8130
vn 0.6336 -0.1458 0.7598
vn 0.6675 -0.1954 0.7185
vn 0.6194 -0.1807 0.7640
vn 0.6492 -0.2172 0.7290
vn 0.6257 -0.2129 0.7504
vn 0.6641 -0.2529 0.7036
vn 0.6646 -0.2529 0.7031
vn 0.7415 -0.3229 0.5881
vn 0.7024 -0.3275 0.6319
vn 0.7511 -0.3635 0.5511
vn 0.7373 -0.3674 0.5670
vn 0.7734 -0.3871 0.5021
vn 0.7254 -0.4070 0.5550
vn 0.7874 -0.4281 0.4436
vn 0.7073 -0.4711 0.5270
vn 0.7637 -0.4803 0.4314
vn 0.7880 -0.4629 0.4058
vn 0.8295 -0.4577 0.3200
vn 0.7979 -0.4876 0.3544
vn 0.8265 -0.4785 0.2965
vn 0.8265 -0.4781 0.2971
vn 0.8348 -0.4740 0.2801
vn 0.8256 -0.4849 0.2886
vn 0.8484 -0.4689 0.2458
vn 0.8209 -0.5042 0.2681
vn 0.8625 -0.4677 0.1932
vn 0.8672 -0.4604 0.1896
vn 0.8902 -0.4320 0.1445
vn 0.8833 -0.4445 0.1493
vn 0.9130 -0.3980 0.0894
vn 0.9092 -0.4061 0.0918
vn 0.8958 -0.4290 0.1166
vn 0.9517 -0.2938 0.0895
vn 0.9277 -0.3472 0.1372
vn 0.9360 -0.3250 0.1348
vn 0.9136 -0.3699 0.1688
vn 0.9344 -0.3140 0.1680
vn 0.9349 -0.3131 0.1674
vn 0.9377 -0.3041 0.1680
vn 0.9192 -0.3455 0.1887
vn 0.9389 -0.2804 0.1999
vn 0.9561 -0.2307 0.1805
vn 0.9125 -0.3847 0.1390
vn 0.9627 -0.2505 0.1021
vn 0.9331 -0.3540 0.0631
vn 0.9743 -0.2220 0.0389
vn 0.9692 -0.2447 0.0281
vn 0.9685 -0.2473 0.0283
vn 0.9596 -0.2812 0.0085
vn 0.9819 -0.0769 0.1730
vn 0.9810 -0.1574 0.1134
vn 0.9896 -0.0765 0.1215
vn 0.9832 -0.0055 0.1827
vn 0.9834 -0.0155 0.1809
vn 0.9817 -0.0061 0.1905
vn 0.9810 0.0067 0.1939
vn 0.9923 -0.0652 0.1053
vn 0.9894 0.0324 0.1416
vn 0.9985 -0.0532 0.0133
vn 0.9912 0.1008 0.0864
vn 0.9989 0.0447 -0.0137
vn 0.9907 0.1313 0.0352
vn 0.9944 0.0865 -0.0599
vn 0.9708 0.2361 0.0426
vn 0.9652 0.2495 0.0789
vn 0.9578 0.2707 0.0966
vn 0.9670 0.2529 0.0297
vn 0.9444 0.3154 0.0928
vn 0.9459 0.3137 0.0827
vn 0.9382 0.3303 0.1034
vn 0.9386 0.3301 0.0998
vn 0.9295 0.3469 0.1253
vn 0.9354 0.3478 0.0628
vn 0.8533 0.4525 0.2592
vn 0.8633 0.4613 0.2046
vn 0.8710 0.4545 0.1867
vn 0.8620 0.4371 0.2565
vn 0.8783 0.4270 0.2152
vn 0.8809 0.4446 0.1625
vn 0.8947 0.4342 0.1044
vn 0.8965 0.3827 0.2230
vn 0.9553 -0.1960 0.2213
vn 0.9714 -0.1633 0.1721
vn 0.8967 0.3896 0.2101
vn 0.9011 0.3819 0.2055
vn 0.8516 0.3735 0.3677
vn 0.8384 0.5191 0.1664
vn 0.8120 0.4952 0.3088
vn 0.8144 0.4795 0.3268
vn 0.8227 0.4933 0.2825
vn 0.8337 0.4391 0.3350
vn 0.8414 0.4620 0.2804
vn 0.8454 0.4467 0.2930
vn 0.8458 0.5062 0.1683
vn 0.8665 0.4544 0.2068
vn 0.8651 0.4647 0.1888
vn 0.8517 0.4957 0.1697
vn 0.8653 0.3986 0.3039
vn 0.7611 0.6198 0.1915
vn 0.7914 0.5230 0.3166
vn 0.7791 0.5467 0.3066
vn 0.7968 0.4593 0.3926
vn 0.6443 0.7017 0.3041
vn 0.7105 0.5193 0.4748
vn 0.6391 0.6269 0.4455
vn 0.6757 0.5123 0.5300
vn 0.6561 0.5419 0.5252
vn 0.6796 0.4605 0.5710
vn 0.6645 0.4834 0.5699
vn 0.6889 0.3979 0.6059
vn 0.6322 0.4780 0.6098
vn 0.6931 0.2649 0.6704
vn 0.5776 0.4235 0.6979
vn 0.6344 0.2467 0.7326
vn 0.5531 0.3463 0.7577
vn 0.5719 0.2544 0.7799
vn 0.5803 0.2740 0.7669
vn 0.5767 0.2424 0.7801
vn 0.5751 0.2440 0.7809
vn 0.5903 0.2104 0.7793
vn 0.4650 0.3101 0.8292
vn 0.6091 0.0266 0.7926
vn 0.4690 0.1333 0.8731
vn 0.5350 0.0067 0.8448
vn 0.5572 -0.0086 0.8303
vn 0.5950 -0.0844 0.7993
vn 0.6596 -0.1262 0.7409
vn 0.6642 -0.1354 0.7352
vn 0.6436 -0.1244 0.7552
vn 0.6649 -0.1604 0.7295
vn 0.6438 -0.1519 0.7500
vn 0.6692 -0.1885 0.7187
vn 0.7052 -0.1984 0.6807
vn 0.7173 -0.2144 0.6630
vn 0.7370 -0.2169 0.6402
vn 0.7751 -0.2611 0.5754
vn 0.6873 -0.2626 0.6772
vn 0.7676 -0.3357 0.5460
vn 0.7663 -0.3359 0.5476
vn 0.7789 -0.3452 0.5236
vn 0.7871 -0.3422 0.5131
vn 0.8034 -0.3506 0.4812
vn 0.7555 -0.3742 0.5378
vn 0.8322 -0.3966 0.3875
vn 0.7831 -0.4312 0.4481
vn 0.8320 -0.4340 0.3455
vn 0.7763 -0.4797 0.4089
vn 0.8269 -0.4775 0.2971
vn 0.8273 -0.4718 0.3048
vn 0.8307 -0.4759 0.2889
vn 0.8636 -0.4361 0.2531
vn 0.8533 -0.4428 0.2752
vn 0.8946 -0.3828 0.2305
vn 0.9048 -0.3726 0.2062
vn 0.8966 -0.3872 0.2150
vn 0.9154 -0.3642 0.1714
vn 0.9163 -0.3624 0.1706
vn 0.9367 -0.3290 0.1195
vn 0.9383 -0.3250 0.1180
vn 0.9500 -0.3001 0.0868
vn 0.9503 -0.2992 0.0866
vn 0.9325 -0.3379 0.1279
vn 0.9712 -0.2144 0.1037
vn 0.9378 -0.2979 0.1783
vn 0.9535 -0.2469 0.1730
vn 0.9428 -0.2724 0.1921
vn 0.9380 -0.2886 0.1922
vn 0.9379 -0.2888 0.1923
vn 0.9478 -0.2518 0.1954
vn 0.9246 -0.3088 0.2232
vn 0.9559 -0.1561 0.2488
vn 0.9439 -0.1976 0.2647
vn 0.9410 -0.2168 0.2597
vn 0.9660 -0.1154 0.2315
vn 0.9600 -0.1923 0.2036
vn 0.9628 -0.1800 0.2016
vn 0.9650 -0.1463 0.2176
vn 0.9493 -0.0859 0.3023
vn 0.9445 -0.0493 0.3248
vn 0.9445 0.0369 0.3263
vn 0.9672 -0.0746 0.2430
vn 0.9675 0.0064 0.2527
vn 0.9770 -0.0412 0.2092
vn 0.9769 -0.0552 0.2062
vn 0.9711 -0.0274 0.2370
vn 0.9719 -0.0528 0.2293
vn 0.9529 0.0035 0.3031
vn 0.9513 0.0159 0.3078
vn 0.9442 0.0288 0.3281
vn 0.9455 0.0221 0.3249
vn 0.9416 0.0275 0.3355
vn 0.8946 0.1675 0.4142
vn 0.9678 0.0961 0.2328
vn 0.9430 0.1702 0.2861
vn 0.9403 0.1724 0.2935
vn 0.9213 0.2115 0.3263
vn 0.9280 0.2082 0.3091
vn 0.9248 0.2137 0.3147
vn 0.9161 0.2158 0.3379
vn 0.9352 0.1861 0.3012
vn 0.8847 0.1825 0.4291
vn 0.8471 0.2182 0.4845
vn 0.8814 0.2308 0.4121
vn 0.8637 0.2443 0.4408
vn 0.8904 0.2624 0.3720
vn 0.9101 0.2481 0.3318
vn 0.8730 0.2090 0.4407
vn 0.9182 0.1885 0.3485
vn 0.8933 0.1515 0.4232
vn 0.9669 -0.1078 0.2311
vn 0.9396 -0.1537 0.3059
vn 0.9325 0.1894 0.3076
vn 0.9512 0.1372 0.2765
vn 0.9305 0.1892 0.3135
vn 0.9399 0.2418 0.2412
vn 0.8881 0.2168 0.4054
vn 0.9003 0.3640 0.2385
vn 0.8719 0.3326 0.3593
vn 0.8322 0.5381 0.1340
vn 0.8211 0.4947 0.2847
vn 0.8298 0.4585 0.3180
vn 0.8372 0.5076 0.2035
vn 0.8653 0.4216 0.2712
vn 0.8630 0.4762 0.1686
vn 0.8625 0.4774 0.1677
vn 0.8676 0.4656 0.1742
vn 0.8786 0.3968 0.2658
vn 0.8345 0.5059 0.2183
vn 0.8368 0.4979 0.2279
vn 0.8050 0.5568 0.2049
vn 0.8415 0.4173 0.3430
vn 0.7510 0.5909 0.2948
vn 0.7988 0.4110 0.4393
vn 0.7451 0.5160 0.4226
vn 0.7712 0.3970 0.4975
vn 0.7312 0.4719 0.4926
vn 0.7485 0.4006 0.5285
vn 0.7121 0.4609 0.5296
vn 0.7447 0.3339 0.5778
vn 0.6679 0.4511 0.5920
vn 0.7180 0.2745 0.6396
vn 0.7017 0.2998 0.6463
vn 0.6796 0.2416 0.6926
vn 0.7030 0.2953 0.6470
vn 0.6866 0.2186 0.6934
vn 0.6441 0.2684 0.7163
vn 0.6340 0.2929 0.7157
vn 0.6288 0.2979 0.7183
vn 0.6963 0.1322 0.7055
vn 0.5914 0.2283 0.7734
vn 0.6847 0.0024 0.7288
vn 0.6686 0.0171 0.7434
vn 0.7160 -0.1157 0.6884
vn 0.6410 -0.0550 0.7656
vn 0.6679 -0.1176 0.7349
vn 0.6792 -0.1250 0.7233
vn 0.6843 -0.1360 0.7164
vn 0.7294 -0.1603 0.6650
vn 0.7390 -0.1793 0.6495
vn 0.7534 -0.1850 0.6310
vn 0.7614 -0.1990 0.6170
vn 0.7637 -0.1995 0.6139
vn 0.7635 -0.1992 0.6143
vn 0.7658 -0.1994 0.6114
vn 0.8236 -0.2734 0.4969
vn 0.7670 -0.2794 0.5776
vn 0.8060 -0.3191 0.4984
vn 0.7682 -0.3288 0.5493
vn 0.7827 -0.3398 0.5214
vn 0.8069 -0.3299 0.4899
vn 0.8395 -0.3474 0.4179
vn 0.8246 -0.3571 0.4387
vn 0.8500 -0.3640 0.3808
vn 0.8381 -0.3740 0.3971
vn 0.8993 -0.3328 0.2837
vn 0.8967 -0.3725 0.2392
vn 0.9116 -0.3281 0.2477
vn 0.9193 -0.3156 0.2349
vn 0.9202 -0.3150 0.2322
vn 0.9172 -0.3205 0.2369
vn 0.9221 -0.3160 0.2235
vn 0.9128 -0.3335 0.2358
vn 0.9333 -0.3101 0.1813
vn 0.9449 -0.2825 0.1652
vn 0.9545 -0.2660 0.1347
vn 0.9599 -0.2501 0.1270
vn 0.9650 -0.2383 0.1091
vn 0.9591 -0.2578 0.1166
vn 0.9666 -0.2389 0.0924
vn 0.9573 -0.2707 0.1016
vn 0.9419 -0.3055 0.1397
vn 0.9699 -0.2112 0.1214
vn 0.9730 -0.1478 0.1774
vn 0.9504 -0.2127 0.2268
vn 0.9672 -0.1179 0.2249
vn 0.9559 -0.1561 0.2487
vn 0.9634 -0.0891 0.2528
vn 0.9369 -0.1815 0.2987
vn 0.9414 -0.1433 0.3052
vn 0.9470 -0.1220 0.2972
vn 0.9443 -0.1621 0.2863
vn 0.9554 -0.1117 0.2733
vn 0.9514 -0.1886 0.2433
vn 0.9294 0.0964 0.3563
vn 0.9294 0.0965 0.3563
vn 0.9294 0.0966 0.3563
vn 0.9317 0.0995 0.3493
vn 0.9312 0.0904 0.3532
vn 0.9296 0.0166 0.3683
vn 0.9347 0.0962 0.3421
vn 0.9349 0.0997 0.3406
vn 0.9399 -0.0223 0.3406
vn 0.9451 0.0613 0.3209
vn 0.9616 0.1607 0.2224
vn 0.9614 0.1658 0.2197
vn 0.9761 0.0111 0.2169
vn 0.9773 0.1003 0.1867
vn 0.9642 0.1761 0.1984
vn 0.9657 0.1398 0.2189
vn 0.9829 0.0164 0.1832
vn 0.9841 0.0418 0.1728
vn 0.9698 0.1529 0.1903
vn 0.9702 0.1250 0.2075
vn 0.9857 0.0263 0.1663
vn 0.9858 0.0272 0.1659
vn 0.9807 0.1745 0.0877
vn 0.9832 0.0435 0.1773
vn 0.9847 0.0185 0.1733
vn 0.9851 0.0242 0.1701
vn 0.9944 0.0894 0.0559
vn 0.9951 0.0455 0.0882
vn 0.9874 -0.0387 0.1534
vn 0.9941 0.0574 0.0920
vn 0.9964 0.0530 0.0660
vn 0.9964 0.0538 0.0654
vn 0.9981 -0.0079 0.0604
vn 0.9986 0.0033 0.0524
vn 0.9962 0.0529 0.0685
vn 0.9962 0.0594 0.0630
vn 0.9987 -0.0044 0.0503
vn 0.9987 -0.0043 0.0503
vn 0.9970 0.0650 0.0419
vn 0.9972 0.0469 0.0579
vn 0.9817 -0.1189 0.1486
vn 0.9987 -0.0044 0.0504
vn 0.9982 0.0601 0.0013
vn 0.9869 -0.0883 0.1347
vn 0.9784 -0.1384 0.1533
vn 0.9846 -0.1148 0.1316
vn 0.9975 -0.0658 0.0270
vn 0.9801 -0.1628 0.1140
vn 0.9799 -0.1481 0.1333
vn 0.9844 -0.1314 0.1169
vn 0.9833 -0.1582 0.0901
vn 0.9788 -0.1759 0.1050
vn 0.9796 -0.1589 0.1228
vn 0.9837 -0.1443 0.1077
vn 0.9788 -0.1759 0.1049
vn 0.9788 -0.1760 0.1050
vn 0.9767 -0.1741 0.1255
vn 0.9818 -0.1572 0.1067
vn 0.9570 -0.2040 0.2061
vn 0.9824 -0.1012 0.1567
vn 0.9716 -0.1789 0.1548
vn 0.9734 -0.1746 0.1486
vn 0.9260 0.0744 0.3700
vn 0.9299 0.0933 0.3559
vn 0.9353 0.0953 0.3408
vn 0.9342 0.0872 0.3459
vn 0.9364 0.0888 0.3396
vn 0.9364 0.0889 0.3396
vn 0.9536 0.1074 0.2811
vn 0.9549 0.1857 0.2318
vn 0.9593 0.1941 0.2051
vn 0.9660 0.2116 0.1487
vn 0.9696 0.1537 0.1905
vn 0.9792 0.1991 0.0389
vn 0.9859 0.1476 0.0789
vn 0.9864 0.1619 0.0279
vn 0.9911 0.1171 0.0639
vn 0.9908 0.1153 0.0707
vn 0.9913 0.1055 0.0788
vn 0.9925 0.1158 0.0385
vn 0.9945 0.0753 0.0729
vn 0.9950 0.0977 -0.0206
vn 0.9989 0.0311 0.0364
vn 0.9990 0.0428 -0.0138
vn 0.9996 0.0298 -0.0030
vn 0.9990 0.0197 0.0393
vn 0.9990 0.0199 0.0393
vn 0.9990 0.0198 0.0393
vn 0.9913 -0.0790 0.1057
vn 0.9868 -0.0883 0.1361
vn 0.9879 -0.0810 0.1323
vn 0.9593 -0.1318 0.2499
vn 0.9607 -0.1250 0.2480
vn 0.9023 0.0337 0.4297
vn 0.9217 0.1067 0.3729
vn 0.9392 0.1068 0.3263
vn 0.9434 0.1525 0.2946
vn 0.9597 0.1647 0.2275
vn 0.9593 0.1940 0.2051
vn 0.9735 0.2190 0.0664
vn 0.9815 0.1432 0.1273
vn 0.9864 0.1620 0.0279
vn 0.9864 0.1612 0.0317
vn 0.9859 0.1648 0.0287
vn 0.9859 0.1622 0.0417
vn 0.9895 0.1245 0.0728
vn 0.9876 0.1499 -0.0470
vn 0.9978 0.0600 0.0276
vn 0.9955 0.0779 -0.0547
vn 0.9985 0.0464 -0.0295
vn 0.9987 0.0449 -0.0232
vn 0.9993 0.0342 -0.0152
vn 0.9995 0.0265 0.0140
vn 0.9994 -0.0045 0.0348
vn 1.0000 0.0049 0.0035
vn 0.9991 -0.0345 0.0257
vn 0.9724 -0.1010 0.2101
vn 0.9857 0.0004 0.1685
vn 0.9582 -0.0535 0.2810
vn 0.9558 -0.0710 0.2852
vn 0.8444 0.1069 0.5249
vn 0.8710 0.2116 0.4434
vn 0.8922 0.2097 0.4000
vn 0.8972 0.2734 0.3469
vn 0.9097 0.2734 0.3127
vn 0.9072 0.2123 0.3631
vn 0.9293 0.2158 0.2997
vn 0.9238 0.1464 0.3539
vn 0.9591 0.1573 0.2355
vn 0.9593 0.1668 0.2280
vn 0.9814 0.1830 0.0571
vn 0.9813 0.1838 0.0565
vn 0.9813 0.1837 0.0576
vn 0.9779 0.2052 0.0397
vn 0.9773 0.2022 0.0626
vn 0.9741 0.2214 0.0468
vn 0.9736 0.2183 0.0664
vn 0.9715 0.2300 0.0569
vn 0.9699 0.2429 -0.0159
vn 0.9664 0.2557 -0.0261
vn 0.9681 0.2497 -0.0217
vn 0.9663 0.2541 -0.0415
vn 0.9820 0.1889 0.0039
vn 0.9806 0.1950 -0.0200
vn 0.9933 0.1112 0.0318
vn 0.9929 0.1023 0.0600
vn 0.9894 0.1397 0.0407
vn 0.9706 0.0619 0.2326
vn 0.9676 0.0099 0.2522
vn 0.9662 0.0072 0.2578
vn 0.9593 -0.0647 0.2748
vn 0.8385 0.1277 0.5297
vn 0.8396 0.1314 0.5271
vn 0.8522 0.1309 0.5066
vn 0.8747 0.2653 0.4055
vn 0.9004 0.2640 0.3457
vn 0.9003 0.2992 0.3163
vn 0.9071 0.2993 0.2960
vn 0.9078 0.2799 0.3123
vn 0.9201 0.2815 0.2725
vn 0.9197 0.2875 0.2675
vn 0.9518 0.2950 0.0837
vn 0.9524 0.2925 0.0859
vn 0.9552 0.2960 0.0016
vn 0.9736 0.2183 0.0665
vn 0.9738 0.2274 0.0058
vn 0.9672 0.2537 -0.0138
vn 0.9657 0.2573 -0.0348
vn 0.9686 0.2472 -0.0277
vn 0.9667 0.2514 -0.0480
vn 0.9687 0.2443 -0.0434
vn 0.9685 0.2449 -0.0460
vn 0.9798 0.1993 -0.0191
vn 0.9753 0.1426 0.1687
vn 0.9564 0.2731 0.1035
vn 0.9467 0.2306 0.2248
vn 0.9550 0.1420 0.2605
vn 0.9636 0.1638 0.2113
vn 0.9666 0.0040 0.2562
vn 0.8301 0.1008 0.5484
vn 0.8379 0.1305 0.5300
vn 0.8543 0.1308 0.5031
vn 0.8532 0.1263 0.5060
vn 0.8865 0.1281 0.4446
vn 0.8993 0.2673 0.3462
vn 0.9187 0.2680 0.2902
vn 0.9276 0.2688 0.2595
vn 0.9282 0.2587 0.2674
vn 0.9434 0.2617 0.2037
vn 0.9178 0.3828 0.1055
vn 0.9227 0.3851 0.0183
vn 0.9248 0.3798 0.0229
vn 0.9248 0.3801 0.0172
vn 0.9511 0.2971 0.0847
vn 0.9526 0.3041 0.0019
vn 0.9744 0.2231 0.0288
vn 0.9684 0.2492 0.0101
vn 0.9651 0.2575 -0.0470
vn 0.9692 0.2436 -0.0374
vn 0.9677 0.2464 -0.0540
vn 0.9694 0.2403 -0.0500
vn 0.9688 0.2415 -0.0557
vn 0.9719 0.2300 -0.0490
vn 0.9775 0.1994 0.0694
vn 0.9886 0.0445 0.1438
vn 0.9886 0.0445 0.1440
vn 0.9876 0.0123 0.1568
vn 0.9852 0.0069 0.1713
vn 0.9862 0.0445 0.1594
vn 0.8177 0.0795 0.5701
vn 0.8266 0.1156 0.5508
vn 0.8552 0.1191 0.5045
vn 0.8561 0.1236 0.5019
vn 0.8564 0.1236 0.5013
vn 0.8679 0.1943 0.4571
vn 0.9190 0.2005 0.3395
vn 0.9187 0.2679 0.2902
vn 0.9301 0.2697 0.2492
vn 0.9310 0.2591 0.2573
vn 0.9347 0.2599 0.2423
vn 0.9303 0.2987 0.2128
vn 0.9489 0.3040 0.0848
vn 0.9227 0.3852 0.0184
vn 0.9227 0.3852 0.0183
vn 0.9227 0.3851 0.0184
vn 0.9226 0.3857 0.0085
vn 0.9272 0.3741 0.0175
vn 0.9228 0.3800 -0.0644
vn 0.9682 0.2477 0.0336
vn 0.9623 0.2600 -0.0802
vn 0.9738 0.2213 -0.0534
vn 0.9732 0.2221 -0.0594
vn 0.9736 0.2206 -0.0585
vn 0.9735 0.2208 -0.0596
vn 0.9787 0.2033 0.0293
vn 0.9871 0.1494 0.0581
vn 0.9862 0.1433 0.0834
vn 0.9902 0.0237 0.1380
vn 0.9816 0.0084 0.1910
vn 0.9828 0.0337 0.1816
vn 0.8095 0.0934 0.5797
vn 0.8116 0.1036 0.5749
vn 0.8561 0.1149 0.5039
vn 0.8562 0.1152 0.5037
vn 0.8560 0.1152 0.5039
vn 0.8571 0.1210 0.5007
vn 0.8940 0.1310 0.4285
vn 0.9012 0.2543 0.3509
vn 0.9331 0.2646 0.2434
vn 0.9336 0.2597 0.2469
vn 0.9347 0.2601 0.2423
vn 0.9347 0.2600 0.2423
vn 0.9453 0.2645 0.1907
vn 0.9189 0.3807 0.1034
vn 0.9222 0.3863 -0.0166
vn 0.9358 0.3524 0.0107
vn 0.9337 0.3547 -0.0493
vn 0.9528 0.3033 -0.0094
vn 0.9483 0.3067 -0.0809
vn 0.9491 0.3049 -0.0795
vn 0.9438 0.3071 -0.1220
vn 0.9644 0.2516 -0.0817
vn 0.9645 0.2516 -0.0808
vn 0.9735 0.2207 -0.0596
vn 0.9738 0.2204 -0.0566
vn 0.9728 0.2241 -0.0590
vn 0.9767 0.2119 0.0332
vn 0.9762 0.2147 0.0315
vn 0.9761 0.2169 0.0171
vn 0.9912 0.1094 0.0751
vn 0.9759 0.0870 0.2003
vn 0.9755 0.0663 0.2096
vn 0.8080 0.0919 0.5819
vn 0.8088 0.0959 0.5803
vn 0.8508 0.1128 0.5133
vn 0.8530 0.1263 0.5065
vn 0.8580 0.1282 0.4974
vn 0.8678 0.2155 0.4477
vn 0.9267 0.2398 0.2892
vn 0.9223 0.2947 0.2502
vn 0.9227 0.2948 0.2486
vn 0.9229 0.2929 0.2500
vn 0.9316 0.2972 0.2092
vn 0.9299 0.3080 0.2012
vn 0.9447 0.3241 -0.0504
vn 0.9516 0.3053 -0.0351
vn 0.9502 0.3059 -0.0600
vn 0.9502 0.3059 -0.0599
vn 0.9485 0.3064 -0.0811
vn 0.9485 0.3062 -0.0810
vn 0.9646 0.2515 -0.0788
vn 0.9738 0.2201 -0.0567
vn 0.9763 0.2152 0.0211
vn 0.9793 0.1999 0.0312
vn 0.9794 0.2016 0.0087
vn 0.9807 0.1951 0.0127
vn 0.9720 0.1814 0.1495
vn 0.9759 0.0864 0.2001
vn 0.8074 0.0780 0.5848
vn 0.8090 0.0888 0.5810
vn 0.8439 0.1078 0.5255
vn 0.8480 0.1417 0.5106
vn 0.8349 0.1348 0.5337
vn 0.8377 0.1557 0.5234
vn 0.8473 0.1603 0.5064
vn 0.8475 0.1623 0.5053
vn 0.9193 0.1978 0.3401
vn 0.9183 0.2643 0.2949
vn 0.9222 0.2666 0.2802
vn 0.9184 0.3059 0.2510
vn 0.9322 0.3141 0.1799
vn 0.9374 0.2810 0.2055
vn 0.9533 0.2975 -0.0522
vn 0.9518 0.3015 -0.0556
vn 0.9518 0.3015 -0.0563
vn 0.9502 0.3060 -0.0600
vn 0.9486 0.3062 -0.0802
vn 0.9482 0.3071 -0.0810
vn 0.9438 0.3072 -0.1220
vn 0.9438 0.3072 -0.1221
vn 0.9385 0.3064 -0.1593
vn 0.9740 0.2102 -0.0847
vn 0.9776 0.2106 -0.0028
vn 0.9828 0.1841 0.0167
vn 0.9828 0.1841 0.0157
vn 0.9807 0.1956 0.0077
vn 0.9786 0.1948 0.0657
vn 0.9872 0.0906 0.1312
vn 0.8079 0.0751 0.5845
vn 0.8081 0.0760 0.5842
vn 0.8218 0.0851 0.5633
vn 0.8300 0.1503 0.5371
vn 0.8291 0.1497 0.5387
vn 0.8294 0.1517 0.5377
vn 0.8495 0.1632 0.5017
vn 0.8485 0.1564 0.5055
vn 0.9194 0.1977 0.3401
vn 0.9193 0.1977 0.3402
vn 0.9188 0.2758 0.2823
vn 0.9423 0.2911 0.1653
vn 0.9437 0.2819 0.1729
vn 0.9517 0.3019 -0.0562
vn 0.9503 0.3022 -0.0751
vn 0.9482 0.3075 -0.0799
vn 0.9386 0.3063 -0.1590
vn 0.9538 0.2715 -0.1283
vn 0.9452 0.2695 -0.1842
vn 0.9671 0.2143 -0.1367
vn 0.9589 0.2116 -0.1891
vn 0.9652 0.1946 -0.1748
vn 0.9751 0.1993 -0.0970
vn 0.9950 0.0988 -0.0166
vn 0.9948 0.1005 0.0164
vn 0.9935 0.1134 0.0065
vn 0.9925 0.1156 0.0398
vn 0.9936 0.1002 0.0513
vn 0.8102 0.0707 0.5819
vn 0.8100 0.0692 0.5823
vn 0.8235 0.0796 0.5616
vn 0.8236 0.0796 0.5616
vn 0.8337 0.1358 0.5353
vn 0.8507 0.1463 0.5049
vn 0.8521 0.1549 0.4999
vn 0.9241 0.2015 0.3249
vn 0.9231 0.1845 0.3373
vn 0.9317 0.1903 0.3093
vn 0.9295 0.1607 0.3321
vn 0.9556 0.1775 0.2352
vn 0.9507 0.2657 0.1600
vn 0.9600 0.2798 -0.0070
vn 0.9458 0.3214 -0.0469
vn 0.9458 0.3214 -0.0460
vn 0.9455 0.3222 -0.0467
vn 0.9200 0.3220 -0.2233
vn 0.9772 0.1883 -0.0980
vn 0.9662 0.1874 -0.1772
vn 0.9653 0.1899 -0.1795
vn 0.9620 0.1892 -0.1970
vn 0.9620 0.1891 -0.1970
vn 0.9635 0.1896 -0.1891
vn 0.9624 0.1925 -0.1917
vn 0.9706 0.1970 -0.1380
vn 0.9824 0.1563 -0.1022
vn 0.9860 0.1626 -0.0369
vn 0.9921 0.1060 0.0677
vn 0.9898 0.1364 0.0422
vn 0.8110 0.0718 0.5806
vn 0.8108 0.0692 0.5813
vn 0.8236 0.0795 0.5616
vn 0.8259 0.0811 0.5579
vn 0.8246 0.0757 0.5606
vn 0.8693 0.1020 0.4837
vn 0.8660 0.0885 0.4921
vn 0.9448 0.1388 0.2967
vn 0.9430 0.1230 0.3092
vn 0.9467 0.1256 0.2965
vn 0.9467 0.1255 0.2966
vn 0.9671 0.1401 0.2123
vn 0.9662 0.1260 0.2249
vn 0.9800 0.1373 0.1441
vn 0.9570 0.2899 -0.0048
vn 0.9369 0.2973 -0.1838
vn 0.9795 0.1867 -0.0758
vn 0.9355 0.1956 -0.2942
vn 0.9540 0.1555 -0.2563
vn 0.9726 0.1543 -0.1737
vn 0.9698 0.1626 -0.1816
vn 0.9715 0.1626 -0.1724
vn 0.9644 0.1896 -0.1846
vn 0.9627 0.1939 -0.1885
vn 0.9707 0.1969 -0.1379
vn 0.9737 0.1996 -0.1098
vn 0.9916 0.1230 -0.0406
vn 0.9879 0.1365 0.0733
vn 0.9877 0.1398 0.0703
vn 0.8111 0.0580 0.5820
vn 0.8124 0.0683 0.5791
vn 0.8284 0.0807 0.5543
vn 0.8263 0.0709 0.5588
vn 0.8306 0.0734 0.5519
vn 0.8291 0.0685 0.5549
vn 0.8738 0.0913 0.4777
vn 0.8725 0.0870 0.4808
vn 0.9470 0.1294 0.2939
vn 0.9469 0.1284 0.2949
vn 0.9472 0.1286 0.2938
vn 0.9806 0.1552 0.1197
vn 0.9771 0.0726 0.2001
vn 0.9936 0.1088 -0.0315
vn 0.9935 -0.0341 0.1087
vn 0.9980 -0.0085 -0.0620
vn 0.9648 0.1532 -0.2139
vn 0.9409 0.1611 -0.2979
vn 0.9395 0.1642 -0.3007
vn 0.9727 0.1542 -0.1736
vn 0.9726 0.1543 -0.1740
vn 0.9726 0.1544 -0.1740
vn 0.9742 0.1539 -0.1652
vn 0.9661 0.1787 -0.1865
vn 0.9724 0.1782 -0.1508
vn 0.9755 0.1680 -0.1420
vn 0.9790 0.1689 -0.1143
vn 0.9794 0.1675 -0.1130
vn 0.9816 0.1837 0.0513
vn 0.9844 0.1593 0.0747
vn 0.8612 0.0515 0.5056
vn 0.8436 -0.0384 0.5356
vn 0.8346 -0.0440 0.5491
vn 0.8490 -0.0053 0.5284
vn 0.8275 -0.0148 0.5613
vn 0.8413 0.0152 0.5404
vn 0.8623 0.0230 0.5059
vn 0.8787 0.0611 0.4734
vn 0.9530 0.0939 0.2880
vn 0.9528 0.0926 0.2893
vn 0.9830 0.1168 0.1417
vn 0.9619 -0.0123 0.2731
vn 0.9987 0.0422 -0.0288
vn 0.9937 -0.0715 0.0861
vn 0.9970 -0.0456 -0.0618
vn 0.9971 -0.0469 -0.0605
vn 0.9970 -0.0466 -0.0620
vn 0.9969 -0.0403 -0.0679
vn 0.9926 -0.0312 -0.1175
vn 0.9396 0.1738 -0.2949
vn 0.9713 0.1537 -0.1815
vn 0.9735 0.1464 -0.1755
vn 0.9719 0.1477 -0.1830
vn 0.9741 0.1402 -0.1772
vn 0.9778 0.1370 -0.1583
vn 0.9749 0.1480 -0.1665
vn 0.9799 0.1437 -0.1384
vn 0.9744 0.1642 -0.1534
vn 0.9830 0.1582 -0.0926
vn 0.9765 0.1840 -0.1123
vn 0.8753 -0.0009 0.4836
vn 0.8752 -0.0011 0.4837
vn 0.8649 -0.0053 0.5020
vn 0.8361 -0.0604 0.5453
vn 0.8297 -0.0620 0.5547
vn 0.9015 -0.0445 0.4305
vn 0.8638 -0.1074 0.4922
vn 0.9564 -0.0766 0.2817
vn 0.9599 -0.0674 0.2720
vn 0.9964 -0.0346 0.0774
vn 0.9898 -0.0762 0.1208
vn 0.9980 -0.0431 -0.0472
vn 0.9979 -0.0485 -0.0418
vn 0.9979 -0.0481 -0.0435
vn 0.9978 -0.0312 -0.0593
vn 0.9990 -0.0441 -0.0080
vn 0.9987 0.0062 -0.0514
vn 0.9984 0.0077 -0.0569
vn 0.9936 0.0584 -0.0967
vn 0.9851 0.0757 -0.1544
vn 0.9739 0.1251 -0.1892
vn 0.9781 0.1190 -0.1705
vn 0.9725 0.1415 -0.1848
vn 0.9819 0.1265 -0.1409
vn 0.9765 0.1502 -0.1545
vn 0.9805 0.1431 -0.1346
vn 0.9794 0.1481 -0.1373
vn 0.9949 0.1006 0.0002
vn 0.9671 0.2437 -0.0735
vn 0.9758 0.2019 0.0835
vn 0.9685 0.2424 0.0575
vn 0.8751 -0.0012 0.4839
vn 0.8753 -0.0010 0.4836
vn 0.8648 -0.0156 0.5019
vn 0.9184 -0.0122 0.3955
vn 0.8216 -0.1475 0.5507
vn 0.9571 -0.1197 0.2640
vn 0.8713 -0.2574 0.4179
vn 0.9373 -0.2352 0.2572
vn 0.9296 -0.2489 0.2718
vn 0.9363 -0.2451 0.2514
vn 0.9952 -0.0644 0.0742
vn 0.9988 -0.0482 0.0071
vn 0.9991 0.0040 -0.0412
vn 1.0000 -0.0078 -0.0003
vn 0.9991 0.0284 -0.0308
vn 0.9998 0.0184 -0.0009
vn 0.9999 0.0119 0.0040
vn 0.9962 0.0429 -0.0763
vn 0.9984 0.0120 -0.0558
vn 0.9949 0.0297 -0.0961
vn 0.9834 0.1118 -0.1432
vn 0.9841 0.1098 -0.1393
vn 0.9756 0.1509 -0.1593
vn 0.9895 0.1128 -0.0908
vn 0.9759 0.1827 -0.1191
vn 0.9954 0.0933 0.0197
vn 0.9435 0.3268 -0.0548
vn 0.9711 0.2216 0.0885
vn 0.9573 0.2788 0.0760
vn 0.9623 0.2508 0.1052
vn 0.9623 0.2507 0.1052
vn 0.8724 -0.0015 0.4887
vn 0.8101 0.0434 0.5847
vn 0.8492 0.0375 0.5268
vn 0.8145 0.0494 0.5781
vn 0.8052 0.0519 0.5908
vn 0.8113 0.0644 0.5811
vn 0.8057 0.0665 0.5885
vn 0.8081 0.0699 0.5849
vn 0.8089 0.0695 0.5838
vn 0.8035 0.0758 0.5905
vn 0.8064 0.0740 0.5867
vn 0.8099 0.0786 0.5813
vn 0.7992 0.0883 0.5946
vn 0.8113 0.0865 0.5782
vn 0.8057 0.0925 0.5851
vn 0.8181 0.0729 0.5704
vn 0.8133 0.0789 0.5765
vn 0.8317 0.0729 0.5504
vn 0.8118 0.1007 0.5752
vn 0.8466 0.0889 0.5248
vn 0.8203 0.1293 0.5572
vn 0.8774 0.0432 0.4778
vn 0.8436 0.1070 0.5262
vn 0.8764 0.0418 0.4798
vn 0.8778 0.0387 0.4775
vn 0.8965 0.0257 0.4423
vn 0.8734 0.0831 0.4798
vn 0.9204 0.0046 0.3909
vn 0.8944 0.0971 0.4367
vn 0.9649 0.2380 0.1111
vn 0.9613 0.2498 0.1165
vn 0.9768 0.1732 0.1263
vn 0.9694 0.1995 0.1429
vn 0.9851 0.0909 0.1459
vn 0.9602 0.1824 0.2113
vn 0.9729 0.0986 0.2089
vn 0.9499 0.1688 0.2631
vn 0.9607 0.1026 0.2580
vn 0.9355 0.1666 0.3115
vn 0.9475 0.1014 0.3033
vn 0.9402 0.1185 0.3192
vn 0.9429 0.1039 0.3164
vn 0.9523 0.0830 0.2937
vn 0.9499 0.0967 0.2972
vn 0.9592 0.0768 0.2721
vn 0.9661 0.0303 0.2563
vn 0.9574 0.0491 0.2845
vn 0.9658 -0.0126 0.2589
vn 0.9593 0.0001 0.2825
vn 0.9678 -0.0960 0.2326
vn 0.9327 -0.0426 0.3581
vn 0.9405 -0.0961 0.3261
vn 0.9149 -0.0716 0.3973
vn 0.9144 -0.0692 0.3989
vn 0.9444 -0.0900 0.3161
vn 0.9394 -0.0634 0.3369
vn 0.9558 -0.0711 0.2853
vn 0.9651 -0.1349 0.2245
vn 0.9562 -0.1335 0.2604
vn 0.9599 -0.1547 0.2339
vn 0.9598 -0.1547 0.2340
vn 0.9013 -0.0121 0.4330
vn 0.8927 0.0293 0.4497
vn 0.8911 -0.0068 0.4537
vn 0.8780 0.0351 0.4773
vn 0.8770 0.0602 0.4767
vn 0.8860 0.0383 0.4622
vn 0.8847 0.0548 0.4630
vn 0.8917 0.0393 0.4510
vn 0.8885 0.0665 0.4540
vn 0.8787 0.0846 0.4698
vn 0.8816 0.0676 0.4671
vn 0.8785 0.0727 0.4722
vn 0.8849 0.0385 0.4642
vn 0.8563 0.0782 0.5104
vn 0.8613 0.0583 0.5047
vn 0.8301 0.0920 0.5500
vn 0.8350 0.0767 0.5448
vn 0.8249 0.0855 0.5588
vn 0.8308 0.0693 0.5522
vn 0.8127 0.0816 0.5769
vn 0.8185 0.0683 0.5705
vn 0.8035 0.0758 0.5904
vn 0.8073 0.0683 0.5861
vn 0.8067 0.0685 0.5870
vn 0.8161 0.0518 0.5756
vn 0.8028 0.0546 0.5937
vn 0.8101 0.0435 0.5847
vn 0.8102 0.0435 0.5846
vn 0.8581 -0.0058 0.5135
vn 0.8733 0.0006 0.4872
vn 0.8016 0.0731 0.5934
vn 0.8019 0.0720 0.5932
vn 0.9736 -0.2115 -0.0856
vn 0.9650 -0.2389 -0.1079
vn 0.8003 0.0466 0.5978
vn 0.8006 0.0457 0.5975
vn 0.9795 -0.1736 -0.1025
vn 0.9755 -0.1870 -0.1156
vn 0.8002 0.0226 0.5993
vn 0.7695 0.1004 0.6307
vn 0.9891 -0.1064 -0.1017
vn 0.9766 -0.1515 -0.1524
vn 0.7722 0.0661 0.6320
vn 0.7628 0.0848 0.6411
vn 0.9885 -0.0721 -0.1333
vn 0.9941 -0.0449 -0.0982
vn 0.7662 0.0579 0.6400
vn 0.7519 0.0822 0.6541
vn 0.9961 -0.0111 -0.0874
vn 0.9985 0.0104 -0.0545
vn 0.7609 0.0292 0.6482
vn 0.7372 0.0643 0.6726
vn 0.9982 0.0454 -0.0401
vn 0.9981 0.0438 -0.0430
vn 0.7490 0.0105 0.6625
vn 0.7446 0.0161 0.6673
vn 0.9968 0.0748 -0.0276
vn 0.9963 0.0857 -0.0026
vn 0.7467 0.0083 0.6652
vn 0.7365 0.0192 0.6762
vn 0.9901 0.1375 0.0286
vn 0.9892 0.1410 0.0391
vn 0.7342 0.0258 0.6784
vn 0.7320 0.0277 0.6807
vn 0.9673 0.2311 0.1044
vn 0.9729 0.2218 0.0658
vn 0.7368 0.0162 0.6759
vn 0.7430 0.0118 0.6691
vn 0.9518 0.2827 0.1187
vn 0.9590 0.2749 0.0690
vn 0.7435 0.0108 0.6686
vn 0.7477 0.0085 0.6639
vn 0.9383 0.3246 0.1194
vn 0.9416 0.3229 0.0952
vn 0.7491 0.0061 0.6624
vn 0.7478 0.0066 0.6639
vn 0.9197 0.3646 0.1453
vn 0.9220 0.3650 0.1290
vn 0.7587 -0.0096 0.6514
vn 0.7662 -0.0115 0.6426
vn 0.8948 0.4050 0.1880
vn 0.9018 0.4120 0.1303
vn 0.7755 -0.0236 0.6309
vn 0.7657 -0.0224 0.6428
vn 0.8814 0.4376 0.1780
vn 0.8841 0.4453 0.1416
vn 0.7841 -0.0415 0.6193
vn 0.7618 -0.0423 0.6465
vn 0.8590 0.4697 0.2035
vn 0.8608 0.4834 0.1592
vn 0.8309 -0.1004 0.5473
vn 0.8157 -0.1039 0.5691
vn 0.8547 0.4880 0.1770
vn 0.8495 0.5175 0.1028
vn 0.9596 -0.2765 -0.0528
vn 0.9612 -0.2625 -0.0844
vn 0.8163 0.1183 0.5654
vn 0.8052 0.1043 0.5837
vn 0.9480 0.0583 0.3130
vn 0.9044 0.0109 0.4266
vn 0.9002 0.4191 0.1184
vn 0.8395 0.5237 0.1444
vn 0.8488 -0.1491 0.5073
vn 0.8381 -0.1177 0.5326
vn 0.8738 0.0040 0.4863
vn 0.8752 -0.0007 0.4837
vn 0.8843 0.0012 0.4670
vn 0.8741 -0.0113 0.4855
vn 0.9419 -0.0116 0.3356
vn 0.9139 -0.0619 0.4012
vn 0.9643 -0.0487 0.2603
vn 0.9567 -0.0532 0.2863
vn 0.9652 -0.0277 0.2602
vn 0.9494 -0.0403 0.3115
vn 0.9627 0.0049 0.2705
vn 0.9966 0.0817 0.0118
vn 0.9972 0.0726 0.0196
vn 0.9967 0.0811 -0.0042
vn 0.9981 0.0606 0.0109
vn 0.9957 0.0833 -0.0413
vn 0.9998 0.0192 -0.0007
vn 0.9976 0.0453 -0.0519
vn 0.9950 0.0740 -0.0672
vn 0.9962 0.0670 -0.0554
vn 0.9923 0.1014 -0.0708
vn 0.9989 0.0470 0.0089
vn 0.9601 0.2706 -0.0699
vn 0.9844 0.1644 0.0623
vn 0.9429 0.3327 0.0180
vn 0.9630 0.2455 0.1109
vn 0.9631 0.2453 0.1109
vn 0.9651 0.2314 0.1225
vn 0.9559 0.2676 0.1212
vn 0.9695 0.1576 0.1875
vn 0.9091 0.3581 0.2128
vn 0.8862 -0.1636 0.4335
vn 0.8345 -0.1995 0.5136
vn 0.8935 0.4194 0.1605
vn 0.9034 0.3499 0.2478
vn 0.9011 -0.2091 0.3797
vn 0.9087 -0.2012 0.3658
vn 0.9044 0.3508 0.2431
vn 0.9039 0.3548 0.2391
vn 0.9207 -0.1995 0.3355
vn 0.9503 -0.1545 0.2703
vn 0.9104 0.3678 0.1894
vn 0.9219 0.2904 0.2564
vn 0.9321 -0.1630 0.3234
vn 0.9484 -0.1334 0.2877
vn 0.9025 0.2510 0.3500
vn 0.8939 0.3459 0.2850
vn 0.9505 -0.1317 0.2813
vn 0.9398 -0.1546 0.3047
vn 0.8951 0.3510 0.2748
vn 0.8980 0.3364 0.2836
vn 0.9989 -0.0387 -0.0259
vn 0.9979 -0.0645 -0.0021
vn 0.9001 0.4040 0.1629
vn 0.7897 0.6121 0.0407
vn 0.9980 -0.0638 -0.0038
vn 0.9990 -0.0391 -0.0236
vn 0.8222 0.5379 0.1863
vn 0.7276 0.6775 0.1079
vn 0.9951 -0.0811 0.0570
vn 0.9965 0.0704 -0.0446
vn 0.7629 0.5994 0.2421
vn 0.7605 0.6033 0.2403
vn 0.9985 0.0081 0.0546
vn 0.9897 0.1417 -0.0198
vn 0.7565 0.6135 0.2264
vn 0.8003 0.5452 0.2496
vn 0.9923 0.1242 0.0040
vn 0.9859 0.1665 -0.0155
vn 0.8053 0.5294 0.2668
vn 0.7353 0.6337 0.2403
vn 0.9908 0.1333 0.0224
vn 0.9944 0.0996 0.0342
vn 0.7905 0.4691 0.3938
vn 0.6293 0.6927 0.3523
vn 0.9953 0.0826 0.0504
vn 0.9912 0.1264 0.0396
vn 0.7013 0.4969 0.5112
vn 0.5237 0.7079 0.4739
vn 0.9929 0.0288 0.1152
vn 0.9718 0.2177 0.0901
vn 0.5933 0.5367 0.6000
vn 0.5576 0.5776 0.5962
vn 0.9813 0.1133 0.1556
vn 0.9524 0.2642 0.1522
vn 0.5888 0.4930 0.6405
vn 0.5272 0.5580 0.6409
vn 0.9634 0.1917 0.1876
vn 0.9708 0.1544 0.1836
vn 0.6053 0.3469 0.7164
vn 0.3778 0.5676 0.7314
vn 0.4345 0.3790 0.8170
vn 0.4533 0.4073 0.7929
vn 0.9601 0.1193 0.2530
vn 0.9677 0.1818 0.1746
vn 0.9153 0.2570 0.3101
vn 0.9241 0.3012 0.2353
vn 0.9280 0.1876 0.3218
vn 0.9020 0.2482 0.3533
vn 0.9145 0.1901 0.3572
vn 0.9383 0.1325 0.3195
vn 0.9391 0.1273 0.3193
vn 0.9430 0.1172 0.3115
vn 0.9467 0.0920 0.3086
vn 0.9394 0.1101 0.3245
vn 0.9412 0.1002 0.3227
vn 0.9403 0.1020 0.3246
vn 0.9541 0.0088 0.2994
vn 0.9078 0.0970 0.4080
vn 0.9300 -0.0194 0.3671
vn 0.8705 0.0648 0.4879
vn 0.8916 -0.0208 0.4524
vn 0.8934 -0.0230 0.4486
vn 0.9059 -0.0856 0.4147
vn 0.9003 -0.0797 0.4279
vn 0.9180 -0.2320 0.3217
vn 0.8797 -0.1975 0.4326
vn 0.8606 -0.1140 0.4964
vn 0.9091 -0.1387 0.3928
vn 0.8951 -0.0898 0.4368
vn 0.8995 -0.0910 0.4274
vn 0.9223 -0.1607 0.3515
vn 0.8822 -0.1599 0.4429
vn 0.9166 -0.2572 0.3061
vn 0.9018 -0.2618 0.3438
vn 0.8991 -0.2562 0.3549
vn 0.9272 -0.2374 0.2897
vn 0.9628 0.0679 0.2615
vn 0.9335 0.1826 0.3086
vn 0.4652 0.3059 0.8307
vn 0.5022 0.2731 0.8205
vn 0.9383 0.1506 0.3112
vn 0.9272 0.1820 0.3275
vn 0.4839 0.3140 0.8168
vn 0.5396 0.2706 0.7973
vn 0.9189 0.2202 0.3273
vn 0.9584 0.1159 0.2607
vn 0.5587 0.2295 0.7970
vn 0.4851 0.2812 0.8280
vn 0.9650 0.0626 0.2545
vn 0.9573 0.0883 0.2753
vn 0.6071 0.0162 0.7944
vn 0.5075 0.0913 0.8568
vn 0.9666 0.0045 0.2564
vn 0.9310 0.1004 0.3508
vn 0.5744 -0.0610 0.8163
vn 0.5298 -0.0299 0.8476
vn 0.9459 0.0153 0.3240
vn 0.9493 0.0072 0.3142
vn 0.5811 -0.1455 0.8007
vn 0.4774 -0.0837 0.8747
vn 0.9515 -0.0080 0.3076
vn 0.9511 -0.0072 0.3088
vn 0.5425 -0.2166 0.8116
vn 0.4528 -0.1704 0.8752
vn 0.9553 -0.0352 0.2935
vn 0.9294 0.0062 0.3689
vn 0.5121 -0.2822 0.8113
vn 0.4714 -0.2650 0.8412
vn 0.9387 -0.0329 0.3432
vn 0.9473 -0.0438 0.3174
vn 0.5091 -0.3298 0.7950
vn 0.4523 -0.3115 0.8357
vn 0.9465 -0.0403 0.3202
vn 0.9889 -0.1020 0.1080
vn 0.4910 -0.3699 0.7887
vn 0.5022 -0.3722 0.7806
vn 0.9695 0.0342 0.2427
vn 0.9596 0.0417 0.2783
vn 0.5513 -0.4381 0.7101
vn 0.4918 -0.4325 0.7557
vn 0.9687 0.0153 0.2477
vn 0.9509 0.0213 0.3088
vn 0.5543 -0.5042 0.6622
vn 0.5070 -0.5047 0.6988
vn 0.9732 -0.0353 0.2272
vn 0.9716 -0.0354 0.2338
vn 0.5644 -0.5595 0.6070
vn 0.5724 -0.5584 0.6005
vn 0.9720 -0.0363 0.2323
vn 0.9904 -0.0241 0.1359
vn 0.6141 -0.5872 0.5274
vn 0.6006 -0.5911 0.5384
vn 0.9645 0.0260 0.2628
vn 0.9807 0.0433 0.1908
vn 0.6465 -0.6104 0.4578
vn 0.5664 -0.6418 0.5170
vn 0.9530 -0.1808 0.2432
vn 0.9482 -0.2641 0.1765
vn 0.6578 -0.6921 0.2972
vn 0.6718 -0.6606 0.3351
vn 0.9880 0.0209 0.1534
vn 0.9849 0.0380 0.1691
vn 0.9666 -0.1841 0.1782
vn 0.9824 -0.1414 0.1224
vn 0.9823 -0.1414 0.1225
vn 0.9774 -0.1459 0.1530
vn 0.9828 -0.1268 0.1341
vn 0.9793 -0.1310 0.1540
vn 0.9794 -0.1310 0.1540
vn 0.9813 -0.1233 0.1479
vn 0.9847 -0.1169 0.1294
vn 0.9987 -0.0045 0.0503
vn 0.9885 -0.0443 0.1443
vn 0.9950 0.0606 0.0790
vn 0.9875 0.0223 0.1558
vn 0.9859 0.0009 0.1673
vn 0.9875 0.0066 0.1576
vn 0.9866 -0.0057 0.1631
vn 0.9720 -0.0515 0.2293
vn 0.9803 0.0664 0.1860
vn 0.9725 0.0309 0.2309
vn 0.9730 0.0772 0.2175
vn 0.9643 0.0361 0.2622
vn 0.9643 0.0709 0.2553
vn 0.9390 -0.0271 0.3427
vn 0.9394 -0.0202 0.3422
vn 0.9374 -0.0272 0.3472
vn 0.9375 -0.0074 0.3480
vn 0.9832 0.0243 0.1807
vn 0.9895 0.0468 0.1368
vn 0.6767 -0.6889 0.2597
vn 0.6518 -0.7055 0.2783
vn 0.9771 0.0485 0.2073
vn 0.9883 0.1143 0.1007
vn 0.6828 -0.6960 0.2219
vn 0.6728 -0.7036 0.2287
vn 0.9826 0.1117 0.1482
vn 0.9824 0.1091 0.1518
vn 0.6974 -0.6923 0.1853
vn 0.7895 -0.6015 0.1221
vn 0.9796 0.1065 0.1705
vn 0.9796 0.1070 0.1698
vn 0.7981 -0.5935 0.1042
vn 0.8175 -0.5686 0.0910
vn 0.9761 0.1023 0.1915
vn 0.9766 0.1070 0.1867
vn 0.8369 -0.5451 0.0496
vn 0.8226 -0.5656 0.0585
vn 0.9719 0.0990 0.2133
vn 0.9740 0.1341 0.1825
vn 0.8428 -0.5379 0.0169
vn 0.8258 -0.5634 0.0257
vn 0.9647 0.1127 0.2382
vn 0.9663 0.1606 0.2013
vn 0.8474 -0.5306 -0.0167
vn 0.8296 -0.5582 -0.0096
vn 0.9631 0.1503 0.2233
vn 0.9627 0.1709 0.2096
vn 0.8514 -0.5222 -0.0497
vn 0.8784 -0.4743 -0.0578
vn 0.9552 0.1422 0.2595
vn 0.9542 0.1829 0.2369
vn 0.8718 -0.4878 -0.0456
vn 0.9044 -0.4238 -0.0498
vn 0.9277 0.0947 0.3610
vn 0.9296 0.1518 0.3359
vn 0.8935 -0.4479 -0.0314
vn 0.8736 -0.4856 -0.0328
vn 0.9142 0.1031 0.3918
vn 0.9106 0.2212 0.3492
vn 0.8980 -0.4349 -0.0664
vn 0.8795 -0.4705 -0.0709
vn 0.8783 0.0988 0.4678
vn 0.8681 0.2616 0.4218
vn 0.8800 -0.4696 -0.0714
vn 0.8825 -0.4651 -0.0703
vn 0.8417 0.1384 0.5219
vn 0.8381 0.1822 0.5142
vn 0.8996 -0.4282 -0.0859
vn 0.9156 -0.3952 -0.0736
vn 0.8280 0.1332 0.5446
vn 0.8235 0.1672 0.5421
vn 0.9229 -0.3769 -0.0788
vn 0.9479 -0.3151 -0.0473
s 0
f 19//1 18//1 2//1
f 1//2 2//2 18//2
f 290//3 451//3 1//3
f 2//4 1//4 451//4
f 20//5 19//5 3//5
f 2//6 3//6 19//6
f 451//7 450//7 2//7
f 3//8 2//8 450//8
f 21//9 20//9 4//9
f 3//10 4//10 20//10
f 450//11 449//11 3//11
f 4//12 3//12 449//12
f 22//13 21//13 5//13
f 4//14 5//14 21//14
f 449//15 448//15 4//15
f 5//16 4//16 448//16
f 23//17 22//17 6//17
f 5//18 6//18 22//18
f 448//19 447//19 5//19
f 6//20 5//20 447//20
f 24//21 23//21 7//21
f 6//22 7//22 23//22
f 447//23 446//23 6//23
f 7//24 6//24 446//24
f 25//25 24//25 8//25
f 7//26 8//26 24//26
f 446//27 445//27 7//27
f 8//28 7//28 445//28
f 26//29 25//29 9//29
f 8//30 9//30 25//30
f 445//31 444//31 8//31
f 9//32 8//32 444//32
f 27//33 26//33 10//33
f 9//34 10//34 26//34
f 444//35 443//35 9//35
f 10//36 9//36 443//36
f 28//37 27//37 11//37
f 10//38 11//38 27//38
f 443//39 442//39 10//39
f 11//40 10//40 442//40
f 29//41 28//41 12//41
f 11//42 12//42 28//42
f 442//43 441//43 11//43
f 12//44 11//44 441//44
f 30//45 29//45 13//45
f 12//46 13//46 29//46
f 441//47 440//47 12//47
f 13//48 12//48 440//48
f 31//49 30//49 14//49
f 13//50 14//50 30//50
f 440//51 439//51 13//51
f 14//52 13//52 439//52
f 32//53 31//53 15//53
f 14//54 15//54 31//54
f 439//55 438//55 14//55
f 15//56 14//56 438//56
f 33//57 32//57 16//57
f 15//58 16//58 32//58
f 438//59 437//59 15//59
f 16//60 15//60 437//60
f 34//61 33//61 17//61
f 16//62 17//62 33//62
f 437//63 404//63 16//63
f 17//64 16//64 404//64
f 36//65 35//65 19//65
f 18//66 19//66 35//66
f 37//67 36//67 20//67
f 19//68 20//68 36//68
f 38//69 37//69 21//69
f 20//70 21//70 37//70
f 39//71 38//71 22//71
f 21//72 22//72 38//72
f 40//73 39//73 23//73
f 22//74 23//74 39//74
f 41//75 40//75 24//75
f 23//76 24//76 40//76
f 42//77 41//77 25//77
f 24//78 25//78 41//78
f 43//79 42//79 26//79
f 25//80 26//80 42//80
f 44//81 43//81 27//81
f 26//82 27//82 43//82
f 45//83 44//83 28//83
f 27//84 28//84 44//84
f 46//85 45//85 29//85
f 28//86 29//86 45//86
f 47//87 46//87 30//87
f 29//88 30//88 46//88
f 48//89 47//89 31//89
f 30//90 31//90 47//90
f 49//91 48//91 32//91
f 31//92 32//92 48//92
f 50//93 49//93 33//93
f 32//94 33//94 49//94
f 51//95 50//95 34//95
f 33//95 34//95 50//95
f 53//96 52//96 36//96
f 35//97 36//97 52//97
f 54//98 53//98 37//98
f 36//99 37//99 53//99
f 55//100 54//100 38//100
f 37//101 38//101 54//101
f 56//102 55//102 39//102
f 38//103 39//103 55//103
f 57//104 56//104 40//104
f 39//105 40//105 56//105
f 58//106 57//106 41//106
f 40//107 41//107 57//107
f 59//108 58//108 42//108
f 41//109 42//109 58//109
f 60//110 59//110 43//110
f 42//111 43//111 59//111
f 61//112 60//112 44//112
f 43//113 44//113 60//113
f 62//114 61//114 45//114
f 44//115 45//115 61//115
f 63//116 62//116 46//116
f 45//117 46//117 62//117
f 64//118 63//118 47//118
f 46//119 47//119 63//119
f 65//120 64//120 48//120
f 47//121 48//121 64//121
f 66//122 65//122 49//122
f 48//123 49//123 65//123
f 67//124 66//124 50//124
f 49//125 50//125 66//125
f 68//126 67//126 51//126
f 50//127 51//127 67//127
f 70//128 69//128 53//128
f 52//129 53//129 69//129
f 71//130 70//130 54//130
f 53//131 54//131 70//131
f 72//132 71//132 55//132
f 54//133 55//133 71//133
f 73//134 72//134 56//134
f 55//135 56//135 72//135
f 74//136 73//136 57//136
f 56//137 57//137 73//137
f 75//138 74//138 58//138
f 57//139 58//139 74//139
f 76//140 75//140 59//140
f 58//141 59//141 75//141
f 77//142 76//142 60//142
f 59//143 60//143 76//143
f 78//144 77//144 61//144
f 60//145 61//145 77//145
f 79//146 78//146 62//146
f 61//147 62//147 78//147
f 80//148 79//148 63//148
f 62//149 63//149 79//149
f 81//150 80//150 64//150
f 63//151 64//151 80//151
f 82//152 81//152 65//152
f 64//153 65//153 81//153
f 83//154 82//154 66//154
f 65//155 66//155 82//155
f 84//156 83//156 67//156
f 66//157 67//157 83//157
f 85//158 84//158 68//158
f 67//159 68//159 84//159
f 87//160 86//160 70//160
f 69//161 70//161 86//161
f 88//162 87//162 71//162
f 70//163 71//163 87//163
f 89//164 88//164 72//164
f 71//165 72//165 88//165
f 90//166 89//166 73//166
f 72//167 73//167 89//167
f 91//168 90//168 74//168
f 73//169 74//169 90//169
f 92//170 91//170 75//170
f 74//171 75//171 91//171
f 93//172 92//172 76//172
f 75//173 76//173 92//173
f 94//174 93//174 77//174
f 76//175 77//175 93//175
f 95//176 94//176 78//176
f 77//177 78//177 94//177
f 96//178 95//178 79//178
f 78//179 79//179 95//179
f 97//180 96//180 80//180
f 79//181 80//181 96//181
f 98//182 97//182 81//182
f 80//150 81//150 97//150
f 99//183 98//183 82//183
f 81//184 82//184 98//184
f 100//185 99//185 83//185
f 82//183 83//183 99//183
f 101//186 100//186 84//186
f 83//187 84//187 100//187
f 102//188 101//188 85//188
f 84//189 85//189 101//189
f 104//190 103//190 87//190
f 86//191 87//191 103//191
f 105//192 104//192 88//192
f 87//193 88//193 104//193
f 106//194 105//194 89//194
f 88//195 89//195 105//195
f 107//196 106//196 90//196
f 89//197 90//197 106//197
f 108//198 107//198 91//198
f 90//199 91//199 107//199
f 109//200 108//200 92//200
f 91//201 92//201 108//201
f 110//202 109//202 93//202
f 92//203 93//203 109//203
f 111//204 110//204 94//204
f 93//205 94//205 110//205
f 112//206 111//206 95//206
f 94//207 95//207 111//207
f 113//208 112//208 96//208
f 95//209 96//209 112//209
f 114//210 113//210 97//210
f 96//211 97//211 113//211
f 115//212 114//212 98//212
f 97//213 98//213 114//213
f 116//214 115//214 99//214
f 98//183 99//183 115//183
f 117//215 116//215 100//215
f 99//216 100//216 116//216
f 118//217 117//217 101//217
f 100//218 101//218 117//218
f 119//219 118//219 102//219
f 101//220 102//220 118//220
f 121//221 120//221 104//221
f 103//222 104//222 120//222
f 122//223 121//223 105//223
f 104//224 105//224 121//224
f 123//225 122//225 106//225
f 105//226 106//226 122//226
f 124//227 123//227 107//227
f 106//228 107//228 123//228
f 125//229 124//229 108//229
f 107//230 108//230 124//230
f 126//231 125//231 109//231
f 108//232 109//232 125//232
f 127//233 126//233 110//233
f 109//234 110//234 126//234
f 128//235 127//235 111//235
f 110//236 111//236 127//236
f 129//237 128//237 112//237
f 111//238 112//238 128//238
f 130//239 129//239 113//239
f 112//240 113//240 129//240
f 131//241 130//241 114//241
f 113//242 114//242 130//242
f 132//243 131//243 115//243
f 114//244 115//244 131//244
f 133//245 132//245 116//245
f 115//246 116//246 132//246
f 134//247 133//247 117//247
f 116//248 117//248 133//248
f 135//249 134//249 118//249
f 117//250 118//250 134//250
f 136//251 135//251 119//251
f 118//252 119//252 135//252
f 138//253 137//253 121//253
f 120//254 121//254 137//254
f 139//255 138//255 122//255
f 121//256 122//256 138//256
f 140//257 139//257 123//257
f 122//258 123//258 139//258
f 141//259 140//259 124//259
f 123//260 124//260 140//260
f 142//261 141//261 125//261
f 124//262 125//262 141//262
f 143//263 142//263 126//263
f 125//264 126//264 142//264
f 144//265 143//265 127//265
f 126//266 127//266 143//266
f 145//267 144//267 128//267
f 127//268 128//268 144//268
f 146//269 145//269 129//269
f 128//270 129//270 145//270
f 147//271 146//271 130//271
f 129//272 130//272 146//272
f 148//273 147//273 131//273
f 130//274 131//274 147//274
f 149//275 148//275 132//275
f 131//276 132//276 148//276
f 150//277 149//277 133//277
f 132//278 133//278 149//278
f 151//279 150//279 134//279
f 133//280 134//280 150//280
f 152//281 151//281 135//281
f 134//282 135//282 151//282
f 153//283 152//283 136//283
f 135//284 136//284 152//284
f 155//285 154//285 138//285
f 137//286 138//286 154//286
f 156//287 155//287 139//287
f 138//288 139//288 155//288
f 157//289 156//289 140//289
f 139//290 140//290 156//290
f 158//291 157//291 141//291
f 140//292 141//292 157//292
f 159//293 158//293 142//293
f 141//294 142//294 158//294
f 160//295 159//295 143//295
f 142//295 143//295 159//295
f 161//296 160//296 144//296
f 143//297 144//297 160//297
f 162//298 161//298 145//298
f 144//299 145//299 161//299
f 163//300 162//300 146//300
f 145//301 146//301 162//301
f 164//302 163//302 147//302
f 146//303 147//303 163//303
f 165//304 164//304 148//304
f 147//273 148//273 164//273
f 166//305 165//305 149//305
f 148//306 149//306 165//306
f 167//307 166//307 150//307
f 149//308 150//308 166//308
f 168//309 167//309 151//309
f 150//310 151//310 167//310
f 169//311 168//311 152//311
f 151//312 152//312 168//312
f 170//313 169//313 153//313
f 152//314 153//314 169//314
f 172//315 171//315 155//315
f 154//316 155//316 171//316
f 173//317 172//317 156//317
f 155//318 156//318 172//318
f 174//319 173//319 157//319
f 156//320 157//320 173//320
f 175//321 174//321 158//321
f 157//322 158//322 174//322
f 176//323 175//323 159//323
f 158//324 159//324 175//324
f 177//325 176//325 160//325
f 159//326 160//326 176//326
f 178//327 177//327 161//327
f 160//328 161//328 177//328
f 179//329 178//329 162//329
f 161//330 162//330 178//330
f 180//331 179//331 163//331
f 162//332 163//332 179//332
f 181//333 180//333 164//333
f 163//334 164//334 180//334
f 182//335 181//335 165//335
f 164//336 165//336 181//336
f 183//337 182//337 166//337
f 165//338 166//338 182//338
f 184//339 183//339 167//339
f 166//340 167//340 183//340
f 185//341 184//341 168//341
f 167//342 168//342 184//342
f 186//343 185//343 169//343
f 168//344 169//344 185//344
f 187//345 186//345 170//345
f 169//346 170//346 186//346
f 189//347 188//347 172//347
f 171//348 172//348 188//348
f 190//349 189//349 173//349
f 172//350 173//350 189//350
f 191//351 190//351 174//351
f 173//352 174//352 190//352
f 192//353 191//353 175//353
f 174//354 175//354 191//354
f 193//355 192//355 176//355
f 175//356 176//356 192//356
f 194//357 193//357 177//357
f 176//358 177//358 193//358
f 195//359 194//359 178//359
f 177//360 178//360 194//360
f 196//361 195//361 179//361
f 178//362 179//362 195//362
f 197//363 196//363 180//363
f 179//364 180//364 196//364
f 198//365 197//365 181//365
f 180//366 181//366 197//366
f 199//367 198//367 182//367
f 181//368 182//368 198//368
f 200//369 199//369 183//369
f 182//370 183//370 199//370
f 201//371 200//371 184//371
f 183//372 184//372 200//372
f 202//373 201//373 185//373
f 184//374 185//374 201//374
f 203//375 202//375 186//375
f 185//376 186//376 202//376
f 204//377 203//377 187//377
f 186//378 187//378 203//378
f 206//379 205//379 189//379
f 188//380 189//380 205//380
f 207//381 206//381 190//381
f 189//382 190//382 206//382
f 208//383 207//383 191//383
f 190//384 191//384 207//384
f 209//385 208//385 192//385
f 191//386 192//386 208//386
f 210//387 209//387 193//387
f 192//388 193//388 209//388
f 211//389 210//389 194//389
f 193//390 194//390 210//390
f 212//391 211//391 195//391
f 194//392 195//392 211//392
f 213//393 212//393 196//393
f 195//394 196//394 212//394
f 214//395 213//395 197//395
f 196//396 197//396 213//396
f 215//397 214//397 198//397
f 197//398 198//398 214//398
f 216//399 215//399 199//399
f 198//399 199//399 215//399
f 217//400 216//400 200//400
f 199//401 200//401 216//401
f 218//402 217//402 201//402
f 200//403 201//403 217//403
f 219//404 218//404 202//404
f 201//405 202//405 218//405
f 220//406 219//406 203//406
f 202//407 203//407 219//407
f 221//408 220//408 204//408
f 203//409 204//409 220//409
f 223//410 222//410 206//410
f 205//411 206//411 222//411
f 224//412 223//412 207//412
f 206//413 207//413 223//413
f 225//414 224//414 208//414
f 207//415 208//415 224//415
f 226//416 225//416 209//416
f 208//417 209//417 225//417
f 227//418 226//418 210//418
f 209//419 210//419 226//419
f 228//420 227//420 211//420
f 210//421 211//421 227//421
f 229//422 228//422 212//422
f 211//423 212//423 228//423
f 230//424 229//424 213//424
f 212//425 213//425 229//425
f 231//426 230//426 214//426
f 213//427 214//427 230//427
f 232//428 231//428 215//428
f 214//429 215//429 231//429
f 233//430 232//430 216//430
f 215//431 216//431 232//431
f 234//432 233//432 217//432
f 216//433 217//433 233//433
f 235//434 234//434 218//434
f 217//435 218//435 234//435
f 236//436 235//436 219//436
f 218//437 219//437 235//437
f 237//438 236//438 220//438
f 219//439 220//439 236//439
f 238//440 237//440 221//440
f 220//441 221//441 237//441
f 240//442 239//442 223//442
f 222//443 223//443 239//443
f 241//444 240//444 224//444
f 223//445 224//445 240//445
f 242//446 241//446 225//446
f 224//447 225//447 241//447
f 243//448 242//448 226//448
f 225//449 226//449 242//449
f 244//450 243//450 227//450
f 226//451 227//451 243//451
f 245//452 244//452 228//452
f 227//453 228//453 244//453
f 246//454 245//454 229//454
f 228//455 229//455 245//455
f 247//456 246//456 230//456
f 229//457 230//457 246//457
f 248//458 247//458 231//458
f 230//459 231//459 247//459
f 249//460 248//460 232//460
f 231//461 232//461 248//461
f 250//462 249//462 233//462
f 232//463 233//463 249//463
f 251//464 250//464 234//464
f 233//465 234//465 250//465
f 252//466 251//466 235//466
f 234//467 235//467 251//467
f 253//468 252//468 236//468
f 235//469 236//469 252//469
f 254//470 253//470 237//470
f 236//471 237//471 253//471
f 255//472 254//472 238//472
f 237//473 238//473 254//473
f 257//474 256//474 240//474
f 239//475 240//475 256//475
f 258//476 257//476 241//476
f 240//477 241//477 257//477
f 259//478 258//478 242//478
f 241//479 242//479 258//479
f 260//480 259//480 243//480
f 242//481 243//481 259//481
f 261//482 260//482 244//482
f 243//483 244//483 260//483
f 262//484 261//484 245//484
f 244//485 245//485 261//485
f 263//486 262//486 246//486
f 245//487 246//487 262//487
f 264//488 263//488 247//488
f 246//489 247//489 263//489
f 265//490 264//490 248//490
f 247//491 248//491 264//491
f 266//492 265//492 249//492
f 248//493 249//493 265//493
f 267//494 266//494 250//494
f 249//495 250//495 266//495
f 268//496 267//496 251//496
f 250//497 251//497 267//497
f 269//498 268//498 252//498
f 251//499 252//499 268//499
f 270//500 269//500 253//500
f 252//501 253//501 269//501
f 271//502 270//502 254//502
f 253//503 254//503 270//503
f 272//504 271//504 255//504
f 254//505 255//505 271//505
f 274//506 273//506 257//506
f 256//507 257//507 273//507
f 275//508 274//508 258//508
f 257//509 258//509 274//509
f 276//510 275//510 259//510
f 258//511 259//511 275//511
f 277//512 276//512 260//512
f 259//513 260//513 276//513
f 278//514 277//514 261//514
f 260//515 261//515 277//515
f 279//516 278//516 262//516
f 261//517 262//517 278//517
f 280//518 279//518 263//518
f 262//519 263//519 279//519
f 281//520 280//520 264//520
f 263//521 264//521 280//521
f 282//522 281//522 265//522
f 264//523 265//523 281//523
f 283//524 282//524 266//524
f 265//525 266//525 282//525
f 284//526 283//526 267//526
f 266//527 267//527 283//527
f 285//528 284//528 268//528
f 267//529 268//529 284//529
f 286//530 285//530 269//530
f 268//531 269//531 285//531
f 287//532 286//532 270//532
f 269//533 270//533 286//533
f 288//534 287//534 271//534
f 270//535 271//535 287//535
f 289//536 288//536 272//536
f 271//537 272//537 288//537
f 341//538 306//538 274//538
f 273//539 274//539 306//539
f 342//540 341//540 275//540
f 274//541 275//541 341//541
f 343//542 342//542 276//542
f 275//543 276//543 342//543
f 344//544 343//544 277//544
f 276//545 277//545 343//545
f 345//546 344//546 278//546
f 277//547 278//547 344//547
f 346//548 345//548 279//548
f 278//549 279//549 345//549
f 347//550 346//550 280//550
f 279//551 280//551 346//551
f 348//552 347//552 281//552
f 280//553 281//553 347//553
f 349//554 348//554 282//554
f 281//555 282//555 348//555
f 350//556 349//556 283//556
f 282//557 283//557 349//557
f 351//558 350//558 284//558
f 283//559 284//559 350//559
f 352//560 351//560 285//560
f 284//561 285//561 351//561
f 353//562 352//562 286//562
f 285//563 286//563 352//563
f 354//564 353//564 287//564
f 286//565 287//565 353//565
f 355//566 354//566 288//566
f 287//567 288//567 354//567
f 356//568 355//568 289//568
f 288//569 289//569 355//569
f 306//570 305//570 273//570
f 256//571 273//571 305//571
f 305//572 304//572 256//572
f 239//573 256//573 304//573
f 304//574 303//574 239//574
f 222//575 239//575 303//575
f 303//576 302//576 222//576
f 205//577 222//577 302//577
f 302//578 301//578 205//578
f 188//578 205//578 301//578
f 301//579 300//579 188//579
f 171//580 188//580 300//580
f 300//581 299//581 171//581
f 154//582 171//582 299//582
f 299//583 298//583 154//583
f 137//584 154//584 298//584
f 298//585 297//585 137//585
f 120//586 137//586 297//586
f 297//587 296//587 120//587
f 103//588 120//588 296//588
f 296//589 295//589 103//589
f 86//590 103//590 295//590
f 295//591 294//591 86//591
f 69//592 86//592 294//592
f 294//593 293//593 69//593
f 52//594 69//594 293//594
f 293//595 292//595 52//595
f 35//596 52//596 292//596
f 292//597 291//597 35//597
f 18//598 35//598 291//598
f 291//599 290//599 18//599
f 1//600 18//600 290//600
f 389//601 356//601 272//601
f 289//602 272//602 356//602
f 390//603 389//603 255//603
f 272//604 255//604 389//604
f 391//605 390//605 238//605
f 255//606 238//606 390//606
f 392//607 391//607 221//607
f 238//608 221//608 391//608
f 393//609 392//609 204//609
f 221//610 204//610 392//610
f 394//611 393//611 187//611
f 204//612 187//612 393//612
f 395//613 394//613 170//613
f 187//614 170//614 394//614
f 396//615 395//615 153//615
f 170//616 153//616 395//616
f 397//617 396//617 136//617
f 153//618 136//618 396//618
f 398//619 397//619 119//619
f 136//620 119//620 397//620
f 399//621 398//621 102//621
f 119//622 102//622 398//622
f 400//623 399//623 85//623
f 102//624 85//624 399//624
f 401//158 400//158 68//158
f 85//625 68//625 400//625
f 402//626 401//626 51//626
f 68//627 51//627 401//627
f 403//628 402//628 34//628
f 51//629 34//629 402//629
f 404//630 403//630 17//630
f 34//631 17//631 403//631
f 308//632 307//632 291//632
f 290//633 291//633 307//633
f 309//634 308//634 292//634
f 291//635 292//635 308//635
f 310//636 309//636 293//636
f 292//637 293//637 309//637
f 311//638 310//638 294//638
f 293//639 294//639 310//639
f 312//640 311//640 295//640
f 294//641 295//641 311//641
f 313//642 312//642 296//642
f 295//643 296//643 312//643
f 314//644 313//644 297//644
f 296//645 297//645 313//645
f 315//646 314//646 298//646
f 297//647 298//647 314//647
f 316//648 315//648 299//648
f 298//649 299//649 315//649
f 317//650 316//650 300//650
f 299//651 300//651 316//651
f 318//652 317//652 301//652
f 300//653 301//653 317//653
f 319//654 318//654 302//654
f 301//655 302//655 318//655
f 320//656 319//656 303//656
f 302//657 303//657 319//657
f 321//658 320//658 304//658
f 303//659 304//659 320//659
f 322//660 321//660 305//660
f 304//661 305//661 321//661
f 323//662 322//662 306//662
f 305//663 306//663 322//663
f 325//664 324//664 308//664
f 307//665 308//665 324//665
f 324//666 325//666 482//666
f 483//667 482//667 325//667
f 326//668 325//668 309//668
f 308//669 309//669 325//669
f 325//670 326//670 483//670
f 484//671 483//671 326//671
f 327//672 326//672 310//672
f 309//673 310//673 326//673
f 326//674 327//674 484//674
f 485//675 484//675 327//675
f 328//676 327//676 311//676
f 310//677 311//677 327//677
f 327//678 328//678 485//678
f 486//679 485//679 328//679
f 329//680 328//680 312//680
f 311//681 312//681 328//681
f 328//682 329//682 486//682
f 487//683 486//683 329//683
f 330//684 329//684 313//684
f 312//685 313//685 329//685
f 329//686 330//686 487//686
f 488//687 487//687 330//687
f 331//688 330//688 314//688
f 313//689 314//689 330//689
f 330//690 331//690 488//690
f 489//691 488//691 331//691
f 332//692 331//692 315//692
f 314//693 315//693 331//693
f 331//694 332//694 489//694
f 490//695 489//695 332//695
f 333//696 332//696 316//696
f 315//697 316//697 332//697
f 332//698 333//698 490//698
f 491//699 490//699 333//699
f 334//700 333//700 317//700
f 316//701 317//701 333//701
f 333//702 334//702 491//702
f 492//703 491//703 334//703
f 335//704 334//704 318//704
f 317//705 318//705 334//705
f 334//706 335//706 492//706
f 493//707 492//707 335//707
f 336//708 335//708 319//708
f 318//709 319//709 335//709
f 335//710 336//710 493//710
f 494//711 493//711 336//711
f 337//712 336//712 320//712
f 319//713 320//713 336//713
f 336//714 337//714 494//714
f 495//715 494//715 337//715
f 338//716 337//716 321//716
f 320//717 321//717 337//717
f 337//718 338//718 495//718
f 496//719 495//719 338//719
f 339//720 338//720 322//720
f 321//721 322//721 338//721
f 338//722 339//722 496//722
f 497//723 496//723 339//723
f 340//724 339//724 323//724
f 322//725 323//725 339//725
f 339//726 340//726 497//726
f 498//727 497//727 340//727
f 545//728 481//728 482//728
f 324//729 482//729 481//729
f 481//730 466//730 324//730
f 307//731 324//731 466//731
f 466//732 451//732 307//732
f 290//3 307//3 451//3
f 373//733 499//733 340//733
f 498//734 340//734 499//734
f 357//735 373//735 323//735
f 340//736 323//736 373//736
f 341//737 357//737 306//737
f 323//738 306//738 357//738
f 358//739 357//739 342//739
f 341//740 342//740 357//740
f 359//741 358//741 343//741
f 342//742 343//742 358//742
f 360//743 359//743 344//743
f 343//744 344//744 359//744
f 361//745 360//745 345//745
f 344//746 345//746 360//746
f 362//747 361//747 346//747
f 345//748 346//748 361//748
f 363//749 362//749 347//749
f 346//750 347//750 362//750
f 364//751 363//751 348//751
f 347//752 348//752 363//752
f 365//753 364//753 349//753
f 348//754 349//754 364//754
f 366//755 365//755 350//755
f 349//756 350//756 365//756
f 367//757 366//757 351//757
f 350//758 351//758 366//758
f 368//759 367//759 352//759
f 351//760 352//760 367//760
f 369//761 368//761 353//761
f 352//762 353//762 368//762
f 370//763 369//763 354//763
f 353//764 354//764 369//764
f 371//765 370//765 355//765
f 354//766 355//766 370//766
f 372//767 371//767 356//767
f 355//768 356//768 371//768
f 374//769 373//769 358//769
f 357//770 358//770 373//770
f 373//771 374//771 499//771
f 500//772 499//772 374//772
f 375//773 374//773 359//773
f 358//774 359//774 374//774
f 374//775 375//775 500//775
f 501//776 500//776 375//776
f 376//777 375//777 360//777
f 359//778 360//778 375//778
f 375//779 376//779 501//779
f 502//780 501//780 376//780
f 377//781 376//781 361//781
f 360//782 361//782 376//782
f 376//783 377//783 502//783
f 503//784 502//784 377//784
f 378//785 377//785 362//785
f 361//786 362//786 377//786
f 377//787 378//787 503//787
f 504//788 503//788 378//788
f 379//789 378//789 363//789
f 362//790 363//790 378//790
f 378//791 379//791 504//791
f 505//792 504//792 379//792
f 380//793 379//793 364//793
f 363//794 364//794 379//794
f 379//795 380//795 505//795
f 506//796 505//796 380//796
f 381//797 380//797 365//797
f 364//798 365//798 380//798
f 380//799 381//799 506//799
f 507//800 506//800 381//800
f 382//801 381//801 366//801
f 365//802 366//802 381//802
f 381//803 382//803 507//803
f 508//804 507//804 382//804
f 383//805 382//805 367//805
f 366//806 367//806 382//806
f 382//807 383//807 508//807
f 509//808 508//808 383//808
f 384//809 383//809 368//809
f 367//810 368//810 383//810
f 383//811 384//811 509//811
f 510//812 509//812 384//812
f 385//813 384//813 369//813
f 368//814 369//814 384//814
f 384//815 385//815 510//815
f 511//816 510//816 385//816
f 386//817 385//817 370//817
f 369//818 370//818 385//818
f 385//819 386//819 511//819
f 512//820 511//820 386//820
f 387//821 386//821 371//821
f 370//822 371//822 386//822
f 386//823 387//823 512//823
f 513//824 512//824 387//824
f 388//825 387//825 372//825
f 371//826 372//826 387//826
f 387//827 388//827 513//827
f 514//828 513//828 388//828
f 421//829 515//829 388//829
f 514//830 388//830 515//830
f 405//831 421//831 372//831
f 388//832 372//832 421//832
f 389//833 405//833 356//833
f 372//834 356//834 405//834
f 406//835 405//835 390//835
f 389//836 390//836 405//836
f 407//837 406//837 391//837
f 390//838 391//838 406//838
f 408//839 407//839 392//839
f 391//840 392//840 407//840
f 409//841 408//841 393//841
f 392//842 393//842 408//842
f 410//843 409//843 394//843
f 393//844 394//844 409//844
f 411//845 410//845 395//845
f 394//846 395//846 410//846
f 412//847 411//847 396//847
f 395//848 396//848 411//848
f 413//849 412//849 397//849
f 396//850 397//850 412//850
f 414//851 413//851 398//851
f 397//852 398//852 413//852
f 415//853 414//853 399//853
f 398//854 399//854 414//854
f 416//855 415//855 400//855
f 399//856 400//856 415//856
f 417//857 416//857 401//857
f 400//858 401//858 416//858
f 418//859 417//859 402//859
f 401//860 402//860 417//860
f 419//861 418//861 403//861
f 402//862 403//862 418//862
f 420//863 419//863 404//863
f 403//864 404//864 419//864
f 422//865 421//865 406//865
f 405//866 406//866 421//866
f 421//867 422//867 515//867
f 516//868 515//868 422//868
f 423//869 422//869 407//869
f 406//870 407//870 422//870
f 422//871 423//871 516//871
f 517//872 516//872 423//872
f 424//873 423//873 408//873
f 407//874 408//874 423//874
f 423//875 424//875 517//875
f 518//876 517//876 424//876
f 425//877 424//877 409//877
f 408//878 409//878 424//878
f 424//879 425//879 518//879
f 519//880 518//880 425//880
f 426//881 425//881 410//881
f 409//882 410//882 425//882
f 425//883 426//883 519//883
f 520//884 519//884 426//884
f 427//885 426//885 411//885
f 410//886 411//886 426//886
f 426//887 427//887 520//887
f 521//888 520//888 427//888
f 428//889 427//889 412//889
f 411//890 412//890 427//890
f 427//891 428//891 521//891
f 522//892 521//892 428//892
f 429//893 428//893 413//893
f 412//894 413//894 428//894
f 428//895 429//895 522//895
f 523//896 522//896 429//896
f 430//897 429//897 414//897
f 413//898 414//898 429//898
f 429//899 430//899 523//899
f 524//900 523//900 430//900
f 431//901 430//901 415//901
f 414//902 415//902 430//902
f 430//903 431//903 524//903
f 525//904 524//904 431//904
f 432//905 431//905 416//905
f 415//906 416//906 431//906
f 431//907 432//907 525//907
f 526//908 525//908 432//908
f 433//909 432//909 417//909
f 416//910 417//910 432//910
f 432//911 433//911 526//911
f 527//912 526//912 433//912
f 434//913 433//913 418//913
f 417//914 418//914 433//914
f 433//915 434//915 527//915
f 528//916 527//916 434//916
f 435//917 434//917 419//917
f 418//918 419//918 434//918
f 434//919 435//919 528//919
f 529//920 528//920 435//920
f 436//921 435//921 420//921
f 419//922 420//922 435//922
f 435//923 436//923 529//923
f 530//924 529//924 436//924
f 437//925 452//925 404//925
f 420//926 404//926 452//926
f 467//927 531//927 436//927
f 530//928 436//928 531//928
f 452//929 467//929 420//929
f 436//930 420//930 467//930
f 453//931 452//931 438//931
f 437//932 438//932 452//932
f 454//933 453//933 439//933
f 438//934 439//934 453//934
f 455//935 454//935 440//935
f 439//936 440//936 454//936
f 456//937 455//937 441//937
f 440//938 441//938 455//938
f 457//939 456//939 442//939
f 441//940 442//940 456//940
f 458//941 457//941 443//941
f 442//942 443//942 457//942
f 459//943 458//943 444//943
f 443//944 444//944 458//944
f 460//945 459//945 445//945
f 444//946 445//946 459//946
f 461//947 460//947 446//947
f 445//948 446//948 460//948
f 462//949 461//949 447//949
f 446//950 447//950 461//950
f 463//951 462//951 448//951
f 447//952 448//952 462//952
f 464//953 463//953 449//953
f 448//954 449//954 463//954
f 465//955 464//955 450//955
f 449//956 450//956 464//956
f 466//957 465//957 451//957
f 450//958 451//958 465//958
f 468//959 467//959 453//959
f 452//960 453//960 467//960
f 467//961 468//961 531//961
f 532//962 531//962 468//962
f 469//963 468//963 454//963
f 453//964 454//964 468//964
f 468//965 469//965 532//965
f 533//966 532//966 469//966
f 470//967 469//967 455//967
f 454//968 455//968 469//968
f 469//969 470//969 533//969
f 534//970 533//970 470//970
f 471//971 470//971 456//971
f 455//972 456//972 470//972
f 470//973 471//973 534//973
f 535//974 534//974 471//974
f 472//975 471//975 457//975
f 456//976 457//976 471//976
f 471//977 472//977 535//977
f 536//978 535//978 472//978
f 473//979 472//979 458//979
f 457//980 458//980 472//980
f 472//981 473//981 536//981
f 537//982 536//982 473//982
f 474//983 473//983 459//983
f 458//984 459//984 473//984
f 473//985 474//985 537//985
f 538//986 537//986 474//986
f 475//987 474//987 460//987
f 459//988 460//988 474//988
f 474//989 475//989 538//989
f 539//990 538//990 475//990
f 476//991 475//991 461//991
f 460//992 461//992 475//992
f 475//993 476//993 539//993
f 540//994 539//994 476//994
f 477//995 476//995 462//995
f 461//996 462//996 476//996
f 476//997 477//997 540//997
f 541//998 540//998 477//998
f 478//999 477//999 463//999
f 462//1000 463//1000 477//1000
f 477//1001 478//1001 541//1001
f 542//1002 541//1002 478//1002
f 479//1003 478//1003 464//1003
f 463//1004 464//1004 478//1004
f 478//1005 479//1005 542//1005
f 543//1006 542//1006 479//1006
f 480//1007 479//1007 465//1007
f 464//1008 465//1008 479//1008
f 479//1009 480//1009 543//1009
f 544//1010 543//1010 480//1010
f 481//1011 480//1011 466//1011
f 465//1012 466//1012 480//1012
f 480//1013 481//1013 544//1013
f 545//1014 544//1014 481//1014
f 482//1015 483//1015 546//1015
f 547//1016 546//1016 483//1016
f 483//1017 484//1017 547//1017
f 548//1018 547//1018 484//1018
f 484//1019 485//1019 548//1019
f 549//1020 548//1020 485//1020
f 485//1021 486//1021 549//1021
f 550//1022 549//1022 486//1022
f 486//1023 487//1023 550//1023
f 551//1024 550//1024 487//1024
f 487//1025 488//1025 551//1025
f 552//1026 551//1026 488//1026
f 488//1027 489//1027 552//1027
f 553//1028 552//1028 489//1028
f 489//1029 490//1029 553//1029
f 554//1030 553//1030 490//1030
f 490//1031 491//1031 554//1031
f 555//1032 554//1032 491//1032
f 491//1033 492//1033 555//1033
f 556//1034 555//1034 492//1034
f 492//1035 493//1035 556//1035
f 557//1036 556//1036 493//1036
f 493//1037 494//1037 557//1037
f 558//1038 557//1038 494//1038
f 494//1039 495//1039 558//1039
f 559//1040 558//1040 495//1040
f 495//1041 496//1041 559//1041
f 560//1042 559//1042 496//1042
f 496//1043 497//1043 560//1043
f 561//1044 560//1044 497//1044
f 497//1045 498//1045 561//1045
f 562//1046 561//1046 498//1046
f 609//1047 545//1047 546//1047
f 482//1048 546//1048 545//1048
f 499//1049 563//1049 498//1049
f 562//1050 498//1050 563//1050
f 499//1051 500//1051 563//1051
f 564//1052 563//1052 500//1052
f 500//1053 501//1053 564//1053
f 565//1054 564//1054 501//1054
f 501//1055 502//1055 565//1055
f 566//1056 565//1056 502//1056
f 502//1057 503//1057 566//1057
f 567//1058 566//1058 503//1058
f 503//1059 504//1059 567//1059
f 568//1060 567//1060 504//1060
f 504//1061 505//1061 568//1061
f 569//1062 568//1062 505//1062
f 505//1063 506//1063 569//1063
f 570//1064 569//1064 506//1064
f 506//1065 507//1065 570//1065
f 571//1066 570//1066 507//1066
f 507//1067 508//1067 571//1067
f 572//1068 571//1068 508//1068
f 508//1069 509//1069 572//1069
f 573//1070 572//1070 509//1070
f 509//1071 510//1071 573//1071
f 574//1072 573//1072 510//1072
f 510//1073 511//1073 574//1073
f 575//1074 574//1074 511//1074
f 511//1075 512//1075 575//1075
f 576//1076 575//1076 512//1076
f 512//1077 513//1077 576//1077
f 577//1078 576//1078 513//1078
f 513//1079 514//1079 577//1079
f 578//1080 577//1080 514//1080
f 515//1081 579//1081 514//1081
f 578//1082 514//1082 579//1082
f 515//1083 516//1083 579//1083
f 580//1084 579//1084 516//1084
f 516//1085 517//1085 580//1085
f 581//1086 580//1086 517//1086
f 517//1087 518//1087 581//1087
f 582//1088 581//1088 518//1088
f 518//1089 519//1089 582//1089
f 583//1090 582//1090 519//1090
f 519//1091 520//1091 583//1091
f 584//1092 583//1092 520//1092
f 520//1093 521//1093 584//1093
f 585//1094 584//1094 521//1094
f 521//1095 522//1095 585//1095
f 586//1096 585//1096 522//1096
f 522//1097 523//1097 586//1097
f 587//1098 586//1098 523//1098
f 523//1099 524//1099 587//1099
f 588//1100 587//1100 524//1100
f 524//1101 525//1101 588//1101
f 589//1102 588//1102 525//1102
f 525//1103 526//1103 589//1103
f 590//1104 589//1104 526//1104
f 526//1105 527//1105 590//1105
f 591//1106 590//1106 527//1106
f 527//1107 528//1107 591//1107
f 592//1108 591//1108 528//1108
f 528//1109 529//1109 592//1109
f 593//1110 592//1110 529//1110
f 529//1111 530//1111 593//1111
f 594//1112 593//1112 530//1112
f 531//1113 595//1113 530//1113
f 594//1114 530//1114 595//1114
f 531//1115 532//1115 595//1115
f 596//1116 595//1116 532//1116
f 532//1117 533//1117 596//1117
f 597//1118 596//1118 533//1118
f 533//1119 534//1119 597//1119
f 598//1120 597//1120 534//1120
f 534//1121 535//1121 598//1121
f 599//1122 598//1122 535//1122
f 535//1123 536//1123 599//1123
f 600//1124 599//1124 536//1124
f 536//1125 537//1125 600//1125
f 601//1126 600//1126 537//1126
f 537//1127 538//1127 601//1127
f 602//1128 601//1128 538//1128
f 538//1129 539//1129 602//1129
f 603//1130 602//1130 539//1130
f 539//1131 540//1131 603//1131
f 604//1132 603//1132 540//1132
f 540//1133 541//1133 604//1133
f 605//1134 604//1134 541//1134
f 541//1135 542//1135 605//1135
f 606//1136 605//1136 542//1136
f 542//1137 543//1137 606//1137
f 607//1138 606//1138 543//1138
f 543//1139 544//1139 607//1139
f 608//1140 607//1140 544//1140
f 544//1141 545//1141 608//1141
f 609//1142 608//1142 545//1142
f 546//1143 547//1143 610//1143
f 611//1144 610//1144 547//1144
f 547//1145 548//1145 611//1145
f 612//1146 611//1146 548//1146
f 548//1147 549//1147 612//1147
f 613//1148 612//1148 549//1148
f 549//1149 550//1149 613//1149
f 614//1150 613//1150 550//1150
f 550//1151 551//1151 614//1151
f 615//1152 614//1152 551//1152
f 551//1153 552//1153 615//1153
f 616//1154 615//1154 552//1154
f 552//1155 553//1155 616//1155
f 617//1156 616//1156 553//1156
f 553//1157 554//1157 617//1157
f 618//1158 617//1158 554//1158
f 554//1159 555//1159 618//1159
f 619//1160 618//1160 555//1160
f 555//1161 556//1161 619//1161
f 620//1162 619//1162 556//1162
f 556//1163 557//1163 620//1163
f 621//1164 620//1164 557//1164
f 557//1165 558//1165 621//1165
f 622//1166 621//1166 558//1166
f 558//1167 559//1167 622//1167
f 623//1168 622//1168 559//1168
f 559//1169 560//1169 623//1169
f 624//1170 623//1170 560//1170
f 560//1171 561//1171 624//1171
f 625//1172 624//1172 561//1172
f 561//1173 562//1173 625//1173
f 626//1174 625//1174 562//1174
f 673//1175 609//1175 610//1175
f 546//1176 610//1176 609//1176
f 563//1177 627//1177 562//1177
f 626//1178 562//1178 627//1178
f 563//1179 564//1179 627//1179
f 628//1180 627//1180 564//1180
f 564//1181 565//1181 628//1181
f 629//1182 628//1182 565//1182
f 565//1183 566//1183 629//1183
f 630//1184 629//1184 566//1184
f 566//1185 567//1185 630//1185
f 631//1186 630//1186 567//1186
f 567//1187 568//1187 631//1187
f 632//1188 631//1188 568//1188
f 568//1189 569//1189 632//1189
f 633//1190 632//1190 569//1190
f 569//1191 570//1191 633//1191
f 634//1192 633//1192 570//1192
f 570//1193 571//1193 634//1193
f 635//1194 634//1194 571//1194
f 571//1195 572//1195 635//1195
f 636//1196 635//1196 572//1196
f 572//1197 573//1197 636//1197
f 637//1198 636//1198 573//1198
f 573//1199 574//1199 637//1199
f 638//1200 637//1200 574//1200
f 574//1201 575//1201 638//1201
f 639//1202 638//1202 575//1202
f 575//1203 576//1203 639//1203
f 640//1204 639//1204 576//1204
f 576//1205 577//1205 640//1205
f 641//1206 640//1206 577//1206
f 577//1207 578//1207 641//1207
f 642//1208 641//1208 578//1208
f 579//1209 643//1209 578//1209
f 642//1210 578//1210 643//1210
f 579//1211 580//1211 643//1211
f 644//1212 643//1212 580//1212
f 580//1213 581//1213 644//1213
f 645//1214 644//1214 581//1214
f 581//1215 582//1215 645//1215
f 646//1216 645//1216 582//1216
f 582//1217 583//1217 646//1217
f 647//1218 646//1218 583//1218
f 583//1219 584//1219 647//1219
f 648//1220 647//1220 584//1220
f 584//1221 585//1221 648//1221
f 649//1222 648//1222 585//1222
f 585//1223 586//1223 649//1223
f 650//1224 649//1224 586//1224
f 586//1225 587//1225 650//1225
f 651//1226 650//1226 587//1226
f 587//1227 588//1227 651//1227
f 652//1228 651//1228 588//1228
f 588//1229 589//1229 652//1229
f 653//1230 652//1230 589//1230
f 589//1231 590//1231 653//1231
f 654//1232 653//1232 590//1232
f 590//1233 591//1233 654//1233
f 655//1234 654//1234 591//1234
f 591//1235 592//1235 655//1235
f 656//1236 655//1236 592//1236
f 592//1237 593//1237 656//1237
f 657//1238 656//1238 593//1238
f 593//1239 594//1239 657//1239
f 658//1240 657//1240 594//1240
f 595//1241 659//1241 594//1241
f 658//1242 594//1242 659//1242
f 595//1243 596//1243 659//1243
f 660//1244 659//1244 596//1244
f 596//1245 597//1245 660//1245
f 661//1246 660//1246 597//1246
f 597//1247 598//1247 661//1247
f 662//1248 661//1248 598//1248
f 598//1249 599//1249 662//1249
f 663//1250 662//1250 599//1250
f 599//1251 600//1251 663//1251
f 664//1252 663//1252 600//1252
f 600//1253 601//1253 664//1253
f 665//1254 664//1254 601//1254
f 601//1255 602//1255 665//1255
f 666//1256 665//1256 602//1256
f 602//1257 603//1257 666//1257
f 667//1258 666//1258 603//1258
f 603//1259 604//1259 667//1259
f 668//1260 667//1260 604//1260
f 604//1261 605//1261 668//1261
f 669//1262 668//1262 605//1262
f 605//1263 606//1263 669//1263
f 670//1264 669//1264 606//1264
f 606//1265 607//1265 670//1265
f 671//1266 670//1266 607//1266
f 607//1267 608//1267 671//1267
f 672//1268 671//1268 608//1268
f 608//1269 609//1269 672//1269
f 673//1270 672//1270 609//1270
f 610//1271 611//1271 674//1271
f 675//1272 674//1272 611//1272
f 611//1273 612//1273 675//1273
f 676//1274 675//1274 612//1274
f 612//1275 613//1275 676//1275
f 677//1276 676//1276 613//1276
f 613//1277 614//1277 677//1277
f 678//1278 677//1278 614//1278
f 614//1279 615//1279 678//1279
f 679//1280 678//1280 615//1280
f 615//1281 616//1281 679//1281
f 680//1282 679//1282 616//1282
f 616//1283 617//1283 680//1283
f 681//1284 680//1284 617//1284
f 617//1285 618//1285 681//1285
f 682//1286 681//1286 618//1286
f 618//1287 619//1287 682//1287
f 683//1288 682//1288 619//1288
f 619//1289 620//1289 683//1289
f 684//1290 683//1290 620//1290
f 620//1291 621//1291 684//1291
f 685//1292 684//1292 621//1292
f 621//1293 622//1293 685//1293
f 686//1294 685//1294 622//1294
f 622//1295 623//1295 686//1295
f 687//1296 686//1296 623//1296
f 623//1297 624//1297 687//1297
f 688//1298 687//1298 624//1298
f 624//1299 625//1299 688//1299
f 689//1300 688//1300 625//1300
f 625//1301 626//1301 689//1301
f 690//1302 689//1302 626//1302
f 737//1303 673//1303 674//1303
f 610//1304 674//1304 673//1304
f 627//1305 691//1305 626//1305
f 690//1306 626//1306 691//1306
f 627//1307 628//1307 691//1307
f 692//1308 691//1308 628//1308
f 628//1309 629//1309 692//1309
f 693//1310 692//1310 629//1310
f 629//1311 630//1311 693//1311
f 694//1312 693//1312 630//1312
f 630//1313 631//1313 694//1313
f 695//1314 694//1314 631//1314
f 631//1315 632//1315 695//1315
f 696//1316 695//1316 632//1316
f 632//1317 633//1317 696//1317
f 697//1318 696//1318 633//1318
f 633//1319 634//1319 697//1319
f 698//1320 697//1320 634//1320
f 634//1321 635//1321 698//1321
f 699//1322 698//1322 635//1322
f 635//1323 636//1323 699//1323
f 700//1324 699//1324 636//1324
f 636//1325 637//1325 700//1325
f 701//1326 700//1326 637//1326
f 637//1327 638//1327 701//1327
f 702//1328 701//1328 638//1328
f 638//1329 639//1329 702//1329
f 703//1330 702//1330 639//1330
f 639//1331 640//1331 703//1331
f 704//1332 703//1332 640//1332
f 640//1333 641//1333 704//1333
f 705//1334 704//1334 641//1334
f 641//1335 642//1335 705//1335
f 706//1336 705//1336 642//1336
f 643//1337 707//1337 642//1337
f 706//1338 642//1338 707//1338
f 643//1339 644//1339 707//1339
f 708//1340 707//1340 644//1340
f 644//1341 645//1341 708//1341
f 709//1342 708//1342 645//1342
f 645//1343 646//1343 709//1343
f 710//1344 709//1344 646//1344
f 646//1345 647//1345 710//1345
f 711//1346 710//1346 647//1346
f 647//1347 648//1347 711//1347
f 712//1348 711//1348 648//1348
f 648//1349 649//1349 712//1349
f 713//1350 712//1350 649//1350
f 649//1351 650//1351 713//1351
f 714//1352 713//1352 650//1352
f 650//1353 651//1353 714//1353
f 715//1354 714//1354 651//1354
f 651//1355 652//1355 715//1355
f 716//1356 715//1356 652//1356
f 652//1357 653//1357 716//1357
f 717//1358 716//1358 653//1358
f 653//1359 654//1359 717//1359
f 718//1360 717//1360 654//1360
f 654//1361 655//1361 718//1361
f 719//1362 718//1362 655//1362
f 655//1363 656//1363 719//1363
f 720//1364 719//1364 656//1364
f 656//1365 657//1365 720//1365
f 721//1366 720//1366 657//1366
f 657//1367 658//1367 721//1367
f 722//1368 721//1368 658//1368
f 659//1369 723//1369 658//1369
f 722//1370 658//1370 723//1370
f 659//1371 660//1371 723//1371
f 724//1372 723//1372 660//1372
f 660//1373 661//1373 724//1373
f 725//1374 724//1374 661//1374
f 661//1375 662//1375 725//1375
f 726//1376 725//1376 662//1376
f 662//1377 663//1377 726//1377
f 727//1378 726//1378 663//1378
f 663//1379 664//1379 727//1379
f 728//1380 727//1380 664//1380
f 664//1381 665//1381 728//1381
f 729//1382 728//1382 665//1382
f 665//1383 666//1383 729//1383
f 730//1384 729//1384 666//1384
f 666//1385 667//1385 730//1385
f 731//1386 730//1386 667//1386
f 667//1387 668//1387 731//1387
f 732//1388 731//1388 668//1388
f 668//1389 669//1389 732//1389
f 733//1390 732//1390 669//1390
f 669//1391 670//1391 733//1391
f 734//1392 733//1392 670//1392
f 670//1393 671//1393 734//1393
f 735//1394 734//1394 671//1394
f 671//1395 672//1395 735//1395
f 736//1396 735//1396 672//1396
f 672//1397 673//1397 736//1397
f 737//1398 736//1398 673//1398
f 674//1399 675//1399 738//1399
f 739//1400 738//1400 675//1400
f 675//1401 676//1401 739//1401
f 740//1402 739//1402 676//1402
f 676//1403 677//1403 740//1403
f 741//1404 740//1404 677//1404
f 677//1405 678//1405 741//1405
f 742//1406 741//1406 678//1406
f 678//1407 679//1407 742//1407
f 743//1408 742//1408 679//1408
f 679//1409 680//1409 743//1409
f 744//1410 743//1410 680//1410
f 680//1411 681//1411 744//1411
f 745//1412 744//1412 681//1412
f 681//1413 682//1413 745//1413
f 746//1414 745//1414 682//1414
f 682//1415 683//1415 746//1415
f 747//1416 746//1416 683//1416
f 683//1417 684//1417 747//1417
f 748//1418 747//1418 684//1418
f 684//1419 685//1419 748//1419
f 749//1420 748//1420 685//1420
f 685//1421 686//1421 749//1421
f 750//1422 749//1422 686//1422
f 686//1423 687//1423 750//1423
f 751//1424 750//1424 687//1424
f 687//1425 688//1425 751//1425
f 752//1426 751//1426 688//1426
f 688//1427 689//1427 752//1427
f 753//1428 752//1428 689//1428
f 689//1429 690//1429 753//1429
f 754//1430 753//1430 690//1430
f 737//1431 674//1431 801//1431
f 738//1432 801//1432 674//1432
f 690//1433 691//1433 754//1433
f 755//1434 754//1434 691//1434
f 691//1435 692//1435 755//1435
f 756//1436 755//1436 692//1436
f 692//1437 693//1437 756//1437
f 757//1438 756//1438 693//1438
f 693//1439 694//1439 757//1439
f 758//1440 757//1440 694//1440
f 694//1441 695//1441 758//1441
f 759//1442 758//1442 695//1442
f 695//1443 696//1443 759//1443
f 760//1444 759//1444 696//1444
f 696//1445 697//1445 760//1445
f 761//1446 760//1446 697//1446
f 697//1447 698//1447 761//1447
f 762//1448 761//1448 698//1448
f 698//1449 699//1449 762//1449
f 763//1450 762//1450 699//1450
f 699//1451 700//1451 763//1451
f 764//1452 763//1452 700//1452
f 700//1453 701//1453 764//1453
f 765//1454 764//1454 701//1454
f 701//1455 702//1455 765//1455
f 766//1456 765//1456 702//1456
f 702//1457 703//1457 766//1457
f 767//1458 766//1458 703//1458
f 703//1459 704//1459 767//1459
f 768//1460 767//1460 704//1460
f 704//1461 705//1461 768//1461
f 769//1462 768//1462 705//1462
f 705//1463 706//1463 769//1463
f 770//1464 769//1464 706//1464
f 706//1465 707//1465 770//1465
f 771//1466 770//1466 707//1466
f 707//1467 708//1467 771//1467
f 772//1468 771//1468 708//1468
f 708//1469 709//1469 772//1469
f 773//1470 772//1470 709//1470
f 709//1471 710//1471 773//1471
f 774//1472 773//1472 710//1472
f 710//1473 711//1473 774//1473
f 775//1474 774//1474 711//1474
f 711//1475 712//1475 775//1475
f 776//1476 775//1476 712//1476
f 712//1477 713//1477 776//1477
f 777//1478 776//1478 713//1478
f 713//1479 714//1479 777//1479
f 778//1480 777//1480 714//1480
f 714//1481 715//1481 778//1481
f 779//1482 778//1482 715//1482
f 715//1483 716//1483 779//1483
f 780//1484 779//1484 716//1484
f 716//1485 717//1485 780//1485
f 781//1486 780//1486 717//1486
f 717//1487 718//1487 781//1487
f 782//1488 781//1488 718//1488
f 718//1489 719//1489 782//1489
f 783//1490 782//1490 719//1490
f 719//1491 720//1491 783//1491
f 784//1492 783//1492 720//1492
f 720//1493 721//1493 784//1493
f 785//1494 784//1494 721//1494
f 721//1495 722//1495 785//1495
f 786//1496 785//1496 722//1496
f 722//1497 723//1497 786//1497
f 787//1498 786//1498 723//1498
f 723//1499 724//1499 787//1499
f 788//1500 787//1500 724//1500
f 724//1501 725//1501 788//1501
f 789//1502 788//1502 725//1502
f 725//1503 726//1503 789//1503
f 790//1504 789//1504 726//1504
f 726//1505 727//1505 790//1505
f 791//1506 790//1506 727//1506
f 727//1507 728//1507 791//1507
f 792//1508 791//1508 728//1508
f 728//1509 729//1509 792//1509
f 793//1510 792//1510 729//1510
f 729//1511 730//1511 793//1511
f 794//1512 793//1512 730//1512
f 730//1513 731//1513 794//1513
f 795//1514 794//1514 731//1514
f 731//1515 732//1515 795//1515
f 796//1516 795//1516 732//1516
f 732//1517 733//1517 796//1517
f 797//1518 796//1518 733//1518
f 733//1519 734//1519 797//1519
f 798//1520 797//1520 734//1520
f 734//1521 735//1521 798//1521
f 799//1521 798//1521 735//1521
f 735//1522 736//1522 799//1522
f 800//1523 799//1523 736//1523
f 736//1524 737//1524 800//1524
f 801//1525 800//1525 737//1525
f 738//1526 739//1526 802//1526
f 803//1527 802//1527 739//1527
f 739//1528 740//1528 803//1528
f 804//1529 803//1529 740//1529
f 740//1530 741//1530 804//1530
f 805//1531 804//1531 741//1531
f 741//1532 742//1532 805//1532
f 806//1533 805//1533 742//1533
f 742//1534 743//1534 806//1534
f 807//1535 806//1535 743//1535
f 743//1536 744//1536 807//1536
f 808//1537 807//1537 744//1537
f 744//1538 745//1538 808//1538
f 809//1539 808//1539 745//1539
f 745//1540 746//1540 809//1540
f 810//1541 809//1541 746//1541
f 746//1542 747//1542 810//1542
f 811//1543 810//1543 747//1543
f 747//1544 748//1544 811//1544
f 812//1545 811//1545 748//1545
f 748//1546 749//1546 812//1546
f 813//1547 812//1547 749//1547
f 749//1548 750//1548 813//1548
f 814//1549 813//1549 750//1549
f 750//1550 751//1550 814//1550
f 815//1551 814//1551 751//1551
f 751//1552 752//1552 815//1552
f 816//1553 815//1553 752//1553
f 752//1554 753//1554 816//1554
f 817//1555 816//1555 753//1555
f 753//1556 754//1556 817//1556
f 818//1557 817//1557 754//1557
f 801//1558 738//1558 865//1558
f 802//1559 865//1559 738//1559
f 754//1560 755//1560 818//1560
f 819//1561 818//1561 755//1561
f 755//1562 756//1562 819//1562
f 820//1563 819//1563 756//1563
f 756//1564 757//1564 820//1564
f 821//1565 820//1565 757//1565
f 757//1566 758//1566 821//1566
f 822//1567 821//1567 758//1567
f 758//1568 759//1568 822//1568
f 823//1569 822//1569 759//1569
f 759//1570 760//1570 823//1570
f 824//1571 823//1571 760//1571
f 760//1572 761//1572 824//1572
f 825//1573 824//1573 761//1573
f 761//1574 762//1574 825//1574
f 826//1575 825//1575 762//1575
f 762//1576 763//1576 826//1576
f 827//1577 826//1577 763//1577
f 763//1578 764//1578 827//1578
f 828//1579 827//1579 764//1579
f 764//1580 765//1580 828//1580
f 829//1581 828//1581 765//1581
f 765//1582 766//1582 829//1582
f 830//1583 829//1583 766//1583
f 766//1584 767//1584 830//1584
f 831//1585 830//1585 767//1585
f 767//1586 768//1586 831//1586
f 832//1587 831//1587 768//1587
f 768//1588 769//1588 832//1588
f 833//1589 832//1589 769//1589
f 769//1590 770//1590 833//1590
f 834//1591 833//1591 770//1591
f 770//1592 771//1592 834//1592
f 835//1593 834//1593 771//1593
f 771//1594 772//1594 835//1594
f 836//1595 835//1595 772//1595
f 772//1596 773//1596 836//1596
f 837//1597 836//1597 773//1597
f 773//1598 774//1598 837//1598
f 838//1599 837//1599 774//1599
f 774//1600 775//1600 838//1600
f 839//1601 838//1601 775//1601
f 775//1602 776//1602 839//1602
f 840//1603 839//1603 776//1603
f 776//1604 777//1604 840//1604
f 841//1605 840//1605 777//1605
f 777//1606 778//1606 841//1606
f 842//1607 841//1607 778//1607
f 778//1608 779//1608 842//1608
f 843//1609 842//1609 779//1609
f 779//1610 780//1610 843//1610
f 844//1611 843//1611 780//1611
f 780//1612 781//1612 844//1612
f 845//1613 844//1613 781//1613
f 781//1614 782//1614 845//1614
f 846//1615 845//1615 782//1615
f 782//1616 783//1616 846//1616
f 847//1617 846//1617 783//1617
f 783//1618 784//1618 847//1618
f 848//1619 847//1619 784//1619
f 784//1620 785//1620 848//1620
f 849//1621 848//1621 785//1621
f 785//1622 786//1622 849//1622
f 850//1623 849//1623 786//1623
f 786//1624 787//1624 850//1624
f 851//1625 850//1625 787//1625
f 787//1626 788//1626 851//1626
f 852//1627 851//1627 788//1627
f 788//1628 789//1628 852//1628
f 853//1629 852//1629 789//1629
f 789//1630 790//1630 853//1630
f 854//1631 853//1631 790//1631
f 790//1632 791//1632 854//1632
f 855//1633 854//1633 791//1633
f 791//1634 792//1634 855//1634
f 856//1635 855//1635 792//1635
f 792//1636 793//1636 856//1636
f 857//1637 856//1637 793//1637
f 793//1638 794//1638 857//1638
f 858//1639 857//1639 794//1639
f 794//1640 795//1640 858//1640
f 859//1641 858//1641 795//1641
f 795//1642 796//1642 859//1642
f 860//1643 859//1643 796//1643
f 796//1644 797//1644 860//1644
f 861//1645 860//1645 797//1645
f 797//1646 798//1646 861//1646
f 862//1647 861//1647 798//1647
f 798//1648 799//1648 862//1648
f 863//1649 862//1649 799//1649
f 799//1650 800//1650 863//1650
f 864//1651 863//1651 800//1651
f 800//1652 801//1652 864//1652
f 865//1653 864//1653 801//1653
f 802//1654 803//1654 866//1654
f 867//1655 866//1655 803//1655
f 803//1656 804//1656 867//1656
f 868//1657 867//1657 804//1657
f 804//1658 805//1658 868//1658
f 869//1659 868//1659 805//1659
f 805//1660 806//1660 869//1660
f 870//1661 869//1661 806//1661
f 806//1662 807//1662 870//1662
f 871//1663 870//1663 807//1663
f 807//1664 808//1664 871//1664
f 872//1665 871//1665 808//1665
f 808//1666 809//1666 872//1666
f 873//1667 872//1667 809//1667
f 809//1668 810//1668 873//1668
f 874//1669 873//1669 810//1669
f 810//1670 811//1670 874//1670
f 875//1671 874//1671 811//1671
f 811//1672 812//1672 875//1672
f 876//1673 875//1673 812//1673
f 812//1674 813//1674 876//1674
f 877//1675 876//1675 813//1675
f 813//1676 814//1676 877//1676
f 878//1677 877//1677 814//1677
f 814//1678 815//1678 878//1678
f 879//1679 878//1679 815//1679
f 815//1680 816//1680 879//1680
f 880//1681 879//1681 816//1681
f 816//1682 817//1682 880//1682
f 881//1683 880//1683 817//1683
f 817//1684 818//1684 881//1684
f 882//1685 881//1685 818//1685
f 929//1686 865//1686 866//1686
f 802//1687 866//1687 865//1687
f 819//1688 883//1688 818//1688
f 882//1689 818//1689 883//1689
f 819//1690 820//1690 883//1690
f 884//1691 883//1691 820//1691
f 820//1692 821//1692 884//1692
f 885//1693 884//1693 821//1693
f 821//1694 822//1694 885//1694
f 886//1695 885//1695 822//1695
f 822//1696 823//1696 886//1696
f 887//1697 886//1697 823//1697
f 823//1698 824//1698 887//1698
f 888//1699 887//1699 824//1699
f 824//1700 825//1700 888//1700
f 889//1701 888//1701 825//1701
f 825//1702 826//1702 889//1702
f 890//1703 889//1703 826//1703
f 826//1704 827//1704 890//1704
f 891//1705 890//1705 827//1705
f 827//1706 828//1706 891//1706
f 892//1707 891//1707 828//1707
f 828//1708 829//1708 892//1708
f 893//1709 892//1709 829//1709
f 829//1710 830//1710 893//1710
f 894//1711 893//1711 830//1711
f 830//1712 831//1712 894//1712
f 895//1713 894//1713 831//1713
f 831//1714 832//1714 895//1714
f 896//1715 895//1715 832//1715
f 832//1716 833//1716 896//1716
f 897//1717 896//1717 833//1717
f 833//1718 834//1718 897//1718
f 898//1719 897//1719 834//1719
f 835//1720 899//1720 834//1720
f 898//1721 834//1721 899//1721
f 835//1722 836//1722 899//1722
f 900//1723 899//1723 836//1723
f 836//1724 837//1724 900//1724
f 901//1725 900//1725 837//1725
f 837//1726 838//1726 901//1726
f 902//1727 901//1727 838//1727
f 838//1728 839//1728 902//1728
f 903//1729 902//1729 839//1729
f 839//1730 840//1730 903//1730
f 904//1731 903//1731 840//1731
f 840//1732 841//1732 904//1732
f 905//1733 904//1733 841//1733
f 841//1734 842//1734 905//1734
f 906//1735 905//1735 842//1735
f 842//1736 843//1736 906//1736
f 907//1737 906//1737 843//1737
f 843//1738 844//1738 907//1738
f 908//1739 907//1739 844//1739
f 844//1740 845//1740 908//1740
f 909//1741 908//1741 845//1741
f 845//1742 846//1742 909//1742
f 910//1743 909//1743 846//1743
f 846//1744 847//1744 910//1744
f 911//1745 910//1745 847//1745
f 847//1746 848//1746 911//1746
f 912//1747 911//1747 848//1747
f 848//1748 849//1748 912//1748
f 913//1749 912//1749 849//1749
f 849//1750 850//1750 913//1750
f 914//1751 913//1751 850//1751
f 851//1752 915//1752 850//1752
f 914//1753 850//1753 915//1753
f 851//1754 852//1754 915//1754
f 916//1755 915//1755 852//1755
f 852//1756 853//1756 916//1756
f 917//1757 916//1757 853//1757
f 853//1758 854//1758 917//1758
f 918//1759 917//1759 854//1759
f 854//1760 855//1760 918//1760
f 919//1761 918//1761 855//1761
f 855//1762 856//1762 919//1762
f 920//1763 919//1763 856//1763
f 856//1764 857//1764 920//1764
f 921//1765 920//1765 857//1765
f 857//1766 858//1766 921//1766
f 922//1767 921//1767 858//1767
f 858//1768 859//1768 922//1768
f 923//1769 922//1769 859//1769
f 859//1770 860//1770 923//1770
f 924//1771 923//1771 860//1771
f 860//1772 861//1772 924//1772
f 925//1773 924//1773 861//1773
f 861//1774 862//1774 925//1774
f 926//1775 925//1775 862//1775
f 862//1776 863//1776 926//1776
f 927//1777 926//1777 863//1777
f 863//1778 864//1778 927//1778
f 928//1779 927//1779 864//1779
f 864//1780 865//1780 928//1780
f 929//1781 928//1781 865//1781
f 866//1782 867//1782 930//1782
f 931//1783 930//1783 867//1783
f 867//1784 868//1784 931//1784
f 932//1785 931//1785 868//1785
f 868//1786 869//1786 932//1786
f 933//1787 932//1787 869//1787
f 869//1788 870//1788 933//1788
f 934//1789 933//1789 870//1789
f 870//1790 871//1790 934//1790
f 935//1791 934//1791 871//1791
f 871//1792 872//1792 935//1792
f 936//1793 935//1793 872//1793
f 872//1794 873//1794 936//1794
f 937//1795 936//1795 873//1795
f 873//1796 874//1796 937//1796
f 938//1797 937//1797 874//1797
f 874//1798 875//1798 938//1798
f 939//1799 938//1799 875//1799
f 875//1800 876//1800 939//1800
f 940//1801 939//1801 876//1801
f 876//1802 877//1802 940//1802
f 941//1803 940//1803 877//1803
f 877//1804 878//1804 941//1804
f 942//1805 941//1805 878//1805
f 878//1806 879//1806 942//1806
f 943//1807 942//1807 879//1807
f 879//1808 880//1808 943//1808
f 944//1809 943//1809 880//1809
f 880//1810 881//1810 944//1810
f 945//1811 944//1811 881//1811
f 881//1812 882//1812 945//1812
f 946//1813 945//1813 882//1813
f 929//1814 866//1814 993//1814
f 930//1815 993//1815 866//1815
f 882//1816 883//1816 946//1816
f 947//1817 946//1817 883//1817
f 883//1818 884//1818 947//1818
f 948//1819 947//1819 884//1819
f 884//1820 885//1820 948//1820
f 949//1821 948//1821 885//1821
f 885//1822 886//1822 949//1822
f 950//1823 949//1823 886//1823
f 886//1824 887//1824 950//1824
f 951//1825 950//1825 887//1825
f 887//1826 888//1826 951//1826
f 952//1827 951//1827 888//1827
f 888//1828 889//1828 952//1828
f 953//1829 952//1829 889//1829
f 889//1830 890//1830 953//1830
f 954//1831 953//1831 890//1831
f 890//1832 891//1832 954//1832
f 955//1833 954//1833 891//1833
f 891//1834 892//1834 955//1834
f 956//1835 955//1835 892//1835
f 892//1836 893//1836 956//1836
f 957//1837 956//1837 893//1837
f 893//1838 894//1838 957//1838
f 958//1839 957//1839 894//1839
f 894//1840 895//1840 958//1840
f 959//1841 958//1841 895//1841
f 895//1842 896//1842 959//1842
f 960//1843 959//1843 896//1843
f 896//1844 897//1844 960//1844
f 961//1845 960//1845 897//1845
f 897//1846 898//1846 961//1846
f 962//1847 961//1847 898//1847
f 898//1848 899//1848 962//1848
f 963//1849 962//1849 899//1849
f 899//1850 900//1850 963//1850
f 964//1851 963//1851 900//1851
f 900//1852 901//1852 964//1852
f 965//1853 964//1853 901//1853
f 901//1854 902//1854 965//1854
f 966//1855 965//1855 902//1855
f 902//1856 903//1856 966//1856
f 967//1857 966//1857 903//1857
f 903//1858 904//1858 967//1858
f 968//1859 967//1859 904//1859
f 904//1860 905//1860 968//1860
f 969//1861 968//1861 905//1861
f 905//1862 906//1862 969//1862
f 970//1863 969//1863 906//1863
f 906//1864 907//1864 970//1864
f 971//1865 970//1865 907//1865
f 907//1866 908//1866 971//1866
f 972//1867 971//1867 908//1867
f 908//1868 909//1868 972//1868
f 973//1869 972//1869 909//1869
f 909//1870 910//1870 973//1870
f 974//1871 973//1871 910//1871
f 910//1872 911//1872 974//1872
f 975//1873 974//1873 911//1873
f 911//1874 912//1874 975//1874
f 976//1875 975//1875 912//1875
f 912//1876 913//1876 976//1876
f 977//1877 976//1877 913//1877
f 913//1878 914//1878 977//1878
f 978//1879 977//1879 914//1879
f 914//1880 915//1880 978//1880
f 979//1881 978//1881 915//1881
f 915//1882 916//1882 979//1882
f 980//1883 979//1883 916//1883
f 916//1884 917//1884 980//1884
f 981//1885 980//1885 917//1885
f 917//1886 918//1886 981//1886
f 982//1887 981//1887 918//1887
f 918//1888 919//1888 982//1888
f 983//1889 982//1889 919//1889
f 919//1890 920//1890 983//1890
f 984//1891 983//1891 920//1891
f 920//1892 921//1892 984//1892
f 985//1893 984//1893 921//1893
f 921//1894 922//1894 985//1894
f 986//1895 985//1895 922//1895
f 922//1896 923//1896 986//1896
f 987//1897 986//1897 923//1897
f 923//1898 924//1898 987//1898
f 988//1899 987//1899 924//1899
f 924//1900 925//1900 988//1900
f 989//1901 988//1901 925//1901
f 925//1902 926//1902 989//1902
f 990//1903 989//1903 926//1903
f 926//1904 927//1904 990//1904
f 991//1905 990//1905 927//1905
f 927//1906 928//1906 991//1906
f 992//1907 991//1907 928//1907
f 928//1908 929//1908 992//1908
f 993//1909 992//1909 929//1909
f 930//1910 931//1910 994//1910
f 995//1911 994//1911 931//1911
f 931//1912 932//1912 995//1912
f 996//1913 995//1913 932//1913
f 932//1914 933//1914 996//1914
f 997//1915 996//1915 933//1915
f 933//1916 934//1916 997//1916
f 998//1917 997//1917 934//1917
f 934//1918 935//1918 998//1918
f 999//1919 998//1919 935//1919
f 935//1920 936//1920 999//1920
f 1000//1921 999//1921 936//1921
f 936//1922 937//1922 1000//1922
f 1001//1923 1000//1923 937//1923
f 937//1924 938//1924 1001//1924
f 1002//1925 1001//1925 938//1925
f 938//1926 939//1926 1002//1926
f 1003//1927 1002//1927 939//1927
f 939//1928 940//1928 1003//1928
f 1004//1929 1003//1929 940//1929
f 940//1930 941//1930 1004//1930
f 1005//1931 1004//1931 941//1931
f 941//1932 942//1932 1005//1932
f 1006//1933 1005//1933 942//1933
f 942//1934 943//1934 1006//1934
f 1007//1935 1006//1935 943//1935
f 943//1936 944//1936 1007//1936
f 1008//1937 1007//1937 944//1937
f 944//1938 945//1938 1008//1938
f 1009//1939 1008//1939 945//1939
f 945//1940 946//1940 1009//1940
f 1010//1941 1009//1941 946//1941
f 993//1942 930//1942 1057//1942
f 994//1943 1057//1943 930//1943
f 946//1944 947//1944 1010//1944
f 1011//1945 1010//1945 947//1945
f 947//1946 948//1946 1011//1946
f 1012//1947 1011//1947 948//1947
f 948//1948 949//1948 1012//1948
f 1013//1949 1012//1949 949//1949
f 949//1950 950//1950 1013//1950
f 1014//1951 1013//1951 950//1951
f 950//1952 951//1952 1014//1952
f 1015//1953 1014//1953 951//1953
f 951//1954 952//1954 1015//1954
f 1016//1955 1015//1955 952//1955
f 952//1956 953//1956 1016//1956
f 1017//1957 1016//1957 953//1957
f 953//1958 954//1958 1017//1958
f 1018//1959 1017//1959 954//1959
f 954//1960 955//1960 1018//1960
f 1019//1961 1018//1961 955//1961
f 955//1962 956//1962 1019//1962
f 1020//1963 1019//1963 956//1963
f 956//1964 957//1964 1020//1964
f 1021//1965 1020//1965 957//1965
f 957//1966 958//1966 1021//1966
f 1022//1967 1021//1967 958//1967
f 958//1968 959//1968 1022//1968
f 1023//1969 1022//1969 959//1969
f 959//1970 960//1970 1023//1970
f 1024//1971 1023//1971 960//1971
f 960//1972 961//1972 1024//1972
f 1025//1973 1024//1973 961//1973
f 961//1974 962//1974 1025//1974
f 1026//1975 1025//1975 962//1975
f 962//1976 963//1976 1026//1976
f 1027//1977 1026//1977 963//1977
f 963//1978 964//1978 1027//1978
f 1028//1979 1027//1979 964//1979
f 964//1980 965//1980 1028//1980
f 1029//1981 1028//1981 965//1981
f 965//1982 966//1982 1029//1982
f 1030//1983 1029//1983 966//1983
f 966//1984 967//1984 1030//1984
f 1031//1985 1030//1985 967//1985
f 967//1986 968//1986 1031//1986
f 1032//1987 1031//1987 968//1987
f 968//1988 969//1988 1032//1988
f 1033//1989 1032//1989 969//1989
f 969//1990 970//1990 1033//1990
f 1034//1991 1033//1991 970//1991
f 970//1992 971//1992 1034//1992
f 1035//1993 1034//1993 971//1993
f 971//1994 972//1994 1035//1994
f 1036//1995 1035//1995 972//1995
f 972//1996 973//1996 1036//1996
f 1037//1997 1036//1997 973//1997
f 973//1998 974//1998 1037//1998
f 1038//1999 1037//1999 974//1999
f 974//2000 975//2000 1038//2000
f 1039//2001 1038//2001 975//2001
f 975//2002 976//2002 1039//2002
f 1040//2003 1039//2003 976//2003
f 976//2004 977//2004 1040//2004
f 1041//2005 1040//2005 977//2005
f 977//2006 978//2006 1041//2006
f 1042//2007 1041//2007 978//2007
f 978//2008 979//2008 1042//2008
f 1043//2009 1042//2009 979//2009
f 979//2010 980//2010 1043//2010
f 1044//2011 1043//2011 980//2011
f 980//2012 981//2012 1044//2012
f 1045//2013 1044//2013 981//2013
f 981//2014 982//2014 1045//2014
f 1046//2015 1045//2015 982//2015
f 982//2016 983//2016 1046//2016
f 1047//2017 1046//2017 983//2017
f 983//2018 984//2018 1047//2018
f 1048//2019 1047//2019 984//2019
f 984//2020 985//2020 1048//2020
f 1049//2021 1048//2021 985//2021
f 985//2022 986//2022 1049//2022
f 1050//2023 1049//2023 986//2023
f 986//2024 987//2024 1050//2024
f 1051//2025 1050//2025 987//2025
f 987//2026 988//2026 1051//2026
f 1052//2027 1051//2027 988//2027
f 988//2028 989//2028 1052//2028
f 1053//2029 1052//2029 989//2029
f 989//2030 990//2030 1053//2030
f 1054//2031 1053//2031 990//2031
f 990//2032 991//2032 1054//2032
f 1055//2033 1054//2033 991//2033
f 991//2034 992//2034 1055//2034
f 1056//2035 1055//2035 992//2035
f 992//2036 993//2036 1056//2036
f 1057//2037 1056//2037 993//2037
f 994//2038 995//2038 1058//2038
f 1059//2039 1058//2039 995//2039
f 995//2040 996//2040 1059//2040
f 1060//2041 1059//2041 996//2041
f 996//2042 997//2042 1060//2042
f 1061//2043 1060//2043 997//2043
f 997//2044 998//2044 1061//2044
f 1062//2045 1061//2045 998//2045
f 998//2046 999//2046 1062//2046
f 1063//2047 1062//2047 999//2047
f 999//2048 1000//2048 1063//2048
f 1064//2049 1063//2049 1000//2049
f 1000//2050 1001//2050 1064//2050
f 1065//2051 1064//2051 1001//2051
f 1001//2052 1002//2052 1065//2052
f 1066//2053 1065//2053 1002//2053
f 1002//2054 1003//2054 1066//2054
f 1067//2055 1066//2055 1003//2055
f 1003//2056 1004//2056 1067//2056
f 1068//2057 1067//2057 1004//2057
f 1004//2058 1005//2058 1068//2058
f 1069//2059 1068//2059 1005//2059
f 1005//2060 1006//2060 1069//2060
f 1070//2061 1069//2061 1006//2061
f 1006//2062 1007//2062 1070//2062
f 1071//2063 1070//2063 1007//2063
f 1007//2064 1008//2064 1071//2064
f 1072//2065 1071//2065 1008//2065
f 1008//2066 1009//2066 1072//2066
f 1073//2067 1072//2067 1009//2067
f 1009//2068 1010//2068 1073//2068
f 1074//2069 1073//2069 1010//2069
f 1121//2070 1057//2070 1058//2070
f 994//2071 1058//2071 1057//2071
f 1011//2072 1075//2072 1010//2072
f 1074//2073 1010//2073 1075//2073
f 1011//2074 1012//2074 1075//2074
f 1076//2075 1075//2075 1012//2075
f 1012//2076 1013//2076 1076//2076
f 1077//2077 1076//2077 1013//2077
f 1013//2078 1014//2078 1077//2078
f 1078//2079 1077//2079 1014//2079
f 1014//2080 1015//2080 1078//2080
f 1079//2081 1078//2081 1015//2081
f 1015//2082 1016//2082 1079//2082
f 1080//2083 1079//2083 1016//2083
f 1016//2084 1017//2084 1080//2084
f 1081//2085 1080//2085 1017//2085
f 1017//2086 1018//2086 1081//2086
f 1082//2087 1081//2087 1018//2087
f 1018//2088 1019//2088 1082//2088
f 1083//2089 1082//2089 1019//2089
f 1019//2090 1020//2090 1083//2090
f 1084//2091 1083//2091 1020//2091
f 1020//2092 1021//2092 1084//2092
f 1085//2093 1084//2093 1021//2093
f 1021//2094 1022//2094 1085//2094
f 1086//2095 1085//2095 1022//2095
f 1022//2096 1023//2096 1086//2096
f 1087//2097 1086//2097 1023//2097
f 1023//2098 1024//2098 1087//2098
f 1088//2099 1087//2099 1024//2099
f 1024//2100 1025//2100 1088//2100
f 1089//2101 1088//2101 1025//2101
f 1025//2102 1026//2102 1089//2102
f 1090//2103 1089//2103 1026//2103
f 1027//2104 1091//2104 1026//2104
f 1090//2105 1026//2105 1091//2105
f 1027//2106 1028//2106 1091//2106
f 1092//2107 1091//2107 1028//2107
f 1028//2108 1029//2108 1092//2108
f 1093//2109 1092//2109 1029//2109
f 1029//2110 1030//2110 1093//2110
f 1094//2111 1093//2111 1030//2111
f 1030//2112 1031//2112 1094//2112
f 1095//2113 1094//2113 1031//2113
f 1031//2114 1032//2114 1095//2114
f 1096//2115 1095//2115 1032//2115
f 1032//2116 1033//2116 1096//2116
f 1097//2117 1096//2117 1033//2117
f 1033//2118 1034//2118 1097//2118
f 1098//2119 1097//2119 1034//2119
f 1034//2120 1035//2120 1098//2120
f 1099//2121 1098//2121 1035//2121
f 1035//2122 1036//2122 1099//2122
f 1100//2123 1099//2123 1036//2123
f 1036//2124 1037//2124 1100//2124
f 1101//2125 1100//2125 1037//2125
f 1037//2126 1038//2126 1101//2126
f 1102//2127 1101//2127 1038//2127
f 1038//2128 1039//2128 1102//2128
f 1103//2129 1102//2129 1039//2129
f 1039//2130 1040//2130 1103//2130
f 1104//2131 1103//2131 1040//2131
f 1040//2132 1041//2132 1104//2132
f 1105//2133 1104//2133 1041//2133
f 1041//2134 1042//2134 1105//2134
f 1106//2135 1105//2135 1042//2135
f 1043//2136 1107//2136 1042//2136
f 1106//2137 1042//2137 1107//2137
f 1043//2138 1044//2138 1107//2138
f 1108//2139 1107//2139 1044//2139
f 1044//2140 1045//2140 1108//2140
f 1109//2141 1108//2141 1045//2141
f 1045//2142 1046//2142 1109//2142
f 1110//2143 1109//2143 1046//2143
f 1046//2144 1047//2144 1110//2144
f 1111//2145 1110//2145 1047//2145
f 1047//2146 1048//2146 1111//2146
f 1112//2147 1111//2147 1048//2147
f 1048//2148 1049//2148 1112//2148
f 1113//2149 1112//2149 1049//2149
f 1049//2150 1050//2150 1113//2150
f 1114//2151 1113//2151 1050//2151
f 1050//2152 1051//2152 1114//2152
f 1115//2153 1114//2153 1051//2153
f 1051//2154 1052//2154 1115//2154
f 1116//2155 1115//2155 1052//2155
f 1052//2156 1053//2156 1116//2156
f 1117//2157 1116//2157 1053//2157
f 1053//2158 1054//2158 1117//2158
f 1118//2159 1117//2159 1054//2159
f 1054//2160 1055//2160 1118//2160
f 1119//2161 1118//2161 1055//2161
f 1055//2162 1056//2162 1119//2162
f 1120//2163 1119//2163 1056//2163
f 1056//2164 1057//2164 1120//2164
f 1121//2165 1120//2165 1057//2165
f 1058//2166 1059//2166 1122//2166
f 1123//2167 1122//2167 1059//2167
f 1059//2168 1060//2168 1123//2168
f 1124//2169 1123//2169 1060//2169
f 1060//2170 1061//2170 1124//2170
f 1125//2171 1124//2171 1061//2171
f 1061//2172 1062//2172 1125//2172
f 1126//2173 1125//2173 1062//2173
f 1062//2174 1063//2174 1126//2174
f 1127//2175 1126//2175 1063//2175
f 1063//2176 1064//2176 1127//2176
f 1128//2177 1127//2177 1064//2177
f 1064//2178 1065//2178 1128//2178
f 1129//2179 1128//2179 1065//2179
f 1065//2180 1066//2180 1129//2180
f 1130//2181 1129//2181 1066//2181
f 1066//2182 1067//2182 1130//2182
f 1131//2183 1130//2183 1067//2183
f 1067//2184 1068//2184 1131//2184
f 1132//2185 1131//2185 1068//2185
f 1068//2186 1069//2186 1132//2186
f 1133//2187 1132//2187 1069//2187
f 1069//2188 1070//2188 1133//2188
f 1134//2189 1133//2189 1070//2189
f 1070//2190 1071//2190 1134//2190
f 1135//2191 1134//2191 1071//2191
f 1071//2192 1072//2192 1135//2192
f 1136//2193 1135//2193 1072//2193
f 1072//2194 1073//2194 1136//2194
f 1137//2195 1136//2195 1073//2195
f 1073//2196 1074//2196 1137//2196
f 1138//2197 1137//2197 1074//2197
f 1185//2198 1121//2198 1122//2198
f 1058//2199 1122//2199 1121//2199
f 1075//2200 1139//2200 1074//2200
f 1138//2201 1074//2201 1139//2201
f 1075//2202 1076//2202 1139//2202
f 1140//2203 1139//2203 1076//2203
f 1076//2204 1077//2204 1140//2204
f 1141//2205 1140//2205 1077//2205
f 1077//2206 1078//2206 1141//2206
f 1142//2207 1141//2207 1078//2207
f 1078//2208 1079//2208 1142//2208
f 1143//2209 1142//2209 1079//2209
f 1079//2210 1080//2210 1143//2210
f 1144//2211 1143//2211 1080//2211
f 1080//2212 1081//2212 1144//2212
f 1145//2213 1144//2213 1081//2213
f 1081//2214 1082//2214 1145//2214
f 1146//2215 1145//2215 1082//2215
f 1082//2216 1083//2216 1146//2216
f 1147//2217 1146//2217 1083//2217
f 1083//2218 1084//2218 1147//2218
f 1148//2219 1147//2219 1084//2219
f 1084//2093 1085//2093 1148//2093
f 1149//2220 1148//2220 1085//2220
f 1085//2221 1086//2221 1149//2221
f 1150//2222 1149//2222 1086//2222
f 1086//2223 1087//2223 1150//2223
f 1151//2224 1150//2224 1087//2224
f 1087//2225 1088//2225 1151//2225
f 1152//2226 1151//2226 1088//2226
f 1088//2227 1089//2227 1152//2227
f 1153//2228 1152//2228 1089//2228
f 1089//2229 1090//2229 1153//2229
f 1154//2230 1153//2230 1090//2230
f 1091//2231 1155//2231 1090//2231
f 1154//2232 1090//2232 1155//2232
f 1091//2233 1092//2233 1155//2233
f 1156//2234 1155//2234 1092//2234
f 1092//2235 1093//2235 1156//2235
f 1157//2236 1156//2236 1093//2236
f 1093//2237 1094//2237 1157//2237
f 1158//2238 1157//2238 1094//2238
f 1094//2239 1095//2239 1158//2239
f 1159//2240 1158//2240 1095//2240
f 1095//2241 1096//2241 1159//2241
f 1160//2242 1159//2242 1096//2242
f 1096//2243 1097//2243 1160//2243
f 1161//2244 1160//2244 1097//2244
f 1097//2245 1098//2245 1161//2245
f 1162//2246 1161//2246 1098//2246
f 1098//2247 1099//2247 1162//2247
f 1163//2248 1162//2248 1099//2248
f 1099//2249 1100//2249 1163//2249
f 1164//2250 1163//2250 1100//2250
f 1100//2251 1101//2251 1164//2251
f 1165//2252 1164//2252 1101//2252
f 1101//2253 1102//2253 1165//2253
f 1166//2254 1165//2254 1102//2254
f 1102//2255 1103//2255 1166//2255
f 1167//2256 1166//2256 1103//2256
f 1103//2257 1104//2257 1167//2257
f 1168//2258 1167//2258 1104//2258
f 1104//2259 1105//2259 1168//2259
f 1169//2260 1168//2260 1105//2260
f 1105//2261 1106//2261 1169//2261
f 1170//2262 1169//2262 1106//2262
f 1107//2263 1171//2263 1106//2263
f 1170//2264 1106//2264 1171//2264
f 1107//2265 1108//2265 1171//2265
f 1172//2266 1171//2266 1108//2266
f 1108//2267 1109//2267 1172//2267
f 1173//2268 1172//2268 1109//2268
f 1109//2269 1110//2269 1173//2269
f 1174//2270 1173//2270 1110//2270
f 1110//2271 1111//2271 1174//2271
f 1175//2272 1174//2272 1111//2272
f 1111//2273 1112//2273 1175//2273
f 1176//2274 1175//2274 1112//2274
f 1112//2275 1113//2275 1176//2275
f 1177//2276 1176//2276 1113//2276
f 1113//2277 1114//2277 1177//2277
f 1178//2278 1177//2278 1114//2278
f 1114//2279 1115//2279 1178//2279
f 1179//2280 1178//2280 1115//2280
f 1115//2281 1116//2281 1179//2281
f 1180//2282 1179//2282 1116//2282
f 1116//2283 1117//2283 1180//2283
f 1181//2284 1180//2284 1117//2284
f 1117//2285 1118//2285 1181//2285
f 1182//2286 1181//2286 1118//2286
f 1118//2287 1119//2287 1182//2287
f 1183//2288 1182//2288 1119//2288
f 1119//2289 1120//2289 1183//2289
f 1184//2290 1183//2290 1120//2290
f 1120//2291 1121//2291 1184//2291
f 1185//2292 1184//2292 1121//2292
f 1122//2293 1123//2293 1186//2293
f 1187//2294 1186//2294 1123//2294
f 1123//2295 1124//2295 1187//2295
f 1188//2296 1187//2296 1124//2296
f 1124//2297 1125//2297 1188//2297
f 1189//2298 1188//2298 1125//2298
f 1125//2299 1126//2299 1189//2299
f 1190//2300 1189//2300 1126//2300
f 1126//2301 1127//2301 1190//2301
f 1191//2302 1190//2302 1127//2302
f 1127//2303 1128//2303 1191//2303
f 1192//2304 1191//2304 1128//2304
f 1128//2305 1129//2305 1192//2305
f 1193//2306 1192//2306 1129//2306
f 1129//2307 1130//2307 1193//2307
f 1194//2308 1193//2308 1130//2308
f 1130//2309 1131//2309 1194//2309
f 1195//2310 1194//2310 1131//2310
f 1131//2311 1132//2311 1195//2311
f 1196//2312 1195//2312 1132//2312
f 1132//2313 1133//2313 1196//2313
f 1197//2314 1196//2314 1133//2314
f 1133//2315 1134//2315 1197//2315
f 1198//2316 1197//2316 1134//2316
f 1134//2317 1135//2317 1198//2317
f 1199//2318 1198//2318 1135//2318
f 1135//2319 1136//2319 1199//2319
f 1200//2320 1199//2320 1136//2320
f 1136//2321 1137//2321 1200//2321
f 1201//2322 1200//2322 1137//2322
f 1137//2323 1138//2323 1201//2323
f 1202//2324 1201//2324 1138//2324
f 1249//2325 1185//2325 1186//2325
f 1122//2326 1186//2326 1185//2326
f 1139//2327 1203//2327 1138//2327
f 1202//2328 1138//2328 1203//2328
f 1139//2329 1140//2329 1203//2329
f 1204//2330 1203//2330 1140//2330
f 1140//2331 1141//2331 1204//2331
f 1205//2332 1204//2332 1141//2332
f 1141//2333 1142//2333 1205//2333
f 1206//2334 1205//2334 1142//2334
f 1142//2335 1143//2335 1206//2335
f 1207//2336 1206//2336 1143//2336
f 1143//2337 1144//2337 1207//2337
f 1208//2338 1207//2338 1144//2338
f 1144//2339 1145//2339 1208//2339
f 1209//2340 1208//2340 1145//2340
f 1145//2341 1146//2341 1209//2341
f 1210//2342 1209//2342 1146//2342
f 1146//2343 1147//2343 1210//2343
f 1211//2344 1210//2344 1147//2344
f 1147//2345 1148//2345 1211//2345
f 1212//2346 1211//2346 1148//2346
f 1148//2347 1149//2347 1212//2347
f 1213//2348 1212//2348 1149//2348
f 1149//2349 1150//2349 1213//2349
f 1214//2350 1213//2350 1150//2350
f 1150//2351 1151//2351 1214//2351
f 1215//2352 1214//2352 1151//2352
f 1151//2353 1152//2353 1215//2353
f 1216//2354 1215//2354 1152//2354
f 1152//2355 1153//2355 1216//2355
f 1217//2356 1216//2356 1153//2356
f 1153//2357 1154//2357 1217//2357
f 1218//2358 1217//2358 1154//2358
f 1155//2359 1219//2359 1154//2359
f 1218//2360 1154//2360 1219//2360
f 1155//2361 1156//2361 1219//2361
f 1220//2362 1219//2362 1156//2362
f 1156//2363 1157//2363 1220//2363
f 1221//2364 1220//2364 1157//2364
f 1157//2365 1158//2365 1221//2365
f 1222//2366 1221//2366 1158//2366
f 1158//2367 1159//2367 1222//2367
f 1223//2368 1222//2368 1159//2368
f 1159//2369 1160//2369 1223//2369
f 1224//2370 1223//2370 1160//2370
f 1160//2371 1161//2371 1224//2371
f 1225//2372 1224//2372 1161//2372
f 1161//2373 1162//2373 1225//2373
f 1226//2374 1225//2374 1162//2374
f 1162//2375 1163//2375 1226//2375
f 1227//2376 1226//2376 1163//2376
f 1163//2377 1164//2377 1227//2377
f 1228//2378 1227//2378 1164//2378
f 1164//2379 1165//2379 1228//2379
f 1229//2380 1228//2380 1165//2380
f 1165//2381 1166//2381 1229//2381
f 1230//2382 1229//2382 1166//2382
f 1166//2383 1167//2383 1230//2383
f 1231//2384 1230//2384 1167//2384
f 1167//2385 1168//2385 1231//2385
f 1232//2386 1231//2386 1168//2386
f 1168//2387 1169//2387 1232//2387
f 1233//2388 1232//2388 1169//2388
f 1169//2389 1170//2389 1233//2389
f 1234//2390 1233//2390 1170//2390
f 1171//2391 1235//2391 1170//2391
f 1234//2392 1170//2392 1235//2392
f 1171//2393 1172//2393 1235//2393
f 1236//2394 1235//2394 1172//2394
f 1172//2395 1173//2395 1236//2395
f 1237//2396 1236//2396 1173//2396
f 1173//2397 1174//2397 1237//2397
f 1238//2398 1237//2398 1174//2398
f 1174//2399 1175//2399 1238//2399
f 1239//2400 1238//2400 1175//2400
f 1175//2401 1176//2401 1239//2401
f 1240//2402 1239//2402 1176//2402
f 1176//2403 1177//2403 1240//2403
f 1241//2404 1240//2404 1177//2404
f 1177//2405 1178//2405 1241//2405
f 1242//2406 1241//2406 1178//2406
f 1178//2407 1179//2407 1242//2407
f 1243//2408 1242//2408 1179//2408
f 1179//2409 1180//2409 1243//2409
f 1244//2410 1243//2410 1180//2410
f 1180//2411 1181//2411 1244//2411
f 1245//2412 1244//2412 1181//2412
f 1181//2413 1182//2413 1245//2413
f 1246//2414 1245//2414 1182//2414
f 1182//2415 1183//2415 1246//2415
f 1247//2416 1246//2416 1183//2416
f 1183//2417 1184//2417 1247//2417
f 1248//2418 1247//2418 1184//2418
f 1184//2419 1185//2419 1248//2419
f 1249//2420 1248//2420 1185//2420
f 1186//2421 1187//2421 1250//2421
f 1251//2422 1250//2422 1187//2422
f 1187//2423 1188//2423 1251//2423
f 1252//2424 1251//2424 1188//2424
f 1188//2425 1189//2425 1252//2425
f 1253//2426 1252//2426 1189//2426
f 1189//2427 1190//2427 1253//2427
f 1254//2428 1253//2428 1190//2428
f 1190//2429 1191//2429 1254//2429
f 1255//2430 1254//2430 1191//2430
f 1191//2431 1192//2431 1255//2431
f 1256//2432 1255//2432 1192//2432
f 1192//2433 1193//2433 1256//2433
f 1257//2434 1256//2434 1193//2434
f 1193//2435 1194//2435 1257//2435
f 1258//2436 1257//2436 1194//2436
f 1194//2437 1195//2437 1258//2437
f 1259//2438 1258//2438 1195//2438
f 1195//2439 1196//2439 1259//2439
f 1260//2440 1259//2440 1196//2440
f 1196//2441 1197//2441 1260//2441
f 1261//2442 1260//2442 1197//2442
f 1197//2443 1198//2443 1261//2443
f 1262//2444 1261//2444 1198//2444
f 1198//2445 1199//2445 1262//2445
f 1263//2446 1262//2446 1199//2446
f 1199//2447 1200//2447 1263//2447
f 1264//2448 1263//2448 1200//2448
f 1200//2449 1201//2449 1264//2449
f 1265//2450 1264//2450 1201//2450
f 1201//2451 1202//2451 1265//2451
f 1266//2452 1265//2452 1202//2452
f 1249//2453 1186//2453 1313//2453
f 1250//2454 1313//2454 1186//2454
f 1202//2455 1203//2455 1266//2455
f 1267//2456 1266//2456 1203//2456
f 1203//2457 1204//2457 1267//2457
f 1268//2458 1267//2458 1204//2458
f 1204//2459 1205//2459 1268//2459
f 1269//2460 1268//2460 1205//2460
f 1205//2461 1206//2461 1269//2461
f 1270//2462 1269//2462 1206//2462
f 1206//2336 1207//2336 1270//2336
f 1271//2463 1270//2463 1207//2463
f 1207//2464 1208//2464 1271//2464
f 1272//2465 1271//2465 1208//2465
f 1208//2466 1209//2466 1272//2466
f 1273//2467 1272//2467 1209//2467
f 1209//2468 1210//2468 1273//2468
f 1274//2469 1273//2469 1210//2469
f 1210//2470 1211//2470 1274//2470
f 1275//2471 1274//2471 1211//2471
f 1211//2472 1212//2472 1275//2472
f 1276//2473 1275//2473 1212//2473
f 1212//2474 1213//2474 1276//2474
f 1277//2475 1276//2475 1213//2475
f 1213//2476 1214//2476 1277//2476
f 1278//2477 1277//2477 1214//2477
f 1214//2478 1215//2478 1278//2478
f 1279//2479 1278//2479 1215//2479
f 1215//2480 1216//2480 1279//2480
f 1280//2481 1279//2481 1216//2481
f 1216//2482 1217//2482 1280//2482
f 1281//2483 1280//2483 1217//2483
f 1217//2484 1218//2484 1281//2484
f 1282//2485 1281//2485 1218//2485
f 1218//2486 1219//2486 1282//2486
f 1283//2487 1282//2487 1219//2487
f 1219//2488 1220//2488 1283//2488
f 1284//2489 1283//2489 1220//2489
f 1220//2490 1221//2490 1284//2490
f 1285//2491 1284//2491 1221//2491
f 1221//2492 1222//2492 1285//2492
f 1286//2493 1285//2493 1222//2493
f 1222//2494 1223//2494 1286//2494
f 1287//2495 1286//2495 1223//2495
f 1223//2496 1224//2496 1287//2496
f 1288//2497 1287//2497 1224//2497
f 1224//2498 1225//2498 1288//2498
f 1289//2499 1288//2499 1225//2499
f 1225//2500 1226//2500 1289//2500
f 1290//2501 1289//2501 1226//2501
f 1226//2502 1227//2502 1290//2502
f 1291//2503 1290//2503 1227//2503
f 1227//2504 1228//2504 1291//2504
f 1292//2505 1291//2505 1228//2505
f 1228//2506 1229//2506 1292//2506
f 1293//2507 1292//2507 1229//2507
f 1229//2508 1230//2508 1293//2508
f 1294//2509 1293//2509 1230//2509
f 1230//2510 1231//2510 1294//2510
f 1295//2511 1294//2511 1231//2511
f 1231//2512 1232//2512 1295//2512
f 1296//2513 1295//2513 1232//2513
f 1232//2514 1233//2514 1296//2514
f 1297//2515 1296//2515 1233//2515
f 1233//2516 1234//2516 1297//2516
f 1298//2517 1297//2517 1234//2517
f 1234//2518 1235//2518 1298//2518
f 1299//2519 1298//2519 1235//2519
f 1235//2520 1236//2520 1299//2520
f 1300//2521 1299//2521 1236//2521
f 1236//2522 1237//2522 1300//2522
f 1301//2523 1300//2523 1237//2523
f 1237//2524 1238//2524 1301//2524
f 1302//2525 1301//2525 1238//2525
f 1238//2526 1239//2526 1302//2526
f 1303//2527 1302//2527 1239//2527
f 1239//2528 1240//2528 1303//2528
f 1304//2529 1303//2529 1240//2529
f 1240//2530 1241//2530 1304//2530
f 1305//2531 1304//2531 1241//2531
f 1241//2532 1242//2532 1305//2532
f 1306//2533 1305//2533 1242//2533
f 1242//2534 1243//2534 1306//2534
f 1307//2535 1306//2535 1243//2535
f 1243//2536 1244//2536 1307//2536
f 1308//2537 1307//2537 1244//2537
f 1244//2538 1245//2538 1308//2538
f 1309//2539 1308//2539 1245//2539
f 1245//2540 1246//2540 1309//2540
f 1310//2541 1309//2541 1246//2541
f 1246//2542 1247//2542 1310//2542
f 1311//2543 1310//2543 1247//2543
f 1247//2544 1248//2544 1311//2544
f 1312//2545 1311//2545 1248//2545
f 1248//2546 1249//2546 1312//2546
f 1313//2547 1312//2547 1249//2547
f 1250//2548 1251//2548 1314//2548
f 1315//2549 1314//2549 1251//2549
f 1251//2550 1252//2550 1315//2550
f 1316//2551 1315//2551 1252//2551
f 1252//2552 1253//2552 1316//2552
f 1317//2553 1316//2553 1253//2553
f 1253//2554 1254//2554 1317//2554
f 1318//2555 1317//2555 1254//2555
f 1254//2556 1255//2556 1318//2556
f 1319//2557 1318//2557 1255//2557
f 1255//2558 1256//2558 1319//2558
f 1320//2559 1319//2559 1256//2559
f 1256//2560 1257//2560 1320//2560
f 1321//2561 1320//2561 1257//2561
f 1257//2562 1258//2562 1321//2562
f 1322//2563 1321//2563 1258//2563
f 1258//2564 1259//2564 1322//2564
f 1323//2565 1322//2565 1259//2565
f 1259//2566 1260//2566 1323//2566
f 1324//2567 1323//2567 1260//2567
f 1260//2568 1261//2568 1324//2568
f 1325//2569 1324//2569 1261//2569
f 1261//2570 1262//2570 1325//2570
f 1326//2571 1325//2571 1262//2571
f 1262//2572 1263//2572 1326//2572
f 1327//2573 1326//2573 1263//2573
f 1263//2574 1264//2574 1327//2574
f 1328//2575 1327//2575 1264//2575
f 1264//2576 1265//2576 1328//2576
f 1329//2577 1328//2577 1265//2577
f 1265//2578 1266//2578 1329//2578
f 1330//2579 1329//2579 1266//2579
f 1313//2580 1250//2580 1377//2580
f 1314//2581 1377//2581 1250//2581
f 1266//2582 1267//2582 1330//2582
f 1331//2583 1330//2583 1267//2583
f 1267//2584 1268//2584 1331//2584
f 1332//2585 1331//2585 1268//2585
f 1268//2586 1269//2586 1332//2586
f 1333//2587 1332//2587 1269//2587
f 1269//2588 1270//2588 1333//2588
f 1334//2589 1333//2589 1270//2589
f 1270//2590 1271//2590 1334//2590
f 1335//2591 1334//2591 1271//2591
f 1271//2592 1272//2592 1335//2592
f 1336//2593 1335//2593 1272//2593
f 1272//2594 1273//2594 1336//2594
f 1337//2595 1336//2595 1273//2595
f 1273//2596 1274//2596 1337//2596
f 1338//2597 1337//2597 1274//2597
f 1274//2598 1275//2598 1338//2598
f 1339//2599 1338//2599 1275//2599
f 1275//2600 1276//2600 1339//2600
f 1340//2601 1339//2601 1276//2601
f 1276//2602 1277//2602 1340//2602
f 1341//2602 1340//2602 1277//2602
f 1277//2603 1278//2603 1341//2603
f 1342//2604 1341//2604 1278//2604
f 1278//2605 1279//2605 1342//2605
f 1343//2606 1342//2606 1279//2606
f 1279//2607 1280//2607 1343//2607
f 1344//2608 1343//2608 1280//2608
f 1280//2609 1281//2609 1344//2609
f 1345//2610 1344//2610 1281//2610
f 1281//2611 1282//2611 1345//2611
f 1346//2612 1345//2612 1282//2612
f 1282//2613 1283//2613 1346//2613
f 1347//2614 1346//2614 1283//2614
f 1283//2615 1284//2615 1347//2615
f 1348//2616 1347//2616 1284//2616
f 1284//2617 1285//2617 1348//2617
f 1349//2618 1348//2618 1285//2618
f 1285//2619 1286//2619 1349//2619
f 1350//2620 1349//2620 1286//2620
f 1286//2621 1287//2621 1350//2621
f 1351//2622 1350//2622 1287//2622
f 1287//2623 1288//2623 1351//2623
f 1352//2624 1351//2624 1288//2624
f 1288//2625 1289//2625 1352//2625
f 1353//2626 1352//2626 1289//2626
f 1289//2627 1290//2627 1353//2627
f 1354//2628 1353//2628 1290//2628
f 1290//2629 1291//2629 1354//2629
f 1355//2630 1354//2630 1291//2630
f 1291//2631 1292//2631 1355//2631
f 1356//2632 1355//2632 1292//2632
f 1292//2633 1293//2633 1356//2633
f 1357//2634 1356//2634 1293//2634
f 1293//2635 1294//2635 1357//2635
f 1358//2636 1357//2636 1294//2636
f 1294//2637 1295//2637 1358//2637
f 1359//2638 1358//2638 1295//2638
f 1295//2639 1296//2639 1359//2639
f 1360//2640 1359//2640 1296//2640
f 1296//2641 1297//2641 1360//2641
f 1361//2642 1360//2642 1297//2642
f 1297//2643 1298//2643 1361//2643
f 1362//2644 1361//2644 1298//2644
f 1298//2645 1299//2645 1362//2645
f 1363//2646 1362//2646 1299//2646
f 1299//2647 1300//2647 1363//2647
f 1364//2648 1363//2648 1300//2648
f 1300//2649 1301//2649 1364//2649
f 1365//2650 1364//2650 1301//2650
f 1301//2651 1302//2651 1365//2651
f 1366//2652 1365//2652 1302//2652
f 1302//2653 1303//2653 1366//2653
f 1367//2654 1366//2654 1303//2654
f 1303//2655 1304//2655 1367//2655
f 1368//2656 1367//2656 1304//2656
f 1304//2657 1305//2657 1368//2657
f 1369//2658 1368//2658 1305//2658
f 1305//2659 1306//2659 1369//2659
f 1370//2660 1369//2660 1306//2660
f 1306//2661 1307//2661 1370//2661
f 1371//2662 1370//2662 1307//2662
f 1307//2663 1308//2663 1371//2663
f 1372//2664 1371//2664 1308//2664
f 1308//2665 1309//2665 1372//2665
f 1373//2666 1372//2666 1309//2666
f 1309//2667 1310//2667 1373//2667
f 1374//2668 1373//2668 1310//2668
f 1310//2669 1311//2669 1374//2669
f 1375//2670 1374//2670 1311//2670
f 1311//2671 1312//2671 1375//2671
f 1376//2672 1375//2672 1312//2672
f 1312//2673 1313//2673 1376//2673
f 1377//2674 1376//2674 1313//2674
f 1314//2675 1315//2675 1378//2675
f 1379//2676 1378//2676 1315//2676
f 1315//2677 1316//2677 1379//2677
f 1380//2678 1379//2678 1316//2678
f 1316//2679 1317//2679 1380//2679
f 1381//2680 1380//2680 1317//2680
f 1317//2681 1318//2681 1381//2681
f 1382//2682 1381//2682 1318//2682
f 1318//2683 1319//2683 1382//2683
f 1383//2684 1382//2684 1319//2684
f 1319//2685 1320//2685 1383//2685
f 1384//2686 1383//2686 1320//2686
f 1320//2687 1321//2687 1384//2687
f 1385//2688 1384//2688 1321//2688
f 1321//2689 1322//2689 1385//2689
f 1386//2690 1385//2690 1322//2690
f 1322//2691 1323//2691 1386//2691
f 1387//2692 1386//2692 1323//2692
f 1323//2693 1324//2693 1387//2693
f 1388//2694 1387//2694 1324//2694
f 1324//2695 1325//2695 1388//2695
f 1389//2696 1388//2696 1325//2696
f 1325//2697 1326//2697 1389//2697
f 1390//2698 1389//2698 1326//2698
f 1326//2699 1327//2699 1390//2699
f 1391//2700 1390//2700 1327//2700
f 1327//2701 1328//2701 1391//2701
f 1392//2702 1391//2702 1328//2702
f 1328//2703 1329//2703 1392//2703
f 1393//2704 1392//2704 1329//2704
f 1329//2705 1330//2705 1393//2705
f 1394//2706 1393//2706 1330//2706
f 1377//2707 1314//2707 1441//2707
f 1378//2707 1441//2707 1314//2707
f 1330//2708 1331//2708 1394//2708
f 1395//2709 1394//2709 1331//2709
f 1331//2710 1332//2710 1395//2710
f 1396//2711 1395//2711 1332//2711
f 1332//2712 1333//2712 1396//2712
f 1397//2713 1396//2713 1333//2713
f 1333//2714 1334//2714 1397//2714
f 1398//2715 1397//2715 1334//2715
f 1334//2716 1335//2716 1398//2716
f 1399//2717 1398//2717 1335//2717
f 1335//2718 1336//2718 1399//2718
f 1400//2719 1399//2719 1336//2719
f 1336//2720 1337//2720 1400//2720
f 1401//2721 1400//2721 1337//2721
f 1337//2722 1338//2722 1401//2722
f 1402//2723 1401//2723 1338//2723
f 1338//2724 1339//2724 1402//2724
f 1403//2725 1402//2725 1339//2725
f 1339//2726 1340//2726 1403//2726
f 1404//2727 1403//2727 1340//2727
f 1340//2728 1341//2728 1404//2728
f 1405//2729 1404//2729 1341//2729
f 1341//2730 1342//2730 1405//2730
f 1406//2731 1405//2731 1342//2731
f 1342//2732 1343//2732 1406//2732
f 1407//2733 1406//2733 1343//2733
f 1343//2734 1344//2734 1407//2734
f 1408//2735 1407//2735 1344//2735
f 1344//2736 1345//2736 1408//2736
f 1409//2737 1408//2737 1345//2737
f 1345//2738 1346//2738 1409//2738
f 1410//2739 1409//2739 1346//2739
f 1346//2740 1347//2740 1410//2740
f 1411//2741 1410//2741 1347//2741
f 1347//2742 1348//2742 1411//2742
f 1412//2743 1411//2743 1348//2743
f 1348//2744 1349//2744 1412//2744
f 1413//2745 1412//2745 1349//2745
f 1349//2746 1350//2746 1413//2746
f 1414//2747 1413//2747 1350//2747
f 1350//2748 1351//2748 1414//2748
f 1415//2749 1414//2749 1351//2749
f 1351//2750 1352//2750 1415//2750
f 1416//2751 1415//2751 1352//2751
f 1352//2752 1353//2752 1416//2752
f 1417//2753 1416//2753 1353//2753
f 1353//2754 1354//2754 1417//2754
f 1418//2755 1417//2755 1354//2755
f 1354//2756 1355//2756 1418//2756
f 1419//2757 1418//2757 1355//2757
f 1355//2758 1356//2758 1419//2758
f 1420//2759 1419//2759 1356//2759
f 1356//2760 1357//2760 1420//2760
f 1421//2761 1420//2761 1357//2761
f 1357//2762 1358//2762 1421//2762
f 1422//2763 1421//2763 1358//2763
f 1358//2764 1359//2764 1422//2764
f 1423//2765 1422//2765 1359//2765
f 1359//2766 1360//2766 1423//2766
f 1424//2767 1423//2767 1360//2767
f 1360//2768 1361//2768 1424//2768
f 1425//2769 1424//2769 1361//2769
f 1361//2770 1362//2770 1425//2770
f 1426//2771 1425//2771 1362//2771
f 1362//2772 1363//2772 1426//2772
f 1427//2773 1426//2773 1363//2773
f 1363//2774 1364//2774 1427//2774
f 1428//2775 1427//2775 1364//2775
f 1364//2776 1365//2776 1428//2776
f 1429//2777 1428//2777 1365//2777
f 1365//2778 1366//2778 1429//2778
f 1430//2779 1429//2779 1366//2779
f 1366//2780 1367//2780 1430//2780
f 1431//2781 1430//2781 1367//2781
f 1367//2782 1368//2782 1431//2782
f 1432//2783 1431//2783 1368//2783
f 1368//2784 1369//2784 1432//2784
f 1433//2785 1432//2785 1369//2785
f 1369//2786 1370//2786 1433//2786
f 1434//2787 1433//2787 1370//2787
f 1370//2788 1371//2788 1434//2788
f 1435//2789 1434//2789 1371//2789
f 1371//2790 1372//2790 1435//2790
f 1436//2791 1435//2791 1372//2791
f 1372//2792 1373//2792 1436//2792
f 1437//2793 1436//2793 1373//2793
f 1373//2794 1374//2794 1437//2794
f 1438//2795 1437//2795 1374//2795
f 1374//2796 1375//2796 1438//2796
f 1439//2797 1438//2797 1375//2797
f 1375//2798 1376//2798 1439//2798
f 1440//2799 1439//2799 1376//2799
f 1376//2800 1377//2800 1440//2800
f 1441//2801 1440//2801 1377//2801
f 1378//2802 1379//2802 1442//2802
f 1443//2803 1442//2803 1379//2803
f 1379//2804 1380//2804 1443//2804
f 1444//2805 1443//2805 1380//2805
f 1380//2806 1381//2806 1444//2806
f 1445//2807 1444//2807 1381//2807
f 1381//2808 1382//2808 1445//2808
f 1446//2809 1445//2809 1382//2809
f 1382//2810 1383//2810 1446//2810
f 1447//2811 1446//2811 1383//2811
f 1383//2812 1384//2812 1447//2812
f 1448//2813 1447//2813 1384//2813
f 1384//2814 1385//2814 1448//2814
f 1449//2815 1448//2815 1385//2815
f 1385//2816 1386//2816 1449//2816
f 1450//2817 1449//2817 1386//2817
f 1386//2818 1387//2818 1450//2818
f 1451//2819 1450//2819 1387//2819
f 1387//2820 1388//2820 1451//2820
f 1452//2821 1451//2821 1388//2821
f 1388//2822 1389//2822 1452//2822
f 1453//2823 1452//2823 1389//2823
f 1389//2824 1390//2824 1453//2824
f 1454//2825 1453//2825 1390//2825
f 1390//2826 1391//2826 1454//2826
f 1455//2827 1454//2827 1391//2827
f 1391//2828 1392//2828 1455//2828
f 1456//2829 1455//2829 1392//2829
f 1392//2830 1393//2830 1456//2830
f 1457//2831 1456//2831 1393//2831
f 1393//2832 1394//2832 1457//2832
f 1458//2833 1457//2833 1394//2833
f 1441//2834 1378//2834 1505//2834
f 1442//2835 1505//2835 1378//2835
f 1394//2836 1395//2836 1458//2836
f 1459//2837 1458//2837 1395//2837
f 1395//2838 1396//2838 1459//2838
f 1460//2839 1459//2839 1396//2839
f 1396//2840 1397//2840 1460//2840
f 1461//2841 1460//2841 1397//2841
f 1397//2842 1398//2842 1461//2842
f 1462//2843 1461//2843 1398//2843
f 1398//2844 1399//2844 1462//2844
f 1463//2845 1462//2845 1399//2845
f 1399//2846 1400//2846 1463//2846
f 1464//2847 1463//2847 1400//2847
f 1400//2848 1401//2848 1464//2848
f 1465//2849 1464//2849 1401//2849
f 1401//2850 1402//2850 1465//2850
f 1466//2851 1465//2851 1402//2851
f 1402//2852 1403//2852 1466//2852
f 1467//2853 1466//2853 1403//2853
f 1403//2854 1404//2854 1467//2854
f 1468//2855 1467//2855 1404//2855
f 1404//2856 1405//2856 1468//2856
f 1469//2857 1468//2857 1405//2857
f 1405//2858 1406//2858 1469//2858
f 1470//2859 1469//2859 1406//2859
f 1406//2860 1407//2860 1470//2860
f 1471//2861 1470//2861 1407//2861
f 1407//2862 1408//2862 1471//2862
f 1472//2863 1471//2863 1408//2863
f 1408//2864 1409//2864 1472//2864
f 1473//2865 1472//2865 1409//2865
f 1409//2866 1410//2866 1473//2866
f 1474//2867 1473//2867 1410//2867
f 1410//2868 1411//2868 1474//2868
f 1475//2869 1474//2869 1411//2869
f 1411//2870 1412//2870 1475//2870
f 1476//2871 1475//2871 1412//2871
f 1412//2872 1413//2872 1476//2872
f 1477//2873 1476//2873 1413//2873
f 1413//2874 1414//2874 1477//2874
f 1478//2875 1477//2875 1414//2875
f 1414//2876 1415//2876 1478//2876
f 1479//2877 1478//2877 1415//2877
f 1415//2878 1416//2878 1479//2878
f 1480//2879 1479//2879 1416//2879
f 1416//2880 1417//2880 1480//2880
f 1481//2881 1480//2881 1417//2881
f 1417//2882 1418//2882 1481//2882
f 1482//2883 1481//2883 1418//2883
f 1418//2884 1419//2884 1482//2884
f 1483//2885 1482//2885 1419//2885
f 1419//2886 1420//2886 1483//2886
f 1484//2887 1483//2887 1420//2887
f 1420//2888 1421//2888 1484//2888
f 1485//2889 1484//2889 1421//2889
f 1421//2890 1422//2890 1485//2890
f 1486//2891 1485//2891 1422//2891
f 1422//2892 1423//2892 1486//2892
f 1487//2893 1486//2893 1423//2893
f 1423//2894 1424//2894 1487//2894
f 1488//2895 1487//2895 1424//2895
f 1424//2896 1425//2896 1488//2896
f 1489//2897 1488//2897 1425//2897
f 1425//2898 1426//2898 1489//2898
f 1490//2899 1489//2899 1426//2899
f 1426//2900 1427//2900 1490//2900
f 1491//2901 1490//2901 1427//2901
f 1427//2902 1428//2902 1491//2902
f 1492//2903 1491//2903 1428//2903
f 1428//2904 1429//2904 1492//2904
f 1493//2905 1492//2905 1429//2905
f 1429//2906 1430//2906 1493//2906
f 1494//2907 1493//2907 1430//2907
f 1430//2908 1431//2908 1494//2908
f 1495//2909 1494//2909 1431//2909
f 1431//2910 1432//2910 1495//2910
f 1496//2911 1495//2911 1432//2911
f 1432//2912 1433//2912 1496//2912
f 1497//2913 1496//2913 1433//2913
f 1433//2914 1434//2914 1497//2914
f 1498//2915 1497//2915 1434//2915
f 1434//2916 1435//2916 1498//2916
f 1499//2917 1498//2917 1435//2917
f 1435//2918 1436//2918 1499//2918
f 1500//2919 1499//2919 1436//2919
f 1436//2920 1437//2920 1500//2920
f 1501//2921 1500//2921 1437//2921
f 1437//2922 1438//2922 1501//2922
f 1502//2923 1501//2923 1438//2923
f 1438//2924 1439//2924 1502//2924
f 1503//2925 1502//2925 1439//2925
f 1439//2926 1440//2926 1503//2926
f 1504//2927 1503//2927 1440//2927
f 1440//2928 1441//2928 1504//2928
f 1505//2929 1504//2929 1441//2929
f 1442//2930 1443//2930 1506//2930
f 1507//2931 1506//2931 1443//2931
f 1443//2932 1444//2932 1507//2932
f 1508//2933 1507//2933 1444//2933
f 1444//2934 1445//2934 1508//2934
f 1509//2935 1508//2935 1445//2935
f 1445//2936 1446//2936 1509//2936
f 1510//2937 1509//2937 1446//2937
f 1446//2938 1447//2938 1510//2938
f 1511//2939 1510//2939 1447//2939
f 1447//2940 1448//2940 1511//2940
f 1512//2941 1511//2941 1448//2941
f 1448//2942 1449//2942 1512//2942
f 1513//2943 1512//2943 1449//2943
f 1449//2944 1450//2944 1513//2944
f 1514//2945 1513//2945 1450//2945
f 1450//2946 1451//2946 1514//2946
f 1515//2947 1514//2947 1451//2947
f 1451//2948 1452//2948 1515//2948
f 1516//2949 1515//2949 1452//2949
f 1452//2950 1453//2950 1516//2950
f 1517//2951 1516//2951 1453//2951
f 1453//2952 1454//2952 1517//2952
f 1518//2953 1517//2953 1454//2953
f 1454//2954 1455//2954 1518//2954
f 1519//2955 1518//2955 1455//2955
f 1455//2956 1456//2956 1519//2956
f 1520//2957 1519//2957 1456//2957
f 1456//2958 1457//2958 1520//2958
f 1521//2959 1520//2959 1457//2959
f 1457//2960 1458//2960 1521//2960
f 1522//2961 1521//2961 1458//2961
f 1569//2962 1505//2962 1506//2962
f 1442//2963 1506//2963 1505//2963
f 1459//2964 1523//2964 1458//2964
f 1522//2965 1458//2965 1523//2965
f 1459//2966 1460//2966 1523//2966
f 1524//2967 1523//2967 1460//2967
f 1460//2968 1461//2968 1524//2968
f 1525//2969 1524//2969 1461//2969
f 1461//2970 1462//2970 1525//2970
f 1526//2971 1525//2971 1462//2971
f 1462//2972 1463//2972 1526//2972
f 1527//2973 1526//2973 1463//2973
f 1463//2974 1464//2974 1527//2974
f 1528//2975 1527//2975 1464//2975
f 1464//2976 1465//2976 1528//2976
f 1529//2977 1528//2977 1465//2977
f 1465//2978 1466//2978 1529//2978
f 1530//2979 1529//2979 1466//2979
f 1466//2980 1467//2980 1530//2980
f 1531//2981 1530//2981 1467//2981
f 1467//2982 1468//2982 1531//2982
f 1532//2983 1531//2983 1468//2983
f 1468//2984 1469//2984 1532//2984
f 1533//2985 1532//2985 1469//2985
f 1469//2986 1470//2986 1533//2986
f 1534//2987 1533//2987 1470//2987
f 1470//2988 1471//2988 1534//2988
f 1535//2989 1534//2989 1471//2989
f 1471//2990 1472//2990 1535//2990
f 1536//2991 1535//2991 1472//2991
f 1472//2992 1473//2992 1536//2992
f 1537//2993 1536//2993 1473//2993
f 1473//2994 1474//2994 1537//2994
f 1538//2995 1537//2995 1474//2995
f 1475//2996 1539//2996 1474//2996
f 1538//2997 1474//2997 1539//2997
f 1475//2998 1476//2998 1539//2998
f 1540//2999 1539//2999 1476//2999
f 1476//3000 1477//3000 1540//3000
f 1541//3001 1540//3001 1477//3001
f 1477//3002 1478//3002 1541//3002
f 1542//3003 1541//3003 1478//3003
f 1478//3004 1479//3004 1542//3004
f 1543//3005 1542//3005 1479//3005
f 1479//3006 1480//3006 1543//3006
f 1544//3007 1543//3007 1480//3007
f 1480//3008 1481//3008 1544//3008
f 1545//3009 1544//3009 1481//3009
f 1481//3010 1482//3010 1545//3010
f 1546//3011 1545//3011 1482//3011
f 1482//3012 1483//3012 1546//3012
f 1547//3013 1546//3013 1483//3013
f 1483//3014 1484//3014 1547//3014
f 1548//3015 1547//3015 1484//3015
f 1484//3016 1485//3016 1548//3016
f 1549//3017 1548//3017 1485//3017
f 1485//3018 1486//3018 1549//3018
f 1550//3019 1549//3019 1486//3019
f 1486//3020 1487//3020 1550//3020
f 1551//3021 1550//3021 1487//3021
f 1487//3022 1488//3022 1551//3022
f 1552//3023 1551//3023 1488//3023
f 1488//3024 1489//3024 1552//3024
f 1553//3025 1552//3025 1489//3025
f 1489//3026 1490//3026 1553//3026
f 1554//3027 1553//3027 1490//3027
f 1491//3028 1555//3028 1490//3028
f 1554//3029 1490//3029 1555//3029
f 1491//3030 1492//3030 1555//3030
f 1556//3031 1555//3031 1492//3031
f 1492//3032 1493//3032 1556//3032
f 1557//3033 1556//3033 1493//3033
f 1493//3034 1494//3034 1557//3034
f 1558//3035 1557//3035 1494//3035
f 1494//3036 1495//3036 1558//3036
f 1559//3037 1558//3037 1495//3037
f 1495//3038 1496//3038 1559//3038
f 1560//3039 1559//3039 1496//3039
f 1496//3040 1497//3040 1560//3040
f 1561//3041 1560//3041 1497//3041
f 1497//3042 1498//3042 1561//3042
f 1562//3043 1561//3043 1498//3043
f 1498//3044 1499//3044 1562//3044
f 1563//3045 1562//3045 1499//3045
f 1499//3046 1500//3046 1563//3046
f 1564//3047 1563//3047 1500//3047
f 1500//3048 1501//3048 1564//3048
f 1565//3049 1564//3049 1501//3049
f 1501//3050 1502//3050 1565//3050
f 1566//3051 1565//3051 1502//3051
f 1502//3052 1503//3052 1566//3052
f 1567//3053 1566//3053 1503//3053
f 1503//3054 1504//3054 1567//3054
f 1568//3055 1567//3055 1504//3055
f 1504//3056 1505//3056 1568//3056
f 1569//3057 1568//3057 1505//3057
f 1506//3058 1507//3058 1570//3058
f 1571//3059 1570//3059 1507//3059
f 1507//3060 1508//3060 1571//3060
f 1572//3061 1571//3061 1508//3061
f 1508//3062 1509//3062 1572//3062
f 1573//3063 1572//3063 1509//3063
f 1509//3064 1510//3064 1573//3064
f 1574//3065 1573//3065 1510//3065
f 1510//3066 1511//3066 1574//3066
f 1575//3067 1574//3067 1511//3067
f 1511//3068 1512//3068 1575//3068
f 1576//3069 1575//3069 1512//3069
f 1512//3070 1513//3070 1576//3070
f 1577//3070 1576//3070 1513//3070
f 1513//3071 1514//3071 1577//3071
f 1578//3072 1577//3072 1514//3072
f 1514//3073 1515//3073 1578//3073
f 1579//3074 1578//3074 1515//3074
f 1515//3075 1516//3075 1579//3075
f 1580//3076 1579//3076 1516//3076
f 1516//3077 1517//3077 1580//3077
f 1581//3078 1580//3078 1517//3078
f 1517//3079 1518//3079 1581//3079
f 1582//3080 1581//3080 1518//3080
f 1518//3081 1519//3081 1582//3081
f 1583//3082 1582//3082 1519//3082
f 1519//3083 1520//3083 1583//3083
f 1584//3084 1583//3084 1520//3084
f 1520//3085 1521//3085 1584//3085
f 1585//3086 1584//3086 1521//3086
f 1521//3087 1522//3087 1585//3087
f 1586//3088 1585//3088 1522//3088
f 1569//3089 1506//3089 1633//3089
f 1570//3090 1633//3090 1506//3090
f 1522//3091 1523//3091 1586//3091
f 1587//3092 1586//3092 1523//3092
f 1523//3093 1524//3093 1587//3093
f 1588//3094 1587//3094 1524//3094
f 1524//3095 1525//3095 1588//3095
f 1589//3096 1588//3096 1525//3096
f 1525//3097 1526//3097 1589//3097
f 1590//3098 1589//3098 1526//3098
f 1526//3099 1527//3099 1590//3099
f 1591//3100 1590//3100 1527//3100
f 1527//3101 1528//3101 1591//3101
f 1592//3102 1591//3102 1528//3102
f 1528//3103 1529//3103 1592//3103
f 1593//3104 1592//3104 1529//3104
f 1529//3105 1530//3105 1593//3105
f 1594//3106 1593//3106 1530//3106
f 1530//3107 1531//3107 1594//3107
f 1595//3108 1594//3108 1531//3108
f 1531//3109 1532//3109 1595//3109
f 1596//3110 1595//3110 1532//3110
f 1532//3111 1533//3111 1596//3111
f 1597//3112 1596//3112 1533//3112
f 1533//3113 1534//3113 1597//3113
f 1598//3114 1597//3114 1534//3114
f 1534//3115 1535//3115 1598//3115
f 1599//3116 1598//3116 1535//3116
f 1535//3117 1536//3117 1599//3117
f 1600//3118 1599//3118 1536//3118
f 1536//3119 1537//3119 1600//3119
f 1601//3120 1600//3120 1537//3120
f 1537//3121 1538//3121 1601//3121
f 1602//3122 1601//3122 1538//3122
f 1538//3123 1539//3123 1602//3123
f 1603//3124 1602//3124 1539//3124
f 1539//3125 1540//3125 1603//3125
f 1604//3126 1603//3126 1540//3126
f 1540//3127 1541//3127 1604//3127
f 1605//3128 1604//3128 1541//3128
f 1541//3129 1542//3129 1605//3129
f 1606//3130 1605//3130 1542//3130
f 1542//3131 1543//3131 1606//3131
f 1607//3132 1606//3132 1543//3132
f 1543//3133 1544//3133 1607//3133
f 1608//3134 1607//3134 1544//3134
f 1544//3135 1545//3135 1608//3135
f 1609//3136 1608//3136 1545//3136
f 1545//3137 1546//3137 1609//3137
f 1610//3138 1609//3138 1546//3138
f 1546//3139 1547//3139 1610//3139
f 1611//3140 1610//3140 1547//3140
f 1547//3141 1548//3141 1611//3141
f 1612//3142 1611//3142 1548//3142
f 1548//3143 1549//3143 1612//3143
f 1613//3144 1612//3144 1549//3144
f 1549//3145 1550//3145 1613//3145
f 1614//3146 1613//3146 1550//3146
f 1550//3147 1551//3147 1614//3147
f 1615//3148 1614//3148 1551//3148
f 1551//3149 1552//3149 1615//3149
f 1616//3150 1615//3150 1552//3150
f 1552//3025 1553//3025 1616//3025
f 1617//3151 1616//3151 1553//3151
f 1553//3152 1554//3152 1617//3152
f 1618//3153 1617//3153 1554//3153
f 1554//3154 1555//3154 1618//3154
f 1619//3155 1618//3155 1555//3155
f 1555//3156 1556//3156 1619//3156
f 1620//3157 1619//3157 1556//3157
f 1556//3158 1557//3158 1620//3158
f 1621//3159 1620//3159 1557//3159
f 1557//3160 1558//3160 1621//3160
f 1622//3161 1621//3161 1558//3161
f 1558//3162 1559//3162 1622//3162
f 1623//3163 1622//3163 1559//3163
f 1559//3164 1560//3164 1623//3164
f 1624//3165 1623//3165 1560//3165
f 1560//3166 1561//3166 1624//3166
f 1625//3167 1624//3167 1561//3167
f 1561//3168 1562//3168 1625//3168
f 1626//3169 1625//3169 1562//3169
f 1562//3170 1563//3170 1626//3170
f 1627//3171 1626//3171 1563//3171
f 1563//3172 1564//3172 1627//3172
f 1628//3173 1627//3173 1564//3173
f 1564//3174 1565//3174 1628//3174
f 1629//3175 1628//3175 1565//3175
f 1565//3176 1566//3176 1629//3176
f 1630//3177 1629//3177 1566//3177
f 1566//3178 1567//3178 1630//3178
f 1631//3179 1630//3179 1567//3179
f 1567//3180 1568//3180 1631//3180
f 1632//3181 1631//3181 1568//3181
f 1568//3182 1569//3182 1632//3182
f 1633//3183 1632//3183 1569//3183
f 1570//3184 1571//3184 1634//3184
f 1635//3185 1634//3185 1571//3185
f 1571//3186 1572//3186 1635//3186
f 1636//3187 1635//3187 1572//3187
f 1572//3188 1573//3188 1636//3188
f 1637//3189 1636//3189 1573//3189
f 1573//3190 1574//3190 1637//3190
f 1638//3191 1637//3191 1574//3191
f 1574//3192 1575//3192 1638//3192
f 1639//3193 1638//3193 1575//3193
f 1575//3194 1576//3194 1639//3194
f 1640//3195 1639//3195 1576//3195
f 1576//3196 1577//3196 1640//3196
f 1641//3197 1640//3197 1577//3197
f 1577//3198 1578//3198 1641//3198
f 1642//3199 1641//3199 1578//3199
f 1578//3200 1579//3200 1642//3200
f 1643//3201 1642//3201 1579//3201
f 1579//3202 1580//3202 1643//3202
f 1644//3203 1643//3203 1580//3203
f 1580//3204 1581//3204 1644//3204
f 1645//3205 1644//3205 1581//3205
f 1581//3206 1582//3206 1645//3206
f 1646//3207 1645//3207 1582//3207
f 1582//3208 1583//3208 1646//3208
f 1647//3209 1646//3209 1583//3209
f 1583//3210 1584//3210 1647//3210
f 1648//3211 1647//3211 1584//3211
f 1584//3212 1585//3212 1648//3212
f 1649//3213 1648//3213 1585//3213
f 1585//3214 1586//3214 1649//3214
f 1650//3215 1649//3215 1586//3215
f 1697//3216 1633//3216 1634//3216
f 1570//3217 1634//3217 1633//3217
f 1587//3218 1651//3218 1586//3218
f 1650//3219 1586//3219 1651//3219
f 1587//3220 1588//3220 1651//3220
f 1652//3221 1651//3221 1588//3221
f 1588//3222 1589//3222 1652//3222
f 1653//3223 1652//3223 1589//3223
f 1589//3224 1590//3224 1653//3224
f 1654//3225 1653//3225 1590//3225
f 1590//3226 1591//3226 1654//3226
f 1655//3227 1654//3227 1591//3227
f 1591//3228 1592//3228 1655//3228
f 1656//3229 1655//3229 1592//3229
f 1592//3230 1593//3230 1656//3230
f 1657//3231 1656//3231 1593//3231
f 1593//3232 1594//3232 1657//3232
f 1658//3233 1657//3233 1594//3233
f 1594//3234 1595//3234 1658//3234
f 1659//3235 1658//3235 1595//3235
f 1595//3236 1596//3236 1659//3236
f 1660//3237 1659//3237 1596//3237
f 1596//3238 1597//3238 1660//3238
f 1661//3239 1660//3239 1597//3239
f 1597//3240 1598//3240 1661//3240
f 1662//3241 1661//3241 1598//3241
f 1598//3242 1599//3242 1662//3242
f 1663//3243 1662//3243 1599//3243
f 1599//3244 1600//3244 1663//3244
f 1664//3245 1663//3245 1600//3245
f 1600//3246 1601//3246 1664//3246
f 1665//3247 1664//3247 1601//3247
f 1601//3248 1602//3248 1665//3248
f 1666//3249 1665//3249 1602//3249
f 1603//3250 1667//3250 1602//3250
f 1666//3251 1602//3251 1667//3251
f 1603//3252 1604//3252 1667//3252
f 1668//3253 1667//3253 1604//3253
f 1604//3254 1605//3254 1668//3254
f 1669//3255 1668//3255 1605//3255
f 1605//3256 1606//3256 1669//3256
f 1670//3257 1669//3257 1606//3257
f 1606//3258 1607//3258 1670//3258
f 1671//3259 1670//3259 1607//3259
f 1607//3260 1608//3260 1671//3260
f 1672//3261 1671//3261 1608//3261
f 1608//3262 1609//3262 1672//3262
f 1673//3263 1672//3263 1609//3263
f 1609//3264 1610//3264 1673//3264
f 1674//3265 1673//3265 1610//3265
f 1610//3266 1611//3266 1674//3266
f 1675//3267 1674//3267 1611//3267
f 1611//3268 1612//3268 1675//3268
f 1676//3269 1675//3269 1612//3269
f 1612//3270 1613//3270 1676//3270
f 1677//3271 1676//3271 1613//3271
f 1613//3272 1614//3272 1677//3272
f 1678//3273 1677//3273 1614//3273
f 1614//3274 1615//3274 1678//3274
f 1679//3275 1678//3275 1615//3275
f 1615//3276 1616//3276 1679//3276
f 1680//3277 1679//3277 1616//3277
f 1616//3278 1617//3278 1680//3278
f 1681//3279 1680//3279 1617//3279
f 1617//3280 1618//3280 1681//3280
f 1682//3281 1681//3281 1618//3281
f 1619//3282 1683//3282 1618//3282
f 1682//3283 1618//3283 1683//3283
f 1619//3284 1620//3284 1683//3284
f 1684//3285 1683//3285 1620//3285
f 1620//3286 1621//3286 1684//3286
f 1685//3287 1684//3287 1621//3287
f 1621//3288 1622//3288 1685//3288
f 1686//3289 1685//3289 1622//3289
f 1622//3290 1623//3290 1686//3290
f 1687//3291 1686//3291 1623//3291
f 1623//3292 1624//3292 1687//3292
f 1688//3293 1687//3293 1624//3293
f 1624//3294 1625//3294 1688//3294
f 1689//3295 1688//3295 1625//3295
f 1625//3296 1626//3296 1689//3296
f 1690//3297 1689//3297 1626//3297
f 1626//3298 1627//3298 1690//3298
f 1691//3299 1690//3299 1627//3299
f 1627//3300 1628//3300 1691//3300
f 1692//3301 1691//3301 1628//3301
f 1628//3302 1629//3302 1692//3302
f 1693//3303 1692//3303 1629//3303
f 1629//3304 1630//3304 1693//3304
f 1694//3305 1693//3305 1630//3305
f 1630//3306 1631//3306 1694//3306
f 1695//3307 1694//3307 1631//3307
f 1631//3308 1632//3308 1695//3308
f 1696//3309 1695//3309 1632//3309
f 1632//3310 1633//3310 1696//3310
f 1697//3311 1696//3311 1633//3311
f 1634//3312 1635//3312 1698//3312
f 1699//3313 1698//3313 1635//3313
f 1635//3314 1636//3314 1699//3314
f 1700//3315 1699//3315 1636//3315
f 1636//3316 1637//3316 1700//3316
f 1701//3317 1700//3317 1637//3317
f 1637//3318 1638//3318 1701//3318
f 1702//3319 1701//3319 1638//3319
f 1638//3320 1639//3320 1702//3320
f 1703//3321 1702//3321 1639//3321
f 1639//3322 1640//3322 1703//3322
f 1704//3323 1703//3323 1640//3323
f 1640//3324 1641//3324 1704//3324
f 1705//3325 1704//3325 1641//3325
f 1641//3326 1642//3326 1705//3326
f 1706//3327 1705//3327 1642//3327
f 1642//3328 1643//3328 1706//3328
f 1707//3329 1706//3329 1643//3329
f 1643//3330 1644//3330 1707//3330
f 1708//3331 1707//3331 1644//3331
f 1644//3332 1645//3332 1708//3332
f 1709//3333 1708//3333 1645//3333
f 1645//3334 1646//3334 1709//3334
f 1710//3335 1709//3335 1646//3335
f 1646//3336 1647//3336 1710//3336
f 1711//3337 1710//3337 1647//3337
f 1647//3338 1648//3338 1711//3338
f 1712//3339 1711//3339 1648//3339
f 1648//3340 1649//3340 1712//3340
f 1713//3341 1712//3341 1649//3341
f 1649//3342 1650//3342 1713//3342
f 1714//3343 1713//3343 1650//3343
f 1697//3344 1634//3344 1761//3344
f 1698//3345 1761//3345 1634//3345
f 1650//3346 1651//3346 1714//3346
f 1715//3347 1714//3347 1651//3347
f 1651//3348 1652//3348 1715//3348
f 1716//3349 1715//3349 1652//3349
f 1652//3350 1653//3350 1716//3350
f 1717//3351 1716//3351 1653//3351
f 1653//3352 1654//3352 1717//3352
f 1718//3353 1717//3353 1654//3353
f 1654//3354 1655//3354 1718//3354
f 1719//3355 1718//3355 1655//3355
f 1655//3356 1656//3356 1719//3356
f 1720//3357 1719//3357 1656//3357
f 1656//3358 1657//3358 1720//3358
f 1721//3359 1720//3359 1657//3359
f 1657//3360 1658//3360 1721//3360
f 1722//3361 1721//3361 1658//3361
f 1658//3362 1659//3362 1722//3362
f 1723//3363 1722//3363 1659//3363
f 1659//3364 1660//3364 1723//3364
f 1724//3365 1723//3365 1660//3365
f 1660//3366 1661//3366 1724//3366
f 1725//3367 1724//3367 1661//3367
f 1661//3368 1662//3368 1725//3368
f 1726//3369 1725//3369 1662//3369
f 1662//3370 1663//3370 1726//3370
f 1727//3371 1726//3371 1663//3371
f 1663//3372 1664//3372 1727//3372
f 1728//3373 1727//3373 1664//3373
f 1664//3374 1665//3374 1728//3374
f 1729//3375 1728//3375 1665//3375
f 1665//3376 1666//3376 1729//3376
f 1730//3377 1729//3377 1666//3377
f 1666//3378 1667//3378 1730//3378
f 1731//3379 1730//3379 1667//3379
f 1667//3380 1668//3380 1731//3380
f 1732//3381 1731//3381 1668//3381
f 1668//3382 1669//3382 1732//3382
f 1733//3383 1732//3383 1669//3383
f 1669//3384 1670//3384 1733//3384
f 1734//3385 1733//3385 1670//3385
f 1670//3386 1671//3386 1734//3386
f 1735//3387 1734//3387 1671//3387
f 1671//3388 1672//3388 1735//3388
f 1736//3389 1735//3389 1672//3389
f 1672//3390 1673//3390 1736//3390
f 1737//3391 1736//3391 1673//3391
f 1673//3392 1674//3392 1737//3392
f 1738//3393 1737//3393 1674//3393
f 1674//3394 1675//3394 1738//3394
f 1739//3395 1738//3395 1675//3395
f 1675//3396 1676//3396 1739//3396
f 1740//3397 1739//3397 1676//3397
f 1676//3398 1677//3398 1740//3398
f 1741//3399 1740//3399 1677//3399
f 1677//3400 1678//3400 1741//3400
f 1742//3401 1741//3401 1678//3401
f 1678//3402 1679//3402 1742//3402
f 1743//3403 1742//3403 1679//3403
f 1679//3404 1680//3404 1743//3404
f 1744//3405 1743//3405 1680//3405
f 1680//3406 1681//3406 1744//3406
f 1745//3407 1744//3407 1681//3407
f 1681//3408 1682//3408 1745//3408
f 1746//3409 1745//3409 1682//3409
f 1682//3410 1683//3410 1746//3410
f 1747//3411 1746//3411 1683//3411
f 1683//3412 1684//3412 1747//3412
f 1748//3413 1747//3413 1684//3413
f 1684//3414 1685//3414 1748//3414
f 1749//3415 1748//3415 1685//3415
f 1685//3416 1686//3416 1749//3416
f 1750//3417 1749//3417 1686//3417
f 1686//3418 1687//3418 1750//3418
f 1751//3419 1750//3419 1687//3419
f 1687//3420 1688//3420 1751//3420
f 1752//3421 1751//3421 1688//3421
f 1688//3422 1689//3422 1752//3422
f 1753//3423 1752//3423 1689//3423
f 1689//3424 1690//3424 1753//3424
f 1754//3425 1753//3425 1690//3425
f 1690//3426 1691//3426 1754//3426
f 1755//3427 1754//3427 1691//3427
f 1691//3428 1692//3428 1755//3428
f 1756//3429 1755//3429 1692//3429
f 1692//3430 1693//3430 1756//3430
f 1757//3431 1756//3431 1693//3431
f 1693//3432 1694//3432 1757//3432
f 1758//3433 1757//3433 1694//3433
f 1694//3434 1695//3434 1758//3434
f 1759//3435 1758//3435 1695//3435
f 1695//3436 1696//3436 1759//3436
f 1760//3437 1759//3437 1696//3437
f 1696//3438 1697//3438 1760//3438
f 1761//3439 1760//3439 1697//3439
f 1698//3440 1699//3440 1762//3440
f 1763//3441 1762//3441 1699//3441
f 1699//3442 1700//3442 1763//3442
f 1764//3443 1763//3443 1700//3443
f 1700//3444 1701//3444 1764//3444
f 1765//3445 1764//3445 1701//3445
f 1701//3446 1702//3446 1765//3446
f 1766//3447 1765//3447 1702//3447
f 1702//3448 1703//3448 1766//3448
f 1767//3449 1766//3449 1703//3449
f 1703//3450 1704//3450 1767//3450
f 1768//3451 1767//3451 1704//3451
f 1704//3452 1705//3452 1768//3452
f 1769//3453 1768//3453 1705//3453
f 1705//3454 1706//3454 1769//3454
f 1770//3455 1769//3455 1706//3455
f 1706//3456 1707//3456 1770//3456
f 1771//3457 1770//3457 1707//3457
f 1707//3458 1708//3458 1771//3458
f 1772//3459 1771//3459 1708//3459
f 1708//3460 1709//3460 1772//3460
f 1773//3461 1772//3461 1709//3461
f 1709//3462 1710//3462 1773//3462
f 1774//3463 1773//3463 1710//3463
f 1710//3464 1711//3464 1774//3464
f 1775//3465 1774//3465 1711//3465
f 1711//3466 1712//3466 1775//3466
f 1776//3467 1775//3467 1712//3467
f 1712//3468 1713//3468 1776//3468
f 1777//3469 1776//3469 1713//3469
f 1713//3470 1714//3470 1777//3470
f 1778//3471 1777//3471 1714//3471
f 1761//3472 1698//3472 1825//3472
f 1762//3473 1825//3473 1698//3473
f 1714//3474 1715//3474 1778//3474
f 1779//3475 1778//3475 1715//3475
f 1715//3476 1716//3476 1779//3476
f 1780//3477 1779//3477 1716//3477
f 1716//3478 1717//3478 1780//3478
f 1781//3479 1780//3479 1717//3479
f 1717//3480 1718//3480 1781//3480
f 1782//3481 1781//3481 1718//3481
f 1718//3482 1719//3482 1782//3482
f 1783//3483 1782//3483 1719//3483
f 1719//3484 1720//3484 1783//3484
f 1784//3485 1783//3485 1720//3485
f 1720//3486 1721//3486 1784//3486
f 1785//3487 1784//3487 1721//3487
f 1721//3488 1722//3488 1785//3488
f 1786//3489 1785//3489 1722//3489
f 1722//3490 1723//3490 1786//3490
f 1787//3491 1786//3491 1723//3491
f 1723//3492 1724//3492 1787//3492
f 1788//3493 1787//3493 1724//3493
f 1724//3494 1725//3494 1788//3494
f 1789//3495 1788//3495 1725//3495
f 1725//3496 1726//3496 1789//3496
f 1790//3497 1789//3497 1726//3497
f 1726//3498 1727//3498 1790//3498
f 1791//3499 1790//3499 1727//3499
f 1727//3500 1728//3500 1791//3500
f 1792//3501 1791//3501 1728//3501
f 1728//3502 1729//3502 1792//3502
f 1793//3503 1792//3503 1729//3503
f 1729//3504 1730//3504 1793//3504
f 1794//3505 1793//3505 1730//3505
f 1730//3506 1731//3506 1794//3506
f 1795//3507 1794//3507 1731//3507
f 1731//3508 1732//3508 1795//3508
f 1796//3509 1795//3509 1732//3509
f 1732//3510 1733//3510 1796//3510
f 1797//3511 1796//3511 1733//3511
f 1733//3512 1734//3512 1797//3512
f 1798//3513 1797//3513 1734//3513
f 1734//3514 1735//3514 1798//3514
f 1799//3515 1798//3515 1735//3515
f 1735//3516 1736//3516 1799//3516
f 1800//3517 1799//3517 1736//3517
f 1736//3518 1737//3518 1800//3518
f 1801//3519 1800//3519 1737//3519
f 1737//3520 1738//3520 1801//3520
f 1802//3521 1801//3521 1738//3521
f 1738//3522 1739//3522 1802//3522
f 1803//3523 1802//3523 1739//3523
f 1739//3524 1740//3524 1803//3524
f 1804//3525 1803//3525 1740//3525
f 1740//3526 1741//3526 1804//3526
f 1805//3527 1804//3527 1741//3527
f 1741//3528 1742//3528 1805//3528
f 1806//3529 1805//3529 1742//3529
f 1742//3530 1743//3530 1806//3530
f 1807//3531 1806//3531 1743//3531
f 1743//3532 1744//3532 1807//3532
f 1808//3533 1807//3533 1744//3533
f 1744//3534 1745//3534 1808//3534
f 1809//3535 1808//3535 1745//3535
f 1745//3536 1746//3536 1809//3536
f 1810//3537 1809//3537 1746//3537
f 1746//3538 1747//3538 1810//3538
f 1811//3539 1810//3539 1747//3539
f 1747//3540 1748//3540 1811//3540
f 1812//3541 1811//3541 1748//3541
f 1748//3542 1749//3542 1812//3542
f 1813//3543 1812//3543 1749//3543
f 1749//3544 1750//3544 1813//3544
f 1814//3545 1813//3545 1750//3545
f 1750//3546 1751//3546 1814//3546
f 1815//3547 1814//3547 1751//3547
f 1751//3548 1752//3548 1815//3548
f 1816//3549 1815//3549 1752//3549
f 1752//3550 1753//3550 1816//3550
f 1817//3551 1816//3551 1753//3551
f 1753//3552 1754//3552 1817//3552
f 1818//3553 1817//3553 1754//3553
f 1754//3554 1755//3554 1818//3554
f 1819//3555 1818//3555 1755//3555
f 1755//3556 1756//3556 1819//3556
f 1820//3557 1819//3557 1756//3557
f 1756//3558 1757//3558 1820//3558
f 1821//3559 1820//3559 1757//3559
f 1757//3560 1758//3560 1821//3560
f 1822//3561 1821//3561 1758//3561
f 1758//3562 1759//3562 1822//3562
f 1823//3563 1822//3563 1759//3563
f 1759//3564 1760//3564 1823//3564
f 1824//3565 1823//3565 1760//3565
f 1760//3566 1761//3566 1824//3566
f 1825//3567 1824//3567 1761//3567
f 1762//3568 1763//3568 1826//3568
f 1827//3569 1826//3569 1763//3569
f 1763//3570 1764//3570 1827//3570
f 1828//3571 1827//3571 1764//3571
f 1764//3572 1765//3572 1828//3572
f 1829//3573 1828//3573 1765//3573
f 1765//3574 1766//3574 1829//3574
f 1830//3575 1829//3575 1766//3575
f 1766//3576 1767//3576 1830//3576
f 1831//3577 1830//3577 1767//3577
f 1767//3578 1768//3578 1831//3578
f 1832//3579 1831//3579 1768//3579
f 1768//3580 1769//3580 1832//3580
f 1833//3581 1832//3581 1769//3581
f 1769//3582 1770//3582 1833//3582
f 1834//3583 1833//3583 1770//3583
f 1770//3584 1771//3584 1834//3584
f 1835//3585 1834//3585 1771//3585
f 1771//3586 1772//3586 1835//3586
f 1836//3587 1835//3587 1772//3587
f 1772//3588 1773//3588 1836//3588
f 1837//3589 1836//3589 1773//3589
f 1773//3590 1774//3590 1837//3590
f 1838//3591 1837//3591 1774//3591
f 1774//3592 1775//3592 1838//3592
f 1839//3593 1838//3593 1775//3593
f 1775//3594 1776//3594 1839//3594
f 1840//3595 1839//3595 1776//3595
f 1776//3596 1777//3596 1840//3596
f 1841//3597 1840//3597 1777//3597
f 1777//3598 1778//3598 1841//3598
f 1842//3599 1841//3599 1778//3599
f 1825//3600 1762//3600 1889//3600
f 1826//3601 1889//3601 1762//3601
f 1778//3602 1779//3602 1842//3602
f 1843//3603 1842//3603 1779//3603
f 1779//3604 1780//3604 1843//3604
f 1844//3605 1843//3605 1780//3605
f 1780//3606 1781//3606 1844//3606
f 1845//3607 1844//3607 1781//3607
f 1781//3608 1782//3608 1845//3608
f 1846//3609 1845//3609 1782//3609
f 1782//3610 1783//3610 1846//3610
f 1847//3611 1846//3611 1783//3611
f 1783//3612 1784//3612 1847//3612
f 1848//3613 1847//3613 1784//3613
f 1784//3614 1785//3614 1848//3614
f 1849//3615 1848//3615 1785//3615
f 1785//3616 1786//3616 1849//3616
f 1850//3617 1849//3617 1786//3617
f 1786//3618 1787//3618 1850//3618
f 1851//3619 1850//3619 1787//3619
f 1787//3620 1788//3620 1851//3620
f 1852//3621 1851//3621 1788//3621
f 1788//3622 1789//3622 1852//3622
f 1853//3623 1852//3623 1789//3623
f 1789//3624 1790//3624 1853//3624
f 1854//3625 1853//3625 1790//3625
f 1790//3626 1791//3626 1854//3626
f 1855//3627 1854//3627 1791//3627
f 1791//3628 1792//3628 1855//3628
f 1856//3629 1855//3629 1792//3629
f 1792//3630 1793//3630 1856//3630
f 1857//3631 1856//3631 1793//3631
f 1793//3632 1794//3632 1857//3632
f 1858//3633 1857//3633 1794//3633
f 1794//3634 1795//3634 1858//3634
f 1859//3635 1858//3635 1795//3635
f 1795//3636 1796//3636 1859//3636
f 1860//3637 1859//3637 1796//3637
f 1796//3638 1797//3638 1860//3638
f 1861//3639 1860//3639 1797//3639
f 1797//3640 1798//3640 1861//3640
f 1862//3641 1861//3641 1798//3641
f 1798//3642 1799//3642 1862//3642
f 1863//3643 1862//3643 1799//3643
f 1799//3644 1800//3644 1863//3644
f 1864//3645 1863//3645 1800//3645
f 1800//3646 1801//3646 1864//3646
f 1865//3647 1864//3647 1801//3647
f 1801//3648 1802//3648 1865//3648
f 1866//3649 1865//3649 1802//3649
f 1802//3650 1803//3650 1866//3650
f 1867//3651 1866//3651 1803//3651
f 1803//3652 1804//3652 1867//3652
f 1868//3653 1867//3653 1804//3653
f 1804//3654 1805//3654 1868//3654
f 1869//3655 1868//3655 1805//3655
f 1805//3656 1806//3656 1869//3656
f 1870//3657 1869//3657 1806//3657
f 1806//3658 1807//3658 1870//3658
f 1871//3659 1870//3659 1807//3659
f 1807//3660 1808//3660 1871//3660
f 1872//3661 1871//3661 1808//3661
f 1808//3662 1809//3662 1872//3662
f 1873//3663 1872//3663 1809//3663
f 1809//3664 1810//3664 1873//3664
f 1874//3665 1873//3665 1810//3665
f 1810//3666 1811//3666 1874//3666
f 1875//3667 1874//3667 1811//3667
f 1811//3668 1812//3668 1875//3668
f 1876//3669 1875//3669 1812//3669
f 1812//3670 1813//3670 1876//3670
f 1877//3671 1876//3671 1813//3671
f 1813//3672 1814//3672 1877//3672
f 1878//3673 1877//3673 1814//3673
f 1814//3674 1815//3674 1878//3674
f 1879//3675 1878//3675 1815//3675
f 1815//3676 1816//3676 1879//3676
f 1880//3677 1879//3677 1816//3677
f 1816//3678 1817//3678 1880//3678
f 1881//3679 1880//3679 1817//3679
f 1817//3680 1818//3680 1881//3680
f 1882//3681 1881//3681 1818//3681
f 1818//3682 1819//3682 1882//3682
f 1883//3683 1882//3683 1819//3683
f 1819//3684 1820//3684 1883//3684
f 1884//3685 1883//3685 1820//3685
f 1820//3686 1821//3686 1884//3686
f 1885//3687 1884//3687 1821//3687
f 1821//3688 1822//3688 1885//3688
f 1886//3689 1885//3689 1822//3689
f 1822//3690 1823//3690 1886//3690
f 1887//3691 1886//3691 1823//3691
f 1823//3692 1824//3692 1887//3692
f 1888//3693 1887//3693 1824//3693
f 1824//3694 1825//3694 1888//3694
f 1889//3695 1888//3695 1825//3695
f 1826//3696 1827//3696 1890//3696
f 1891//3697 1890//3697 1827//3697
f 1827//3698 1828//3698 1891//3698
f 1892//3699 1891//3699 1828//3699
f 1828//3700 1829//3700 1892//3700
f 1893//3701 1892//3701 1829//3701
f 1829//3702 1830//3702 1893//3702
f 1894//3703 1893//3703 1830//3703
f 1830//3704 1831//3704 1894//3704
f 1895//3705 1894//3705 1831//3705
f 1831//3706 1832//3706 1895//3706
f 1896//3707 1895//3707 1832//3707
f 1832//3708 1833//3708 1896//3708
f 1897//3709 1896//3709 1833//3709
f 1833//3710 1834//3710 1897//3710
f 1898//3711 1897//3711 1834//3711
f 1834//3712 1835//3712 1898//3712
f 1899//3713 1898//3713 1835//3713
f 1835//3714 1836//3714 1899//3714
f 1900//3715 1899//3715 1836//3715
f 1836//3716 1837//3716 1900//3716
f 1901//3717 1900//3717 1837//3717
f 1837//3718 1838//3718 1901//3718
f 1902//3719 1901//3719 1838//3719
f 1838//3720 1839//3720 1902//3720
f 1903//3721 1902//3721 1839//3721
f 1839//3722 1840//3722 1903//3722
f 1904//3723 1903//3723 1840//3723
f 1840//3724 1841//3724 1904//3724
f 1905//3725 1904//3725 1841//3725
f 1841//3726 1842//3726 1905//3726
f 1906//3727 1905//3727 1842//3727
f 1889//3728 1826//3728 1953//3728
f 1890//3729 1953//3729 1826//3729
f 1842//3730 1843//3730 1906//3730
f 1907//3731 1906//3731 1843//3731
f 1843//3732 1844//3732 1907//3732
f 1908//3733 1907//3733 1844//3733
f 1844//3734 1845//3734 1908//3734
f 1909//3735 1908//3735 1845//3735
f 1845//3736 1846//3736 1909//3736
f 1910//3737 1909//3737 1846//3737
f 1846//3738 1847//3738 1910//3738
f 1911//3739 1910//3739 1847//3739
f 1847//3740 1848//3740 1911//3740
f 1912//3741 1911//3741 1848//3741
f 1848//3742 1849//3742 1912//3742
f 1913//3743 1912//3743 1849//3743
f 1849//3744 1850//3744 1913//3744
f 1914//3745 1913//3745 1850//3745
f 1850//3746 1851//3746 1914//3746
f 1915//3747 1914//3747 1851//3747
f 1851//3748 1852//3748 1915//3748
f 1916//3749 1915//3749 1852//3749
f 1852//3750 1853//3750 1916//3750
f 1917//3751 1916//3751 1853//3751
f 1853//3752 1854//3752 1917//3752
f 1918//3753 1917//3753 1854//3753
f 1854//3754 1855//3754 1918//3754
f 1919//3755 1918//3755 1855//3755
f 1855//3756 1856//3756 1919//3756
f 1920//3757 1919//3757 1856//3757
f 1856//3758 1857//3758 1920//3758
f 1921//3759 1920//3759 1857//3759
f 1857//3760 1858//3760 1921//3760
f 1922//3761 1921//3761 1858//3761
f 1858//3762 1859//3762 1922//3762
f 1923//3763 1922//3763 1859//3763
f 1859//3764 1860//3764 1923//3764
f 1924//3765 1923//3765 1860//3765
f 1860//3766 1861//3766 1924//3766
f 1925//3767 1924//3767 1861//3767
f 1861//3768 1862//3768 1925//3768
f 1926//3769 1925//3769 1862//3769
f 1862//3770 1863//3770 1926//3770
f 1927//3771 1926//3771 1863//3771
f 1863//3772 1864//3772 1927//3772
f 1928//3773 1927//3773 1864//3773
f 1864//3774 1865//3774 1928//3774
f 1929//3775 1928//3775 1865//3775
f 1865//3776 1866//3776 1929//3776
f 1930//3777 1929//3777 1866//3777
f 1866//3778 1867//3778 1930//3778
f 1931//3779 1930//3779 1867//3779
f 1867//3780 1868//3780 1931//3780
f 1932//3781 1931//3781 1868//3781
f 1868//3782 1869//3782 1932//3782
f 1933//3783 1932//3783 1869//3783
f 1869//3784 1870//3784 1933//3784
f 1934//3785 1933//3785 1870//3785
f 1870//3786 1871//3786 1934//3786
f 1935//3787 1934//3787 1871//3787
f 1871//3788 1872//3788 1935//3788
f 1936//3789 1935//3789 1872//3789
f 1872//3790 1873//3790 1936//3790
f 1937//3791 1936//3791 1873//3791
f 1873//3792 1874//3792 1937//3792
f 1938//3793 1937//3793 1874//3793
f 1874//3794 1875//3794 1938//3794
f 1939//3795 1938//3795 1875//3795
f 1875//3796 1876//3796 1939//3796
f 1940//3797 1939//3797 1876//3797
f 1876//3798 1877//3798 1940//3798
f 1941//3799 1940//3799 1877//3799
f 1877//3800 1878//3800 1941//3800
f 1942//3801 1941//3801 1878//3801
f 1878//3802 1879//3802 1942//3802
f 1943//3803 1942//3803 1879//3803
f 1879//3804 1880//3804 1943//3804
f 1944//3805 1943//3805 1880//3805
f 1880//3806 1881//3806 1944//3806
f 1945//3807 1944//3807 1881//3807
f 1881//3808 1882//3808 1945//3808
f 1946//3809 1945//3809 1882//3809
f 1882//3810 1883//3810 1946//3810
f 1947//3811 1946//3811 1883//3811
f 1883//3812 1884//3812 1947//3812
f 1948//3813 1947//3813 1884//3813
f 1884//3814 1885//3814 1948//3814
f 1949//3815 1948//3815 1885//3815
f 1885//3816 1886//3816 1949//3816
f 1950//3817 1949//3817 1886//3817
f 1886//3818 1887//3818 1950//3818
f 1951//3819 1950//3819 1887//3819
f 1887//3820 1888//3820 1951//3820
f 1952//3821 1951//3821 1888//3821
f 1888//3822 1889//3822 1952//3822
f 1953//3823 1952//3823 1889//3823
f 1890//3824 1891//3824 1954//3824
f 1955//3825 1954//3825 1891//3825
f 1891//3826 1892//3826 1955//3826
f 1956//3827 1955//3827 1892//3827
f 1892//3828 1893//3828 1956//3828
f 1957//3829 1956//3829 1893//3829
f 1893//3830 1894//3830 1957//3830
f 1958//3831 1957//3831 1894//3831
f 1894//3832 1895//3832 1958//3832
f 1959//3833 1958//3833 1895//3833
f 1895//3834 1896//3834 1959//3834
f 1960//3835 1959//3835 1896//3835
f 1896//3836 1897//3836 1960//3836
f 1961//3837 1960//3837 1897//3837
f 1897//3838 1898//3838 1961//3838
f 1962//3839 1961//3839 1898//3839
f 1898//3840 1899//3840 1962//3840
f 1963//3841 1962//3841 1899//3841
f 1899//3842 1900//3842 1963//3842
f 1964//3843 1963//3843 1900//3843
f 1900//3844 1901//3844 1964//3844
f 1965//3845 1964//3845 1901//3845
f 1901//3846 1902//3846 1965//3846
f 1966//3847 1965//3847 1902//3847
f 1902//3848 1903//3848 1966//3848
f 1967//3849 1966//3849 1903//3849
f 1903//3850 1904//3850 1967//3850
f 1968//3851 1967//3851 1904//3851
f 1904//3852 1905//3852 1968//3852
f 1969//3853 1968//3853 1905//3853
f 1905//3854 1906//3854 1969//3854
f 1970//3855 1969//3855 1906//3855
f 1953//3856 1890//3856 2017//3856
f 1954//3857 2017//3857 1890//3857
f 1906//3858 1907//3858 1970//3858
f 1971//3859 1970//3859 1907//3859
f 1907//3860 1908//3860 1971//3860
f 1972//3861 1971//3861 1908//3861
f 1908//3862 1909//3862 1972//3862
f 1973//3863 1972//3863 1909//3863
f 1909//3864 1910//3864 1973//3864
f 1974//3865 1973//3865 1910//3865
f 1910//3866 1911//3866 1974//3866
f 1975//3867 1974//3867 1911//3867
f 1911//3868 1912//3868 1975//3868
f 1976//3869 1975//3869 1912//3869
f 1912//3870 1913//3870 1976//3870
f 1977//3871 1976//3871 1913//3871
f 1913//3872 1914//3872 1977//3872
f 1978//3873 1977//3873 1914//3873
f 1914//3874 1915//3874 1978//3874
f 1979//3875 1978//3875 1915//3875
f 1915//3876 1916//3876 1979//3876
f 1980//3877 1979//3877 1916//3877
f 1916//3878 1917//3878 1980//3878
f 1981//3879 1980//3879 1917//3879
f 1917//3880 1918//3880 1981//3880
f 1982//3881 1981//3881 1918//3881
f 1918//3882 1919//3882 1982//3882
f 1983//3883 1982//3883 1919//3883
f 1919//3884 1920//3884 1983//3884
f 1984//3885 1983//3885 1920//3885
f 1920//3886 1921//3886 1984//3886
f 1985//3887 1984//3887 1921//3887
f 1921//3888 1922//3888 1985//3888
f 1986//3889 1985//3889 1922//3889
f 1922//3890 1923//3890 1986//3890
f 1987//3891 1986//3891 1923//3891
f 1923//3892 1924//3892 1987//3892
f 1988//3893 1987//3893 1924//3893
f 1924//3894 1925//3894 1988//3894
f 1989//3895 1988//3895 1925//3895
f 1925//3896 1926//3896 1989//3896
f 1990//3897 1989//3897 1926//3897
f 1926//3898 1927//3898 1990//3898
f 1991//3899 1990//3899 1927//3899
f 1927//3900 1928//3900 1991//3900
f 1992//3901 1991//3901 1928//3901
f 1928//3902 1929//3902 1992//3902
f 1993//3903 1992//3903 1929//3903
f 1929//3904 1930//3904 1993//3904
f 1994//3905 1993//3905 1930//3905
f 1930//3906 1931//3906 1994//3906
f 1995//3907 1994//3907 1931//3907
f 1931//3908 1932//3908 1995//3908
f 1996//3909 1995//3909 1932//3909
f 1932//3910 1933//3910 1996//3910
f 1997//3911 1996//3911 1933//3911
f 1933//3912 1934//3912 1997//3912
f 1998//3913 1997//3913 1934//3913
f 1934//3914 1935//3914 1998//3914
f 1999//3915 1998//3915 1935//3915
f 1935//3916 1936//3916 1999//3916
f 2000//3917 1999//3917 1936//3917
f 1936//3918 1937//3918 2000//3918
f 2001//3919 2000//3919 1937//3919
f 1937//3920 1938//3920 2001//3920
f 2002//3921 2001//3921 1938//3921
f 1938//3922 1939//3922 2002//3922
f 2003//3923 2002//3923 1939//3923
f 1939//3924 1940//3924 2003//3924
f 2004//3925 2003//3925 1940//3925
f 1940//3926 1941//3926 2004//3926
f 2005//3927 2004//3927 1941//3927
f 1941//3928 1942//3928 2005//3928
f 2006//3929 2005//3929 1942//3929
f 1942//3930 1943//3930 2006//3930
f 2007//3931 2006//3931 1943//3931
f 1943//3932 1944//3932 2007//3932
f 2008//3933 2007//3933 1944//3933
f 1944//3934 1945//3934 2008//3934
f 2009//3935 2008//3935 1945//3935
f 1945//3936 1946//3936 2009//3936
f 2010//3937 2009//3937 1946//3937
f 1946//3938 1947//3938 2010//3938
f 2011//3939 2010//3939 1947//3939
f 1947//3940 1948//3940 2011//3940
f 2012//3941 2011//3941 1948//3941
f 1948//3942 1949//3942 2012//3942
f 2013//3943 2012//3943 1949//3943
f 1949//3944 1950//3944 2013//3944
f 2014//3945 2013//3945 1950//3945
f 1950//3946 1951//3946 2014//3946
f 2015//3947 2014//3947 1951//3947
f 1951//3948 1952//3948 2015//3948
f 2016//3949 2015//3949 1952//3949
f 1952//3950 1953//3950 2016//3950
f 2017//3951 2016//3951 1953//3951
f 1954//3952 1955//3952 2018//3952
f 2019//3953 2018//3953 1955//3953
f 1955//3954 1956//3954 2019//3954
f 2020//3955 2019//3955 1956//3955
f 1956//3956 1957//3956 2020//3956
f 2021//3957 2020//3957 1957//3957
f 1957//3958 1958//3958 2021//3958
f 2022//3959 2021//3959 1958//3959
f 1958//3960 1959//3960 2022//3960
f 2023//3961 2022//3961 1959//3961
f 1959//3962 1960//3962 2023//3962
f 2024//3963 2023//3963 1960//3963
f 1960//3964 1961//3964 2024//3964
f 2025//3965 2024//3965 1961//3965
f 1961//3966 1962//3966 2025//3966
f 2026//3967 2025//3967 1962//3967
f 1962//3968 1963//3968 2026//3968
f 2027//3969 2026//3969 1963//3969
f 1963//3970 1964//3970 2027//3970
f 2028//3971 2027//3971 1964//3971
f 1964//3972 1965//3972 2028//3972
f 2029//3973 2028//3973 1965//3973
f 1965//3974 1966//3974 2029//3974
f 2030//3975 2029//3975 1966//3975
f 1966//3976 1967//3976 2030//3976
f 2031//3977 2030//3977 1967//3977
f 1967//3978 1968//3978 2031//3978
f 2032//3979 2031//3979 1968//3979
f 1968//3980 1969//3980 2032//3980
f 2033//3981 2032//3981 1969//3981
f 1969//3982 1970//3982 2033//3982
f 2034//3983 2033//3983 1970//3983
f 2017//3984 1954//3984 2081//3984
f 2018//3985 2081//3985 1954//3985
f 1970//3986 1971//3986 2034//3986
f 2035//3987 2034//3987 1971//3987
f 1971//3988 1972//3988 2035//3988
f 2036//3989 2035//3989 1972//3989
f 1972//3990 1973//3990 2036//3990
f 2037//3991 2036//3991 1973//3991
f 1973//3992 1974//3992 2037//3992
f 2038//3993 2037//3993 1974//3993
f 1974//3994 1975//3994 2038//3994
f 2039//3995 2038//3995 1975//3995
f 1975//3996 1976//3996 2039//3996
f 2040//3997 2039//3997 1976//3997
f 1976//3998 1977//3998 2040//3998
f 2041//3999 2040//3999 1977//3999
f 1977//4000 1978//4000 2041//4000
f 2042//4001 2041//4001 1978//4001
f 1978//4002 1979//4002 2042//4002
f 2043//4003 2042//4003 1979//4003
f 1979//4004 1980//4004 2043//4004
f 2044//4005 2043//4005 1980//4005
f 1980//4006 1981//4006 2044//4006
f 2045//4007 2044//4007 1981//4007
f 1981//4008 1982//4008 2045//4008
f 2046//4009 2045//4009 1982//4009
f 1982//4010 1983//4010 2046//4010
f 2047//4011 2046//4011 1983//4011
f 1983//4012 1984//4012 2047//4012
f 2048//4013 2047//4013 1984//4013
f 1984//4014 1985//4014 2048//4014
f 2049//4015 2048//4015 1985//4015
f 1985//4016 1986//4016 2049//4016
f 2050//4017 2049//4017 1986//4017
f 1986//4018 1987//4018 2050//4018
f 2051//4019 2050//4019 1987//4019
f 1987//4020 1988//4020 2051//4020
f 2052//4021 2051//4021 1988//4021
f 1988//4022 1989//4022 2052//4022
f 2053//4023 2052//4023 1989//4023
f 1989//4024 1990//4024 2053//4024
f 2054//4025 2053//4025 1990//4025
f 1990//4026 1991//4026 2054//4026
f 2055//4027 2054//4027 1991//4027
f 1991//4028 1992//4028 2055//4028
f 2056//4029 2055//4029 1992//4029
f 1992//4030 1993//4030 2056//4030
f 2057//4031 2056//4031 1993//4031
f 1993//4032 1994//4032 2057//4032
f 2058//4033 2057//4033 1994//4033
f 1994//4034 1995//4034 2058//4034
f 2059//4035 2058//4035 1995//4035
f 1995//4036 1996//4036 2059//4036
f 2060//4037 2059//4037 1996//4037
f 1996//4038 1997//4038 2060//4038
f 2061//4039 2060//4039 1997//4039
f 1997//4040 1998//4040 2061//4040
f 2062//4041 2061//4041 1998//4041
f 1998//4042 1999//4042 2062//4042
f 2063//4043 2062//4043 1999//4043
f 1999//4044 2000//4044 2063//4044
f 2064//4045 2063//4045 2000//4045
f 2000//4046 2001//4046 2064//4046
f 2065//4047 2064//4047 2001//4047
f 2001//4048 2002//4048 2065//4048
f 2066//4049 2065//4049 2002//4049
f 2002//4050 2003//4050 2066//4050
f 2067//4051 2066//4051 2003//4051
f 2003//4052 2004//4052 2067//4052
f 2068//4053 2067//4053 2004//4053
f 2004//4054 2005//4054 2068//4054
f 2069//4055 2068//4055 2005//4055
f 2005//4056 2006//4056 2069//4056
f 2070//4057 2069//4057 2006//4057
f 2006//4058 2007//4058 2070//4058
f 2071//4059 2070//4059 2007//4059
f 2007//4060 2008//4060 2071//4060
f 2072//4061 2071//4061 2008//4061
f 2008//4062 2009//4062 2072//4062
f 2073//4063 2072//4063 2009//4063
f 2009//4064 2010//4064 2073//4064
f 2074//4065 2073//4065 2010//4065
f 2010//4066 2011//4066 2074//4066
f 2075//4067 2074//4067 2011//4067
f 2011//4068 2012//4068 2075//4068
f 2076//4069 2075//4069 2012//4069
f 2012//4070 2013//4070 2076//4070
f 2077//4071 2076//4071 2013//4071
f 2013//4072 2014//4072 2077//4072
f 2078//4073 2077//4073 2014//4073
f 2014//4074 2015//4074 2078//4074
f 2079//4075 2078//4075 2015//4075
f 2015//4076 2016//4076 2079//4076
f 2080//4077 2079//4077 2016//4077
f 2016//4078 2017//4078 2080//4078
f 2081//4079 2080//4079 2017//4079
f 2018//4080 2019//4080 2082//4080
f 2083//4081 2082//4081 2019//4081
f 2019//4082 2020//4082 2083//4082
f 2084//4083 2083//4083 2020//4083
f 2020//4084 2021//4084 2084//4084
f 2085//4085 2084//4085 2021//4085
f 2021//4086 2022//4086 2085//4086
f 2086//4087 2085//4087 2022//4087
f 2022//4088 2023//4088 2086//4088
f 2087//4089 2086//4089 2023//4089
f 2023//4090 2024//4090 2087//4090
f 2088//4091 2087//4091 2024//4091
f 2024//4092 2025//4092 2088//4092
f 2089//4093 2088//4093 2025//4093
f 2025//4094 2026//4094 2089//4094
f 2090//4095 2089//4095 2026//4095
f 2026//4096 2027//4096 2090//4096
f 2091//4097 2090//4097 2027//4097
f 2027//4098 2028//4098 2091//4098
f 2092//4099 2091//4099 2028//4099
f 2028//4100 2029//4100 2092//4100
f 2093//4101 2092//4101 2029//4101
f 2029//4102 2030//4102 2093//4102
f 2094//4103 2093//4103 2030//4103
f 2030//4104 2031//4104 2094//4104
f 2095//4105 2094//4105 2031//4105
f 2031//4106 2032//4106 2095//4106
f 2096//4107 2095//4107 2032//4107
f 2032//4108 2033//4108 2096//4108
f 2097//4109 2096//4109 2033//4109
f 2033//4110 2034//4110 2097//4110
f 2098//4111 2097//4111 2034//4111
f 2081//4112 2018//4112 2145//4112
f 2082//4113 2145//4113 2018//4113
f 2034//4114 2035//4114 2098//4114
f 2099//4115 2098//4115 2035//4115
f 2035//4116 2036//4116 2099//4116
f 2100//4117 2099//4117 2036//4117
f 2036//4118 2037//4118 2100//4118
f 2101//4119 2100//4119 2037//4119
f 2037//4120 2038//4120 2101//4120
f 2102//4121 2101//4121 2038//4121
f 2038//4122 2039//4122 2102//4122
f 2103//4123 2102//4123 2039//4123
f 2039//4124 2040//4124 2103//4124
f 2104//4125 2103//4125 2040//4125
f 2040//4126 2041//4126 2104//4126
f 2105//4127 2104//4127 2041//4127
f 2041//4128 2042//4128 2105//4128
f 2106//4129 2105//4129 2042//4129
f 2042//4130 2043//4130 2106//4130
f 2107//4131 2106//4131 2043//4131
f 2043//4132 2044//4132 2107//4132
f 2108//4133 2107//4133 2044//4133
f 2044//4134 2045//4134 2108//4134
f 2109//4135 2108//4135 2045//4135
f 2045//4136 2046//4136 2109//4136
f 2110//4137 2109//4137 2046//4137
f 2046//4138 2047//4138 2110//4138
f 2111//4139 2110//4139 2047//4139
f 2047//4140 2048//4140 2111//4140
f 2112//4141 2111//4141 2048//4141
f 2048//4142 2049//4142 2112//4142
f 2113//4143 2112//4143 2049//4143
f 2049//4144 2050//4144 2113//4144
f 2114//4145 2113//4145 2050//4145
f 2050//4146 2051//4146 2114//4146
f 2115//4147 2114//4147 2051//4147
f 2051//4148 2052//4148 2115//4148
f 2116//4149 2115//4149 2052//4149
f 2052//4150 2053//4150 2116//4150
f 2117//4151 2116//4151 2053//4151
f 2053//4152 2054//4152 2117//4152
f 2118//4153 2117//4153 2054//4153
f 2054//4154 2055//4154 2118//4154
f 2119//4155 2118//4155 2055//4155
f 2055//4156 2056//4156 2119//4156
f 2120//4157 2119//4157 2056//4157
f 2056//4158 2057//4158 2120//4158
f 2121//4159 2120//4159 2057//4159
f 2057//4160 2058//4160 2121//4160
f 2122//4161 2121//4161 2058//4161
f 2058//4162 2059//4162 2122//4162
f 2123//4163 2122//4163 2059//4163
f 2059//4164 2060//4164 2123//4164
f 2124//4165 2123//4165 2060//4165
f 2060//4166 2061//4166 2124//4166
f 2125//4167 2124//4167 2061//4167
f 2061//4168 2062//4168 2125//4168
f 2126//4169 2125//4169 2062//4169
f 2062//4170 2063//4170 2126//4170
f 2127//4171 2126//4171 2063//4171
f 2063//4172 2064//4172 2127//4172
f 2128//4173 2127//4173 2064//4173
f 2064//4174 2065//4174 2128//4174
f 2129//4175 2128//4175 2065//4175
f 2065//4176 2066//4176 2129//4176
f 2130//4177 2129//4177 2066//4177
f 2066//4178 2067//4178 2130//4178
f 2131//4179 2130//4179 2067//4179
f 2067//4180 2068//4180 2131//4180
f 2132//4181 2131//4181 2068//4181
f 2068//4182 2069//4182 2132//4182
f 2133//4183 2132//4183 2069//4183
f 2069//4184 2070//4184 2133//4184
f 2134//4185 2133//4185 2070//4185
f 2070//4186 2071//4186 2134//4186
f 2135//4187 2134//4187 2071//4187
f 2071//4188 2072//4188 2135//4188
f 2136//4189 2135//4189 2072//4189
f 2072//4190 2073//4190 2136//4190
f 2137//4191 2136//4191 2073//4191
f 2073//4192 2074//4192 2137//4192
f 2138//4193 2137//4193 2074//4193
f 2074//4194 2075//4194 2138//4194
f 2139//4195 2138//4195 2075//4195
f 2075//4196 2076//4196 2139//4196
f 2140//4197 2139//4197 2076//4197
f 2076//4198 2077//4198 2140//4198
f 2141//4199 2140//4199 2077//4199
f 2077//4200 2078//4200 2141//4200
f 2142//4201 2141//4201 2078//4201
f 2078//4202 2079//4202 2142//4202
f 2143//4203 2142//4203 2079//4203
f 2079//4204 2080//4204 2143//4204
f 2144//4205 2143//4205 2080//4205
f 2080//4206 2081//4206 2144//4206
f 2145//4207 2144//4207 2081//4207
f 2082//4208 2083//4208 2146//4208
f 2147//4209 2146//4209 2083//4209
f 2083//4210 2084//4210 2147//4210
f 2148//4211 2147//4211 2084//4211
f 2084//4212 2085//4212 2148//4212
f 2149//4213 2148//4213 2085//4213
f 2085//4214 2086//4214 2149//4214
f 2150//4215 2149//4215 2086//4215
f 2086//4216 2087//4216 2150//4216
f 2151//4217 2150//4217 2087//4217
f 2087//4218 2088//4218 2151//4218
f 2152//4219 2151//4219 2088//4219
f 2088//4220 2089//4220 2152//4220
f 2153//4221 2152//4221 2089//4221
f 2089//4222 2090//4222 2153//4222
f 2154//4223 2153//4223 2090//4223
f 2090//4224 2091//4224 2154//4224
f 2155//4225 2154//4225 2091//4225
f 2091//4226 2092//4226 2155//4226
f 2156//4227 2155//4227 2092//4227
f 2092//4228 2093//4228 2156//4228
f 2157//4229 2156//4229 2093//4229
f 2093//4230 2094//4230 2157//4230
f 2158//4231 2157//4231 2094//4231
f 2094//4232 2095//4232 2158//4232
f 2159//4233 2158//4233 2095//4233
f 2095//4234 2096//4234 2159//4234
f 2160//4235 2159//4235 2096//4235
f 2096//4236 2097//4236 2160//4236
f 2161//4237 2160//4237 2097//4237
f 2097//4238 2098//4238 2161//4238
f 2162//4239 2161//4239 2098//4239
f 2145//4240 2082//4240 2209//4240
f 2146//4241 2209//4241 2082//4241
f 2098//4242 2099//4242 2162//4242
f 2163//4243 2162//4243 2099//4243
f 2099//4244 2100//4244 2163//4244
f 2164//4245 2163//4245 2100//4245
f 2100//4246 2101//4246 2164//4246
f 2165//4247 2164//4247 2101//4247
f 2101//4248 2102//4248 2165//4248
f 2166//4249 2165//4249 2102//4249
f 2102//4250 2103//4250 2166//4250
f 2167//4251 2166//4251 2103//4251
f 2103//4252 2104//4252 2167//4252
f 2168//4253 2167//4253 2104//4253
f 2104//4254 2105//4254 2168//4254
f 2169//4255 2168//4255 2105//4255
f 2105//4256 2106//4256 2169//4256
f 2170//4257 2169//4257 2106//4257
f 2106//4258 2107//4258 2170//4258
f 2171//4259 2170//4259 2107//4259
f 2107//4260 2108//4260 2171//4260
f 2172//4261 2171//4261 2108//4261
f 2108//4262 2109//4262 2172//4262
f 2173//4263 2172//4263 2109//4263
f 2109//4264 2110//4264 2173//4264
f 2174//4265 2173//4265 2110//4265
f 2110//4266 2111//4266 2174//4266
f 2175//4267 2174//4267 2111//4267
f 2111//4268 2112//4268 2175//4268
f 2176//4269 2175//4269 2112//4269
f 2112//4270 2113//4270 2176//4270
f 2177//4271 2176//4271 2113//4271
f 2113//4272 2114//4272 2177//4272
f 2178//4273 2177//4273 2114//4273
f 2114//4274 2115//4274 2178//4274
f 2179//4275 2178//4275 2115//4275
f 2115//4276 2116//4276 2179//4276
f 2180//4277 2179//4277 2116//4277
f 2116//4278 2117//4278 2180//4278
f 2181//4279 2180//4279 2117//4279
f 2117//4280 2118//4280 2181//4280
f 2182//4281 2181//4281 2118//4281
f 2118//4282 2119//4282 2182//4282
f 2183//4283 2182//4283 2119//4283
f 2119//4284 2120//4284 2183//4284
f 2184//4285 2183//4285 2120//4285
f 2120//4286 2121//4286 2184//4286
f 2185//4287 2184//4287 2121//4287
f 2121//4288 2122//4288 2185//4288
f 2186//4289 2185//4289 2122//4289
f 2122//4290 2123//4290 2186//4290
f 2187//4291 2186//4291 2123//4291
f 2123//4292 2124//4292 2187//4292
f 2188//4293 2187//4293 2124//4293
f 2124//4294 2125//4294 2188//4294
f 2189//4295 2188//4295 2125//4295
f 2125//4296 2126//4296 2189//4296
f 2190//4297 2189//4297 2126//4297
f 2126//4298 2127//4298 2190//4298
f 2191//4299 2190//4299 2127//4299
f 2127//4300 2128//4300 2191//4300
f 2192//4301 2191//4301 2128//4301
f 2128//4302 2129//4302 2192//4302
f 2193//4303 2192//4303 2129//4303
f 2129//4304 2130//4304 2193//4304
f 2194//4305 2193//4305 2130//4305
f 2130//4306 2131//4306 2194//4306
f 2195//4307 2194//4307 2131//4307
f 2131//4308 2132//4308 2195//4308
f 2196//4309 2195//4309 2132//4309
f 2132//4310 2133//4310 2196//4310
f 2197//4311 2196//4311 2133//4311
f 2133//4312 2134//4312 2197//4312
f 2198//4313 2197//4313 2134//4313
f 2134//4314 2135//4314 2198//4314
f 2199//4315 2198//4315 2135//4315
f 2135//4316 2136//4316 2199//4316
f 2200//4317 2199//4317 2136//4317
f 2136//4318 2137//4318 2200//4318
f 2201//4319 2200//4319 2137//4319
f 2137//4320 2138//4320 2201//4320
f 2202//4321 2201//4321 2138//4321
f 2138//4322 2139//4322 2202//4322
f 2203//4323 2202//4323 2139//4323
f 2139//4324 2140//4324 2203//4324
f 2204//4325 2203//4325 2140//4325
f 2140//4326 2141//4326 2204//4326
f 2205//4327 2204//4327 2141//4327
f 2141//4328 2142//4328 2205//4328
f 2206//4329 2205//4329 2142//4329
f 2142//4330 2143//4330 2206//4330
f 2207//4331 2206//4331 2143//4331
f 2143//4332 2144//4332 2207//4332
f 2208//4333 2207//4333 2144//4333
f 2144//4334 2145//4334 2208//4334
f 2209//4335 2208//4335 2145//4335
f 2146//4336 2147//4336 2210//4336
f 2211//4337 2210//4337 2147//4337
f 2147//4338 2148//4338 2211//4338
f 2212//4339 2211//4339 2148//4339
f 2148//4340 2149//4340 2212//4340
f 2213//4341 2212//4341 2149//4341
f 2149//4342 2150//4342 2213//4342
f 2214//4343 2213//4343 2150//4343
f 2150//4344 2151//4344 2214//4344
f 2215//4345 2214//4345 2151//4345
f 2151//4346 2152//4346 2215//4346
f 2216//4347 2215//4347 2152//4347
f 2152//4348 2153//4348 2216//4348
f 2217//4349 2216//4349 2153//4349
f 2153//4350 2154//4350 2217//4350
f 2218//4351 2217//4351 2154//4351
f 2154//4352 2155//4352 2218//4352
f 2219//4353 2218//4353 2155//4353
f 2155//4354 2156//4354 2219//4354
f 2220//4355 2219//4355 2156//4355
f 2156//4356 2157//4356 2220//4356
f 2221//4357 2220//4357 2157//4357
f 2157//4358 2158//4358 2221//4358
f 2222//4359 2221//4359 2158//4359
f 2158//4360 2159//4360 2222//4360
f 2223//4361 2222//4361 2159//4361
f 2159//4362 2160//4362 2223//4362
f 2224//4363 2223//4363 2160//4363
f 2160//4364 2161//4364 2224//4364
f 2225//4365 2224//4365 2161//4365
f 2161//4366 2162//4366 2225//4366
f 2226//4367 2225//4367 2162//4367
f 2209//4368 2146//4368 2273//4368
f 2210//4369 2273//4369 2146//4369
f 2162//4370 2163//4370 2226//4370
f 2227//4371 2226//4371 2163//4371
f 2163//4372 2164//4372 2227//4372
f 2228//4373 2227//4373 2164//4373
f 2164//4374 2165//4374 2228//4374
f 2229//4375 2228//4375 2165//4375
f 2165//4376 2166//4376 2229//4376
f 2230//4377 2229//4377 2166//4377
f 2166//4378 2167//4378 2230//4378
f 2231//4379 2230//4379 2167//4379
f 2167//4380 2168//4380 2231//4380
f 2232//4381 2231//4381 2168//4381
f 2168//4382 2169//4382 2232//4382
f 2233//4383 2232//4383 2169//4383
f 2169//4384 2170//4384 2233//4384
f 2234//4385 2233//4385 2170//4385
f 2170//4386 2171//4386 2234//4386
f 2235//4387 2234//4387 2171//4387
f 2171//4388 2172//4388 2235//4388
f 2236//4389 2235//4389 2172//4389
f 2172//4390 2173//4390 2236//4390
f 2237//4391 2236//4391 2173//4391
f 2173//4392 2174//4392 2237//4392
f 2238//4393 2237//4393 2174//4393
f 2174//4394 2175//4394 2238//4394
f 2239//4395 2238//4395 2175//4395
f 2175//4396 2176//4396 2239//4396
f 2240//4397 2239//4397 2176//4397
f 2176//4398 2177//4398 2240//4398
f 2241//4399 2240//4399 2177//4399
f 2177//4400 2178//4400 2241//4400
f 2242//4401 2241//4401 2178//4401
f 2178//4402 2179//4402 2242//4402
f 2243//4403 2242//4403 2179//4403
f 2179//4404 2180//4404 2243//4404
f 2244//4405 2243//4405 2180//4405
f 2180//4406 2181//4406 2244//4406
f 2245//4407 2244//4407 2181//4407
f 2181//4408 2182//4408 2245//4408
f 2246//4409 2245//4409 2182//4409
f 2182//4410 2183//4410 2246//4410
f 2247//4411 2246//4411 2183//4411
f 2183//4412 2184//4412 2247//4412
f 2248//4413 2247//4413 2184//4413
f 2184//4414 2185//4414 2248//4414
f 2249//4415 2248//4415 2185//4415
f 2185//4416 2186//4416 2249//4416
f 2250//4417 2249//4417 2186//4417
f 2186//4418 2187//4418 2250//4418
f 2251//4419 2250//4419 2187//4419
f 2187//4420 2188//4420 2251//4420
f 2252//4421 2251//4421 2188//4421
f 2188//4422 2189//4422 2252//4422
f 2253//4423 2252//4423 2189//4423
f 2189//4424 2190//4424 2253//4424
f 2254//4425 2253//4425 2190//4425
f 2190//4426 2191//4426 2254//4426
f 2255//4427 2254//4427 2191//4427
f 2191//4428 2192//4428 2255//4428
f 2256//4429 2255//4429 2192//4429
f 2192//4430 2193//4430 2256//4430
f 2257//4431 2256//4431 2193//4431
f 2193//4432 2194//4432 2257//4432
f 2258//4433 2257//4433 2194//4433
f 2194//4434 2195//4434 2258//4434
f 2259//4435 2258//4435 2195//4435
f 2195//4436 2196//4436 2259//4436
f 2260//4437 2259//4437 2196//4437
f 2196//4438 2197//4438 2260//4438
f 2261//4439 2260//4439 2197//4439
f 2197//4440 2198//4440 2261//4440
f 2262//4441 2261//4441 2198//4441
f 2198//4442 2199//4442 2262//4442
f 2263//4443 2262//4443 2199//4443
f 2199//4444 2200//4444 2263//4444
f 2264//4445 2263//4445 2200//4445
f 2200//4446 2201//4446 2264//4446
f 2265//4447 2264//4447 2201//4447
f 2201//4448 2202//4448 2265//4448
f 2266//4449 2265//4449 2202//4449
f 2202//4450 2203//4450 2266//4450
f 2267//4451 2266//4451 2203//4451
f 2203//4452 2204//4452 2267//4452
f 2268//4453 2267//4453 2204//4453
f 2204//4454 2205//4454 2268//4454
f 2269//4455 2268//4455 2205//4455
f 2205//4456 2206//4456 2269//4456
f 2270//4457 2269//4457 2206//4457
f 2206//4458 2207//4458 2270//4458
f 2271//4459 2270//4459 2207//4459
f 2207//4460 2208//4460 2271//4460
f 2272//4461 2271//4461 2208//4461
f 2208//4462 2209//4462 2272//4462
f 2273//4463 2272//4463 2209//4463
f 2210//4464 2211//4464 2274//4464
f 2275//4465 2274//4465 2211//4465
f 2211//4466 2212//4466 2275//4466
f 2276//4467 2275//4467 2212//4467
f 2212//4468 2213//4468 2276//4468
f 2277//4469 2276//4469 2213//4469
f 2213//4470 2214//4470 2277//4470
f 2278//4471 2277//4471 2214//4471
f 2214//4472 2215//4472 2278//4472
f 2279//4473 2278//4473 2215//4473
f 2215//4474 2216//4474 2279//4474
f 2280//4475 2279//4475 2216//4475
f 2216//4476 2217//4476 2280//4476
f 2281//4477 2280//4477 2217//4477
f 2217//4478 2218//4478 2281//4478
f 2282//4479 2281//4479 2218//4479
f 2218//4480 2219//4480 2282//4480
f 2283//4481 2282//4481 2219//4481
f 2219//4482 2220//4482 2283//4482
f 2284//4483 2283//4483 2220//4483
f 2220//4484 2221//4484 2284//4484
f 2285//4485 2284//4485 2221//4485
f 2221//4486 2222//4486 2285//4486
f 2286//4487 2285//4487 2222//4487
f 2222//4488 2223//4488 2286//4488
f 2287//4489 2286//4489 2223//4489
f 2223//4490 2224//4490 2287//4490
f 2288//4491 2287//4491 2224//4491
f 2224//4492 2225//4492 2288//4492
f 2289//4493 2288//4493 2225//4493
f 2225//4494 2226//4494 2289//4494
f 2290//4495 2289//4495 2226//4495
f 2273//4496 2210//4496 2337//4496
f 2274//4497 2337//4497 2210//4497
f 2226//4498 2227//4498 2290//4498
f 2291//4499 2290//4499 2227//4499
f 2227//4500 2228//4500 2291//4500
f 2292//4501 2291//4501 2228//4501
f 2228//4502 2229//4502 2292//4502
f 2293//4503 2292//4503 2229//4503
f 2229//4504 2230//4504 2293//4504
f 2294//4505 2293//4505 2230//4505
f 2230//4506 2231//4506 2294//4506
f 2295//4507 2294//4507 2231//4507
f 2231//4508 2232//4508 2295//4508
f 2296//4509 2295//4509 2232//4509
f 2232//4510 2233//4510 2296//4510
f 2297//4511 2296//4511 2233//4511
f 2233//4512 2234//4512 2297//4512
f 2298//4513 2297//4513 2234//4513
f 2234//4514 2235//4514 2298//4514
f 2299//4515 2298//4515 2235//4515
f 2235//4516 2236//4516 2299//4516
f 2300//4517 2299//4517 2236//4517
f 2236//4518 2237//4518 2300//4518
f 2301//4519 2300//4519 2237//4519
f 2237//4520 2238//4520 2301//4520
f 2302//4521 2301//4521 2238//4521
f 2238//4522 2239//4522 2302//4522
f 2303//4523 2302//4523 2239//4523
f 2239//4524 2240//4524 2303//4524
f 2304//4525 2303//4525 2240//4525
f 2240//4526 2241//4526 2304//4526
f 2305//4527 2304//4527 2241//4527
f 2241//4528 2242//4528 2305//4528
f 2306//4529 2305//4529 2242//4529
f 2242//4530 2243//4530 2306//4530
f 2307//4531 2306//4531 2243//4531
f 2243//4532 2244//4532 2307//4532
f 2308//4533 2307//4533 2244//4533
f 2244//4534 2245//4534 2308//4534
f 2309//4535 2308//4535 2245//4535
f 2245//4536 2246//4536 2309//4536
f 2310//4537 2309//4537 2246//4537
f 2246//4538 2247//4538 2310//4538
f 2311//4539 2310//4539 2247//4539
f 2247//4540 2248//4540 2311//4540
f 2312//4541 2311//4541 2248//4541
f 2248//4542 2249//4542 2312//4542
f 2313//4543 2312//4543 2249//4543
f 2249//4544 2250//4544 2313//4544
f 2314//4545 2313//4545 2250//4545
f 2250//4546 2251//4546 2314//4546
f 2315//4547 2314//4547 2251//4547
f 2251//4548 2252//4548 2315//4548
f 2316//4549 2315//4549 2252//4549
f 2252//4550 2253//4550 2316//4550
f 2317//4551 2316//4551 2253//4551
f 2253//4552 2254//4552 2317//4552
f 2318//4553 2317//4553 2254//4553
f 2254//4554 2255//4554 2318//4554
f 2319//4555 2318//4555 2255//4555
f 2255//4556 2256//4556 2319//4556
f 2320//4557 2319//4557 2256//4557
f 2256//4558 2257//4558 2320//4558
f 2321//4559 2320//4559 2257//4559
f 2257//4560 2258//4560 2321//4560
f 2322//4561 2321//4561 2258//4561
f 2258//4562 2259//4562 2322//4562
f 2323//4563 2322//4563 2259//4563
f 2259//4564 2260//4564 2323//4564
f 2324//4565 2323//4565 2260//4565
f 2260//4566 2261//4566 2324//4566
f 2325//4567 2324//4567 2261//4567
f 2261//4568 2262//4568 2325//4568
f 2326//4569 2325//4569 2262//4569
f 2262//4570 2263//4570 2326//4570
f 2327//4571 2326//4571 2263//4571
f 2263//4572 2264//4572 2327//4572
f 2328//4573 2327//4573 2264//4573
f 2264//4574 2265//4574 2328//4574
f 2329//4575 2328//4575 2265//4575
f 2265//4576 2266//4576 2329//4576
f 2330//4577 2329//4577 2266//4577
f 2266//4578 2267//4578 2330//4578
f 2331//4579 2330//4579 2267//4579
f 2267//4580 2268//4580 2331//4580
f 2332//4581 2331//4581 2268//4581
f 2268//4582 2269//4582 2332//4582
f 2333//4583 2332//4583 2269//4583
f 2269//4584 2270//4584 2333//4584
f 2334//4585 2333//4585 2270//4585
f 2270//4586 2271//4586 2334//4586
f 2335//4587 2334//4587 2271//4587
f 2271//4588 2272//4588 2335//4588
f 2336//4589 2335//4589 2272//4589
f 2272//4590 2273//4590 2336//4590
f 2337//4591 2336//4591 2273//4591
f 2274//4592 2275//4592 2338//4592
f 2339//4593 2338//4593 2275//4593
f 2275//4594 2276//4594 2339//4594
f 2340//4595 2339//4595 2276//4595
f 2276//4596 2277//4596 2340//4596
f 2341//4597 2340//4597 2277//4597
f 2277//4598 2278//4598 2341//4598
f 2342//4599 2341//4599 2278//4599
f 2278//4600 2279//4600 2342//4600
f 2343//4601 2342//4601 2279//4601
f 2279//4602 2280//4602 2343//4602
f 2344//4603 2343//4603 2280//4603
f 2280//4604 2281//4604 2344//4604
f 2345//4605 2344//4605 2281//4605
f 2281//4606 2282//4606 2345//4606
f 2346//4607 2345//4607 2282//4607
f 2282//4608 2283//4608 2346//4608
f 2347//4609 2346//4609 2283//4609
f 2283//4483 2284//4483 2347//4483
f 2348//4610 2347//4610 2284//4610
f 2284//4611 2285//4611 2348//4611
f 2349//4612 2348//4612 2285//4612
f 2285//4613 2286//4613 2349//4613
f 2350//4614 2349//4614 2286//4614
f 2286//4615 2287//4615 2350//4615
f 2351//4616 2350//4616 2287//4616
f 2287//4617 2288//4617 2351//4617
f 2352//4618 2351//4618 2288//4618
f 2288//4619 2289//4619 2352//4619
f 2353//4620 2352//4620 2289//4620
f 2289//4621 2290//4621 2353//4621
f 2354//4622 2353//4622 2290//4622
f 2401//4623 2337//4623 2338//4623
f 2274//4624 2338//4624 2337//4624
f 2291//4625 2355//4625 2290//4625
f 2354//4626 2290//4626 2355//4626
f 2291//4627 2292//4627 2355//4627
f 2356//4628 2355//4628 2292//4628
f 2292//4629 2293//4629 2356//4629
f 2357//4630 2356//4630 2293//4630
f 2293//4631 2294//4631 2357//4631
f 2358//4632 2357//4632 2294//4632
f 2294//4633 2295//4633 2358//4633
f 2359//4634 2358//4634 2295//4634
f 2295//4635 2296//4635 2359//4635
f 2360//4636 2359//4636 2296//4636
f 2296//4637 2297//4637 2360//4637
f 2361//4638 2360//4638 2297//4638
f 2297//4639 2298//4639 2361//4639
f 2362//4640 2361//4640 2298//4640
f 2298//4641 2299//4641 2362//4641
f 2363//4642 2362//4642 2299//4642
f 2299//4643 2300//4643 2363//4643
f 2364//4644 2363//4644 2300//4644
f 2300//4645 2301//4645 2364//4645
f 2365//4646 2364//4646 2301//4646
f 2301//4647 2302//4647 2365//4647
f 2366//4648 2365//4648 2302//4648
f 2302//4649 2303//4649 2366//4649
f 2367//4650 2366//4650 2303//4650
f 2303//4651 2304//4651 2367//4651
f 2368//4652 2367//4652 2304//4652
f 2304//4653 2305//4653 2368//4653
f 2369//4654 2368//4654 2305//4654
f 2305//4655 2306//4655 2369//4655
f 2370//4656 2369//4656 2306//4656
f 2307//4657 2371//4657 2306//4657
f 2370//4658 2306//4658 2371//4658
f 2307//4659 2308//4659 2371//4659
f 2372//4660 2371//4660 2308//4660
f 2308//4661 2309//4661 2372//4661
f 2373//4662 2372//4662 2309//4662
f 2309//4663 2310//4663 2373//4663
f 2374//4664 2373//4664 2310//4664
f 2310//4665 2311//4665 2374//4665
f 2375//4666 2374//4666 2311//4666
f 2311//4667 2312//4667 2375//4667
f 2376//4668 2375//4668 2312//4668
f 2312//4669 2313//4669 2376//4669
f 2377//4670 2376//4670 2313//4670
f 2313//4671 2314//4671 2377//4671
f 2378//4672 2377//4672 2314//4672
f 2314//4673 2315//4673 2378//4673
f 2379//4674 2378//4674 2315//4674
f 2315//4675 2316//4675 2379//4675
f 2380//4676 2379//4676 2316//4676
f 2316//4677 2317//4677 2380//4677
f 2381//4678 2380//4678 2317//4678
f 2317//4679 2318//4679 2381//4679
f 2382//4680 2381//4680 2318//4680
f 2318//4681 2319//4681 2382//4681
f 2383//4682 2382//4682 2319//4682
f 2319//4683 2320//4683 2383//4683
f 2384//4684 2383//4684 2320//4684
f 2320//4685 2321//4685 2384//4685
f 2385//4686 2384//4686 2321//4686
f 2321//4687 2322//4687 2385//4687
f 2386//4688 2385//4688 2322//4688
f 2323//4689 2387//4689 2322//4689
f 2386//4690 2322//4690 2387//4690
f 2323//4691 2324//4691 2387//4691
f 2388//4692 2387//4692 2324//4692
f 2324//4693 2325//4693 2388//4693
f 2389//4694 2388//4694 2325//4694
f 2325//4695 2326//4695 2389//4695
f 2390//4696 2389//4696 2326//4696
f 2326//4697 2327//4697 2390//4697
f 2391//4698 2390//4698 2327//4698
f 2327//4699 2328//4699 2391//4699
f 2392//4700 2391//4700 2328//4700
f 2328//4701 2329//4701 2392//4701
f 2393//4702 2392//4702 2329//4702
f 2329//4703 2330//4703 2393//4703
f 2394//4704 2393//4704 2330//4704
f 2330//4705 2331//4705 2394//4705
f 2395//4706 2394//4706 2331//4706
f 2331//4707 2332//4707 2395//4707
f 2396//4708 2395//4708 2332//4708
f 2332//4709 2333//4709 2396//4709
f 2397//4710 2396//4710 2333//4710
f 2333//4711 2334//4711 2397//4711
f 2398//4712 2397//4712 2334//4712
f 2334//4713 2335//4713 2398//4713
f 2399//4714 2398//4714 2335//4714
f 2335//4715 2336//4715 2399//4715
f 2400//4716 2399//4716 2336//4716
f 2336//4717 2337//4717 2400//4717
f 2401//4718 2400//4718 2337//4718
f 2338//4719 2339//4719 2402//4719
f 2403//4720 2402//4720 2339//4720
f 2339//4721 2340//4721 2403//4721
f 2404//4722 2403//4722 2340//4722
f 2340//4723 2341//4723 2404//4723
f 2405//4724 2404//4724 2341//4724
f 2341//4725 2342//4725 2405//4725
f 2406//4726 2405//4726 2342//4726
f 2342//4727 2343//4727 2406//4727
f 2407//4728 2406//4728 2343//4728
f 2343//4729 2344//4729 2407//4729
f 2408//4730 2407//4730 2344//4730
f 2344//4731 2345//4731 2408//4731
f 2409//4732 2408//4732 2345//4732
f 2345//4733 2346//4733 2409//4733
f 2410//4734 2409//4734 2346//4734
f 2346//4735 2347//4735 2410//4735
f 2411//4736 2410//4736 2347//4736
f 2347//4737 2348//4737 2411//4737
f 2412//4738 2411//4738 2348//4738
f 2348//4739 2349//4739 2412//4739
f 2413//4740 2412//4740 2349//4740
f 2349//4741 2350//4741 2413//4741
f 2414//4742 2413//4742 2350//4742
f 2350//4743 2351//4743 2414//4743
f 2415//4744 2414//4744 2351//4744
f 2351//4745 2352//4745 2415//4745
f 2416//4746 2415//4746 2352//4746
f 2352//4747 2353//4747 2416//4747
f 2417//4748 2416//4748 2353//4748
f 2353//4749 2354//4749 2417//4749
f 2418//4750 2417//4750 2354//4750
f 2401//4751 2338//4751 2465//4751
f 2402//4752 2465//4752 2338//4752
f 2354//4753 2355//4753 2418//4753
f 2419//4754 2418//4754 2355//4754
f 2355//4755 2356//4755 2419//4755
f 2420//4756 2419//4756 2356//4756
f 2356//4757 2357//4757 2420//4757
f 2421//4758 2420//4758 2357//4758
f 2357//4759 2358//4759 2421//4759
f 2422//4760 2421//4760 2358//4760
f 2358//4761 2359//4761 2422//4761
f 2423//4762 2422//4762 2359//4762
f 2359//4763 2360//4763 2423//4763
f 2424//4764 2423//4764 2360//4764
f 2360//4765 2361//4765 2424//4765
f 2425//4766 2424//4766 2361//4766
f 2361//4767 2362//4767 2425//4767
f 2426//4768 2425//4768 2362//4768
f 2362//4769 2363//4769 2426//4769
f 2427//4770 2426//4770 2363//4770
f 2363//4771 2364//4771 2427//4771
f 2428//4772 2427//4772 2364//4772
f 2364//4773 2365//4773 2428//4773
f 2429//4774 2428//4774 2365//4774
f 2365//4775 2366//4775 2429//4775
f 2430//4776 2429//4776 2366//4776
f 2366//4777 2367//4777 2430//4777
f 2431//4778 2430//4778 2367//4778
f 2367//4779 2368//4779 2431//4779
f 2432//4780 2431//4780 2368//4780
f 2368//4781 2369//4781 2432//4781
f 2433//4782 2432//4782 2369//4782
f 2369//4783 2370//4783 2433//4783
f 2434//4784 2433//4784 2370//4784
f 2370//4785 2371//4785 2434//4785
f 2435//4786 2434//4786 2371//4786
f 2371//4787 2372//4787 2435//4787
f 2436//4788 2435//4788 2372//4788
f 2372//4789 2373//4789 2436//4789
f 2437//4790 2436//4790 2373//4790
f 2373//4791 2374//4791 2437//4791
f 2438//4792 2437//4792 2374//4792
f 2374//4793 2375//4793 2438//4793
f 2439//4794 2438//4794 2375//4794
f 2375//4795 2376//4795 2439//4795
f 2440//4796 2439//4796 2376//4796
f 2376//4797 2377//4797 2440//4797
f 2441//4798 2440//4798 2377//4798
f 2377//4799 2378//4799 2441//4799
f 2442//4800 2441//4800 2378//4800
f 2378//4801 2379//4801 2442//4801
f 2443//4802 2442//4802 2379//4802
f 2379//4803 2380//4803 2443//4803
f 2444//4804 2443//4804 2380//4804
f 2380//4805 2381//4805 2444//4805
f 2445//4806 2444//4806 2381//4806
f 2381//4807 2382//4807 2445//4807
f 2446//4808 2445//4808 2382//4808
f 2382//4809 2383//4809 2446//4809
f 2447//4810 2446//4810 2383//4810
f 2383//4811 2384//4811 2447//4811
f 2448//4812 2447//4812 2384//4812
f 2384//4813 2385//4813 2448//4813
f 2449//4814 2448//4814 2385//4814
f 2385//4815 2386//4815 2449//4815
f 2450//4816 2449//4816 2386//4816
f 2386//4817 2387//4817 2450//4817
f 2451//4818 2450//4818 2387//4818
f 2387//4819 2388//4819 2451//4819
f 2452//4820 2451//4820 2388//4820
f 2388//4821 2389//4821 2452//4821
f 2453//4822 2452//4822 2389//4822
f 2389//4823 2390//4823 2453//4823
f 2454//4824 2453//4824 2390//4824
f 2390//4825 2391//4825 2454//4825
f 2455//4826 2454//4826 2391//4826
f 2391//4827 2392//4827 2455//4827
f 2456//4828 2455//4828 2392//4828
f 2392//4829 2393//4829 2456//4829
f 2457//4830 2456//4830 2393//4830
f 2393//4831 2394//4831 2457//4831
f 2458//4832 2457//4832 2394//4832
f 2394//4833 2395//4833 2458//4833
f 2459//4834 2458//4834 2395//4834
f 2395//4835 2396//4835 2459//4835
f 2460//4836 2459//4836 2396//4836
f 2396//4837 2397//4837 2460//4837
f 2461//4838 2460//4838 2397//4838
f 2397//4839 2398//4839 2461//4839
f 2462//4840 2461//4840 2398//4840
f 2398//4841 2399//4841 2462//4841
f 2463//4842 2462//4842 2399//4842
f 2399//4843 2400//4843 2463//4843
f 2464//4844 2463//4844 2400//4844
f 2400//4845 2401//4845 2464//4845
f 2465//4846 2464//4846 2401//4846
f 2402//4847 2403//4847 2466//4847
f 2467//4848 2466//4848 2403//4848
f 2403//4849 2404//4849 2467//4849
f 2468//4850 2467//4850 2404//4850
f 2404//4851 2405//4851 2468//4851
f 2469//4852 2468//4852 2405//4852
f 2405//4853 2406//4853 2469//4853
f 2470//4854 2469//4854 2406//4854
f 2406//4855 2407//4855 2470//4855
f 2471//4856 2470//4856 2407//4856
f 2407//4857 2408//4857 2471//4857
f 2472//4858 2471//4858 2408//4858
f 2408//4859 2409//4859 2472//4859
f 2473//4860 2472//4860 2409//4860
f 2409//4861 2410//4861 2473//4861
f 2474//4862 2473//4862 2410//4862
f 2410//4863 2411//4863 2474//4863
f 2475//4864 2474//4864 2411//4864
f 2411//4865 2412//4865 2475//4865
f 2476//4866 2475//4866 2412//4866
f 2412//4867 2413//4867 2476//4867
f 2477//4868 2476//4868 2413//4868
f 2413//4869 2414//4869 2477//4869
f 2478//4870 2477//4870 2414//4870
f 2414//4871 2415//4871 2478//4871
f 2479//4872 2478//4872 2415//4872
f 2415//4873 2416//4873 2479//4873
f 2480//4874 2479//4874 2416//4874
f 2416//4875 2417//4875 2480//4875
f 2481//4876 2480//4876 2417//4876
f 2417//4877 2418//4877 2481//4877
f 2482//4878 2481//4878 2418//4878
f 2465//4879 2402//4879 2529//4879
f 2466//4880 2529//4880 2402//4880
f 2418//4881 2419//4881 2482//4881
f 2483//4882 2482//4882 2419//4882
f 2419//4883 2420//4883 2483//4883
f 2484//4884 2483//4884 2420//4884
f 2420//4885 2421//4885 2484//4885
f 2485//4886 2484//4886 2421//4886
f 2421//4887 2422//4887 2485//4887
f 2486//4888 2485//4888 2422//4888
f 2422//4889 2423//4889 2486//4889
f 2487//4890 2486//4890 2423//4890
f 2423//4891 2424//4891 2487//4891
f 2488//4892 2487//4892 2424//4892
f 2424//4893 2425//4893 2488//4893
f 2489//4894 2488//4894 2425//4894
f 2425//4895 2426//4895 2489//4895
f 2490//4896 2489//4896 2426//4896
f 2426//4897 2427//4897 2490//4897
f 2491//4898 2490//4898 2427//4898
f 2427//4899 2428//4899 2491//4899
f 2492//4900 2491//4900 2428//4900
f 2428//4901 2429//4901 2492//4901
f 2493//4902 2492//4902 2429//4902
f 2429//4903 2430//4903 2493//4903
f 2494//4904 2493//4904 2430//4904
f 2430//4905 2431//4905 2494//4905
f 2495//4906 2494//4906 2431//4906
f 2431//4907 2432//4907 2495//4907
f 2496//4908 2495//4908 2432//4908
f 2432//4909 2433//4909 2496//4909
f 2497//4910 2496//4910 2433//4910
f 2433//4911 2434//4911 2497//4911
f 2498//4912 2497//4912 2434//4912
f 2434//4913 2435//4913 2498//4913
f 2499//4914 2498//4914 2435//4914
f 2435//4915 2436//4915 2499//4915
f 2500//4916 2499//4916 2436//4916
f 2436//4917 2437//4917 2500//4917
f 2501//4918 2500//4918 2437//4918
f 2437//4919 2438//4919 2501//4919
f 2502//4920 2501//4920 2438//4920
f 2438//4921 2439//4921 2502//4921
f 2503//4922 2502//4922 2439//4922
f 2439//4923 2440//4923 2503//4923
f 2504//4924 2503//4924 2440//4924
f 2440//4925 2441//4925 2504//4925
f 2505//4926 2504//4926 2441//4926
f 2441//4927 2442//4927 2505//4927
f 2506//4928 2505//4928 2442//4928
f 2442//4929 2443//4929 2506//4929
f 2507//4930 2506//4930 2443//4930
f 2443//4931 2444//4931 2507//4931
f 2508//4932 2507//4932 2444//4932
f 2444//4933 2445//4933 2508//4933
f 2509//4934 2508//4934 2445//4934
f 2445//4935 2446//4935 2509//4935
f 2510//4936 2509//4936 2446//4936
f 2446//4937 2447//4937 2510//4937
f 2511//4938 2510//4938 2447//4938
f 2447//4939 2448//4939 2511//4939
f 2512//4940 2511//4940 2448//4940
f 2448//4941 2449//4941 2512//4941
f 2513//4942 2512//4942 2449//4942
f 2449//4943 2450//4943 2513//4943
f 2514//4944 2513//4944 2450//4944
f 2450//4945 2451//4945 2514//4945
f 2515//4946 2514//4946 2451//4946
f 2451//4947 2452//4947 2515//4947
f 2516//4948 2515//4948 2452//4948
f 2452//4949 2453//4949 2516//4949
f 2517//4950 2516//4950 2453//4950
f 2453//4951 2454//4951 2517//4951
f 2518//4952 2517//4952 2454//4952
f 2454//4953 2455//4953 2518//4953
f 2519//4954 2518//4954 2455//4954
f 2455//4955 2456//4955 2519//4955
f 2520//4956 2519//4956 2456//4956
f 2456//4957 2457//4957 2520//4957
f 2521//4958 2520//4958 2457//4958
f 2457//4959 2458//4959 2521//4959
f 2522//4960 2521//4960 2458//4960
f 2458//4961 2459//4961 2522//4961
f 2523//4962 2522//4962 2459//4962
f 2459//4963 2460//4963 2523//4963
f 2524//4964 2523//4964 2460//4964
f 2460//4965 2461//4965 2524//4965
f 2525//4966 2524//4966 2461//4966
f 2461//4967 2462//4967 2525//4967
f 2526//4968 2525//4968 2462//4968
f 2462//4969 2463//4969 2526//4969
f 2527//4970 2526//4970 2463//4970
f 2463//4971 2464//4971 2527//4971
f 2528//4972 2527//4972 2464//4972
f 2464//4973 2465//4973 2528//4973
f 2529//4974 2528//4974 2465//4974
f 2466//4975 2467//4975 2530//4975
f 2531//4976 2530//4976 2467//4976
f 2467//4977 2468//4977 2531//4977
f 2532//4978 2531//4978 2468//4978
f 2468//4979 2469//4979 2532//4979
f 2533//4980 2532//4980 2469//4980
f 2469//4981 2470//4981 2533//4981
f 2534//4982 2533//4982 2470//4982
f 2470//4983 2471//4983 2534//4983
f 2535//4984 2534//4984 2471//4984
f 2471//4985 2472//4985 2535//4985
f 2536//4986 2535//4986 2472//4986
f 2472//4987 2473//4987 2536//4987
f 2537//4988 2536//4988 2473//4988
f 2473//4989 2474//4989 2537//4989
f 2538//4990 2537//4990 2474//4990
f 2474//4991 2475//4991 2538//4991
f 2539//4992 2538//4992 2475//4992
f 2475//4993 2476//4993 2539//4993
f 2540//4994 2539//4994 2476//4994
f 2476//4995 2477//4995 2540//4995
f 2541//4996 2540//4996 2477//4996
f 2477//4997 2478//4997 2541//4997
f 2542//4998 2541//4998 2478//4998
f 2478//4999 2479//4999 2542//4999
f 2543//5000 2542//5000 2479//5000
f 2479//5001 2480//5001 2543//5001
f 2544//5002 2543//5002 2480//5002
f 2480//5003 2481//5003 2544//5003
f 2545//5004 2544//5004 2481//5004
f 2481//5005 2482//5005 2545//5005
f 2546//5006 2545//5006 2482//5006
f 2529//5007 2466//5007 2593//5007
f 2530//5008 2593//5008 2466//5008
f 2482//5009 2483//5009 2546//5009
f 2547//5010 2546//5010 2483//5010
f 2483//5011 2484//5011 2547//5011
f 2548//5012 2547//5012 2484//5012
f 2484//5013 2485//5013 2548//5013
f 2549//5014 2548//5014 2485//5014
f 2485//5015 2486//5015 2549//5015
f 2550//5016 2549//5016 2486//5016
f 2486//5017 2487//5017 2550//5017
f 2551//5018 2550//5018 2487//5018
f 2487//5019 2488//5019 2551//5019
f 2552//5020 2551//5020 2488//5020
f 2488//5021 2489//5021 2552//5021
f 2553//5022 2552//5022 2489//5022
f 2489//5023 2490//5023 2553//5023
f 2554//5024 2553//5024 2490//5024
f 2490//5025 2491//5025 2554//5025
f 2555//5026 2554//5026 2491//5026
f 2491//5027 2492//5027 2555//5027
f 2556//5028 2555//5028 2492//5028
f 2492//5029 2493//5029 2556//5029
f 2557//5030 2556//5030 2493//5030
f 2493//5031 2494//5031 2557//5031
f 2558//5032 2557//5032 2494//5032
f 2494//5033 2495//5033 2558//5033
f 2559//5034 2558//5034 2495//5034
f 2495//5035 2496//5035 2559//5035
f 2560//5036 2559//5036 2496//5036
f 2496//5037 2497//5037 2560//5037
f 2561//5038 2560//5038 2497//5038
f 2497//5039 2498//5039 2561//5039
f 2562//5040 2561//5040 2498//5040
f 2498//5041 2499//5041 2562//5041
f 2563//5042 2562//5042 2499//5042
f 2499//5043 2500//5043 2563//5043
f 2564//5044 2563//5044 2500//5044
f 2500//5045 2501//5045 2564//5045
f 2565//5046 2564//5046 2501//5046
f 2501//5047 2502//5047 2565//5047
f 2566//5048 2565//5048 2502//5048
f 2502//5049 2503//5049 2566//5049
f 2567//5050 2566//5050 2503//5050
f 2503//5051 2504//5051 2567//5051
f 2568//5052 2567//5052 2504//5052
f 2504//5053 2505//5053 2568//5053
f 2569//5054 2568//5054 2505//5054
f 2505//5055 2506//5055 2569//5055
f 2570//5056 2569//5056 2506//5056
f 2506//5057 2507//5057 2570//5057
f 2571//5058 2570//5058 2507//5058
f 2507//5059 2508//5059 2571//5059
f 2572//5060 2571//5060 2508//5060
f 2508//5061 2509//5061 2572//5061
f 2573//5062 2572//5062 2509//5062
f 2509//5063 2510//5063 2573//5063
f 2574//5064 2573//5064 2510//5064
f 2510//5065 2511//5065 2574//5065
f 2575//5066 2574//5066 2511//5066
f 2511//5067 2512//5067 2575//5067
f 2576//5068 2575//5068 2512//5068
f 2512//5069 2513//5069 2576//5069
f 2577//5070 2576//5070 2513//5070
f 2513//5071 2514//5071 2577//5071
f 2578//5072 2577//5072 2514//5072
f 2514//5073 2515//5073 2578//5073
f 2579//5074 2578//5074 2515//5074
f 2515//5075 2516//5075 2579//5075
f 2580//5076 2579//5076 2516//5076
f 2516//5077 2517//5077 2580//5077
f 2581//5078 2580//5078 2517//5078
f 2517//5079 2518//5079 2581//5079
f 2582//5080 2581//5080 2518//5080
f 2518//5081 2519//5081 2582//5081
f 2583//5082 2582//5082 2519//5082
f 2519//5083 2520//5083 2583//5083
f 2584//5084 2583//5084 2520//5084
f 2520//5085 2521//5085 2584//5085
f 2585//5086 2584//5086 2521//5086
f 2521//5087 2522//5087 2585//5087
f 2586//5088 2585//5088 2522//5088
f 2522//5089 2523//5089 2586//5089
f 2587//5090 2586//5090 2523//5090
f 2523//5091 2524//5091 2587//5091
f 2588//5092 2587//5092 2524//5092
f 2524//5093 2525//5093 2588//5093
f 2589//5094 2588//5094 2525//5094
f 2525//5095 2526//5095 2589//5095
f 2590//5096 2589//5096 2526//5096
f 2526//5097 2527//5097 2590//5097
f 2591//5098 2590//5098 2527//5098
f 2527//5099 2528//5099 2591//5099
f 2592//5100 2591//5100 2528//5100
f 2528//5101 2529//5101 2592//5101
f 2593//5102 2592//5102 2529//5102
f 2530//5103 2531//5103 2594//5103
f 2595//5104 2594//5104 2531//5104
f 2531//5105 2532//5105 2595//5105
f 2596//5106 2595//5106 2532//5106
f 2532//5107 2533//5107 2596//5107
f 2597//5108 2596//5108 2533//5108
f 2533//5109 2534//5109 2597//5109
f 2598//5110 2597//5110 2534//5110
f 2534//5111 2535//5111 2598//5111
f 2599//5112 2598//5112 2535//5112
f 2535//5113 2536//5113 2599//5113
f 2600//5114 2599//5114 2536//5114
f 2536//5115 2537//5115 2600//5115
f 2601//5116 2600//5116 2537//5116
f 2537//5117 2538//5117 2601//5117
f 2602//5118 2601//5118 2538//5118
f 2538//5119 2539//5119 2602//5119
f 2603//5120 2602//5120 2539//5120
f 2539//5121 2540//5121 2603//5121
f 2604//5122 2603//5122 2540//5122
f 2540//5123 2541//5123 2604//5123
f 2605//5124 2604//5124 2541//5124
f 2541//5125 2542//5125 2605//5125
f 2606//5126 2605//5126 2542//5126
f 2542//5127 2543//5127 2606//5127
f 2607//5128 2606//5128 2543//5128
f 2543//5129 2544//5129 2607//5129
f 2608//5130 2607//5130 2544//5130
f 2544//5131 2545//5131 2608//5131
f 2609//5132 2608//5132 2545//5132
f 2545//5133 2546//5133 2609//5133
f 2610//5134 2609//5134 2546//5134
f 2593//5135 2530//5135 2657//5135
f 2594//5136 2657//5136 2530//5136
f 2546//5137 2547//5137 2610//5137
f 2611//5138 2610//5138 2547//5138
f 2547//5139 2548//5139 2611//5139
f 2612//5140 2611//5140 2548//5140
f 2548//5141 2549//5141 2612//5141
f 2613//5142 2612//5142 2549//5142
f 2549//5143 2550//5143 2613//5143
f 2614//5144 2613//5144 2550//5144
f 2550//5145 2551//5145 2614//5145
f 2615//5146 2614//5146 2551//5146
f 2551//5147 2552//5147 2615//5147
f 2616//5148 2615//5148 2552//5148
f 2552//5149 2553//5149 2616//5149
f 2617//5150 2616//5150 2553//5150
f 2553//5151 2554//5151 2617//5151
f 2618//5152 2617//5152 2554//5152
f 2554//5153 2555//5153 2618//5153
f 2619//5154 2618//5154 2555//5154
f 2555//5155 2556//5155 2619//5155
f 2620//5156 2619//5156 2556//5156
f 2556//5157 2557//5157 2620//5157
f 2621//5158 2620//5158 2557//5158
f 2557//5159 2558//5159 2621//5159
f 2622//5160 2621//5160 2558//5160
f 2558//5161 2559//5161 2622//5161
f 2623//5162 2622//5162 2559//5162
f 2559//5163 2560//5163 2623//5163
f 2624//5164 2623//5164 2560//5164
f 2560//5165 2561//5165 2624//5165
f 2625//5166 2624//5166 2561//5166
f 2561//5167 2562//5167 2625//5167
f 2626//5168 2625//5168 2562//5168
f 2562//5169 2563//5169 2626//5169
f 2627//5170 2626//5170 2563//5170
f 2563//5171 2564//5171 2627//5171
f 2628//5172 2627//5172 2564//5172
f 2564//5173 2565//5173 2628//5173
f 2629//5174 2628//5174 2565//5174
f 2565//5175 2566//5175 2629//5175
f 2630//5176 2629//5176 2566//5176
f 2566//5177 2567//5177 2630//5177
f 2631//5178 2630//5178 2567//5178
f 2567//5179 2568//5179 2631//5179
f 2632//5180 2631//5180 2568//5180
f 2568//5181 2569//5181 2632//5181
f 2633//5182 2632//5182 2569//5182
f 2569//5183 2570//5183 2633//5183
f 2634//5184 2633//5184 2570//5184
f 2570//5185 2571//5185 2634//5185
f 2635//5186 2634//5186 2571//5186
f 2571//5187 2572//5187 2635//5187
f 2636//5188 2635//5188 2572//5188
f 2572//5189 2573//5189 2636//5189
f 2637//5190 2636//5190 2573//5190
f 2573//5191 2574//5191 2637//5191
f 2638//5192 2637//5192 2574//5192
f 2574//5193 2575//5193 2638//5193
f 2639//5194 2638//5194 2575//5194
f 2575//5195 2576//5195 2639//5195
f 2640//5196 2639//5196 2576//5196
f 2576//5197 2577//5197 2640//5197
f 2641//5198 2640//5198 2577//5198
f 2577//5199 2578//5199 2641//5199
f 2642//5200 2641//5200 2578//5200
f 2578//5201 2579//5201 2642//5201
f 2643//5202 2642//5202 2579//5202
f 2579//5203 2580//5203 2643//5203
f 2644//5204 2643//5204 2580//5204
f 2580//5205 2581//5205 2644//5205
f 2645//5206 2644//5206 2581//5206
f 2581//5207 2582//5207 2645//5207
f 2646//5208 2645//5208 2582//5208
f 2582//5209 2583//5209 2646//5209
f 2647//5210 2646//5210 2583//5210
f 2583//5211 2584//5211 2647//5211
f 2648//5212 2647//5212 2584//5212
f 2584//5213 2585//5213 2648//5213
f 2649//5214 2648//5214 2585//5214
f 2585//5215 2586//5215 2649//5215
f 2650//5216 2649//5216 2586//5216
f 2586//5217 2587//5217 2650//5217
f 2651//5218 2650//5218 2587//5218
f 2587//5219 2588//5219 2651//5219
f 2652//5220 2651//5220 2588//5220
f 2588//5221 2589//5221 2652//5221
f 2653//5222 2652//5222 2589//5222
f 2589//5223 2590//5223 2653//5223
f 2654//5224 2653//5224 2590//5224
f 2590//5225 2591//5225 2654//5225
f 2655//5226 2654//5226 2591//5226
f 2591//5227 2592//5227 2655//5227
f 2656//5228 2655//5228 2592//5228
f 2592//5229 2593//5229 2656//5229
f 2657//5230 2656//5230 2593//5230
f 2594//5231 2595//5231 2658//5231
f 2659//5232 2658//5232 2595//5232
f 2595//5233 2596//5233 2659//5233
f 2660//5234 2659//5234 2596//5234
f 2596//5235 2597//5235 2660//5235
f 2661//5236 2660//5236 2597//5236
f 2597//5237 2598//5237 2661//5237
f 2662//5238 2661//5238 2598//5238
f 2598//5239 2599//5239 2662//5239
f 2663//5240 2662//5240 2599//5240
f 2599//5241 2600//5241 2663//5241
f 2664//5242 2663//5242 2600//5242
f 2600//5243 2601//5243 2664//5243
f 2665//5244 2664//5244 2601//5244
f 2601//5245 2602//5245 2665//5245
f 2666//5246 2665//5246 2602//5246
f 2602//5247 2603//5247 2666//5247
f 2667//5248 2666//5248 2603//5248
f 2603//5249 2604//5249 2667//5249
f 2668//5250 2667//5250 2604//5250
f 2604//5251 2605//5251 2668//5251
f 2669//5252 2668//5252 2605//5252
f 2605//5253 2606//5253 2669//5253
f 2670//5254 2669//5254 2606//5254
f 2606//5255 2607//5255 2670//5255
f 2671//5256 2670//5256 2607//5256
f 2607//5257 2608//5257 2671//5257
f 2672//5258 2671//5258 2608//5258
f 2608//5259 2609//5259 2672//5259
f 2673//5260 2672//5260 2609//5260
f 2609//5261 2610//5261 2673//5261
f 2674//5262 2673//5262 2610//5262
f 2657//5263 2594//5263 2721//5263
f 2658//5264 2721//5264 2594//5264
f 2610//5265 2611//5265 2674//5265
f 2675//5266 2674//5266 2611//5266
f 2611//5267 2612//5267 2675//5267
f 2676//5268 2675//5268 2612//5268
f 2612//5269 2613//5269 2676//5269
f 2677//5270 2676//5270 2613//5270
f 2613//5271 2614//5271 2677//5271
f 2678//5272 2677//5272 2614//5272
f 2614//5273 2615//5273 2678//5273
f 2679//5274 2678//5274 2615//5274
f 2615//5275 2616//5275 2679//5275
f 2680//5276 2679//5276 2616//5276
f 2616//5277 2617//5277 2680//5277
f 2681//5278 2680//5278 2617//5278
f 2617//5279 2618//5279 2681//5279
f 2682//5280 2681//5280 2618//5280
f 2618//5281 2619//5281 2682//5281
f 2683//5282 2682//5282 2619//5282
f 2619//5283 2620//5283 2683//5283
f 2684//5284 2683//5284 2620//5284
f 2620//5285 2621//5285 2684//5285
f 2685//5286 2684//5286 2621//5286
f 2621//5287 2622//5287 2685//5287
f 2686//5288 2685//5288 2622//5288
f 2622//5289 2623//5289 2686//5289
f 2687//5290 2686//5290 2623//5290
f 2623//5291 2624//5291 2687//5291
f 2688//5292 2687//5292 2624//5292
f 2624//5293 2625//5293 2688//5293
f 2689//5294 2688//5294 2625//5294
f 2625//5295 2626//5295 2689//5295
f 2690//5296 2689//5296 2626//5296
f 2626//5297 2627//5297 2690//5297
f 2691//5298 2690//5298 2627//5298
f 2627//5299 2628//5299 2691//5299
f 2692//5300 2691//5300 2628//5300
f 2628//5301 2629//5301 2692//5301
f 2693//5302 2692//5302 2629//5302
f 2629//5303 2630//5303 2693//5303
f 2694//5304 2693//5304 2630//5304
f 2630//5305 2631//5305 2694//5305
f 2695//5306 2694//5306 2631//5306
f 2631//5307 2632//5307 2695//5307
f 2696//5308 2695//5308 2632//5308
f 2632//5309 2633//5309 2696//5309
f 2697//5310 2696//5310 2633//5310
f 2633//5311 2634//5311 2697//5311
f 2698//5312 2697//5312 2634//5312
f 2634//5313 2635//5313 2698//5313
f 2699//5314 2698//5314 2635//5314
f 2635//5315 2636//5315 2699//5315
f 2700//5316 2699//5316 2636//5316
f 2636//5317 2637//5317 2700//5317
f 2701//5318 2700//5318 2637//5318
f 2637//5319 2638//5319 2701//5319
f 2702//5320 2701//5320 2638//5320
f 2638//5321 2639//5321 2702//5321
f 2703//5322 2702//5322 2639//5322
f 2639//5323 2640//5323 2703//5323
f 2704//5324 2703//5324 2640//5324
f 2640//5325 2641//5325 2704//5325
f 2705//5326 2704//5326 2641//5326
f 2641//5327 2642//5327 2705//5327
f 2706//5328 2705//5328 2642//5328
f 2642//5329 2643//5329 2706//5329
f 2707//5330 2706//5330 2643//5330
f 2643//5331 2644//5331 2707//5331
f 2708//5332 2707//5332 2644//5332
f 2644//5333 2645//5333 2708//5333
f 2709//5334 2708//5334 2645//5334
f 2645//5335 2646//5335 2709//5335
f 2710//5336 2709//5336 2646//5336
f 2646//5337 2647//5337 2710//5337
f 2711//5338 2710//5338 2647//5338
f 2647//5339 2648//5339 2711//5339
f 2712//5340 2711//5340 2648//5340
f 2648//5341 2649//5341 2712//5341
f 2713//5342 2712//5342 2649//5342
f 2649//5343 2650//5343 2713//5343
f 2714//5344 2713//5344 2650//5344
f 2650//5345 2651//5345 2714//5345
f 2715//5346 2714//5346 2651//5346
f 2651//5347 2652//5347 2715//5347
f 2716//5348 2715//5348 2652//5348
f 2652//5349 2653//5349 2716//5349
f 2717//5350 2716//5350 2653//5350
f 2653//5351 2654//5351 2717//5351
f 2718//5352 2717//5352 2654//5352
f 2654//5353 2655//5353 2718//5353
f 2719//5354 2718//5354 2655//5354
f 2655//5355 2656//5355 2719//5355
f 2720//5356 2719//5356 2656//5356
f 2656//5357 2657//5357 2720//5357
f 2721//5358 2720//5358 2657//5358
f 2658//5359 2659//5359 2722//5359
f 2723//5360 2722//5360 2659//5360
f 2659//5361 2660//5361 2723//5361
f 2724//5362 2723//5362 2660//5362
f 2660//5363 2661//5363 2724//5363
f 2725//5364 2724//5364 2661//5364
f 2661//5365 2662//5365 2725//5365
f 2726//5366 2725//5366 2662//5366
f 2662//5367 2663//5367 2726//5367
f 2727//5368 2726//5368 2663//5368
f 2663//5369 2664//5369 2727//5369
f 2728//5370 2727//5370 2664//5370
f 2664//5371 2665//5371 2728//5371
f 2729//5372 2728//5372 2665//5372
f 2665//5373 2666//5373 2729//5373
f 2730//5374 2729//5374 2666//5374
f 2666//5375 2667//5375 2730//5375
f 2731//5376 2730//5376 2667//5376
f 2667//5377 2668//5377 2731//5377
f 2732//5378 2731//5378 2668//5378
f 2668//5379 2669//5379 2732//5379
f 2733//5380 2732//5380 2669//5380
f 2669//5381 2670//5381 2733//5381
f 2734//5382 2733//5382 2670//5382
f 2670//5383 2671//5383 2734//5383
f 2735//5384 2734//5384 2671//5384
f 2671//5385 2672//5385 2735//5385
f 2736//5386 2735//5386 2672//5386
f 2672//5387 2673//5387 2736//5387
f 2737//5388 2736//5388 2673//5388
f 2673//5389 2674//5389 2737//5389
f 2738//5390 2737//5390 2674//5390
f 2721//5391 2658//5391 2785//5391
f 2722//5392 2785//5392 2658//5392
f 2674//5393 2675//5393 2738//5393
f 2739//5394 2738//5394 2675//5394
f 2675//5395 2676//5395 2739//5395
f 2740//5396 2739//5396 2676//5396
f 2676//5397 2677//5397 2740//5397
f 2741//5398 2740//5398 2677//5398
f 2677//5399 2678//5399 2741//5399
f 2742//5400 2741//5400 2678//5400
f 2678//5401 2679//5401 2742//5401
f 2743//5402 2742//5402 2679//5402
f 2679//5403 2680//5403 2743//5403
f 2744//5404 2743//5404 2680//5404
f 2680//5405 2681//5405 2744//5405
f 2745//5406 2744//5406 2681//5406
f 2681//5407 2682//5407 2745//5407
f 2746//5408 2745//5408 2682//5408
f 2682//5409 2683//5409 2746//5409
f 2747//5410 2746//5410 2683//5410
f 2683//5411 2684//5411 2747//5411
f 2748//5412 2747//5412 2684//5412
f 2684//5413 2685//5413 2748//5413
f 2749//5414 2748//5414 2685//5414
f 2685//5415 2686//5415 2749//5415
f 2750//5416 2749//5416 2686//5416
f 2686//5417 2687//5417 2750//5417
f 2751//5418 2750//5418 2687//5418
f 2687//5419 2688//5419 2751//5419
f 2752//5420 2751//5420 2688//5420
f 2688//5421 2689//5421 2752//5421
f 2753//5422 2752//5422 2689//5422
f 2689//5423 2690//5423 2753//5423
f 2754//5424 2753//5424 2690//5424
f 2690//5425 2691//5425 2754//5425
f 2755//5426 2754//5426 2691//5426
f 2691//5427 2692//5427 2755//5427
f 2756//5428 2755//5428 2692//5428
f 2692//5429 2693//5429 2756//5429
f 2757//5430 2756//5430 2693//5430
f 2693//5431 2694//5431 2757//5431
f 2758//5432 2757//5432 2694//5432
f 2694//5433 2695//5433 2758//5433
f 2759//5434 2758//5434 2695//5434
f 2695//5435 2696//5435 2759//5435
f 2760//5436 2759//5436 2696//5436
f 2696//5437 2697//5437 2760//5437
f 2761//5438 2760//5438 2697//5438
f 2697//5439 2698//5439 2761//5439
f 2762//5440 2761//5440 2698//5440
f 2698//5441 2699//5441 2762//5441
f 2763//5442 2762//5442 2699//5442
f 2699//5443 2700//5443 2763//5443
f 2764//5444 2763//5444 2700//5444
f 2700//5445 2701//5445 2764//5445
f 2765//5446 2764//5446 2701//5446
f 2701//5447 2702//5447 2765//5447
f 2766//5448 2765//5448 2702//5448
f 2702//5449 2703//5449 2766//5449
f 2767//5450 2766//5450 2703//5450
f 2703//5451 2704//5451 2767//5451
f 2768//5452 2767//5452 2704//5452
f 2704//5453 2705//5453 2768//5453
f 2769//5454 2768//5454 2705//5454
f 2705//5455 2706//5455 2769//5455
f 2770//5456 2769//5456 2706//5456
f 2706//5457 2707//5457 2770//5457
f 2771//5458 2770//5458 2707//5458
f 2707//5459 2708//5459 2771//5459
f 2772//5460 2771//5460 2708//5460
f 2708//5461 2709//5461 2772//5461
f 2773//5462 2772//5462 2709//5462
f 2709//5463 2710//5463 2773//5463
f 2774//5464 2773//5464 2710//5464
f 2710//5465 2711//5465 2774//5465
f 2775//5466 2774//5466 2711//5466
f 2711//5467 2712//5467 2775//5467
f 2776//5468 2775//5468 2712//5468
f 2712//5469 2713//5469 2776//5469
f 2777//5470 2776//5470 2713//5470
f 2713//5471 2714//5471 2777//5471
f 2778//5472 2777//5472 2714//5472
f 2714//5473 2715//5473 2778//5473
f 2779//5474 2778//5474 2715//5474
f 2715//5475 2716//5475 2779//5475
f 2780//5476 2779//5476 2716//5476
f 2716//5477 2717//5477 2780//5477
f 2781//5478 2780//5478 2717//5478
f 2717//5479 2718//5479 2781//5479
f 2782//5480 2781//5480 2718//5480
f 2718//5481 2719//5481 2782//5481
f 2783//5482 2782//5482 2719//5482
f 2719//5483 2720//5483 2783//5483
f 2784//5484 2783//5484 2720//5484
f 2720//5485 2721//5485 2784//5485
f 2785//5486 2784//5486 2721//5486
f 2722//5487 2723//5487 2786//5487
f 2787//5488 2786//5488 2723//5488
f 2723//5489 2724//5489 2787//5489
f 2788//5490 2787//5490 2724//5490
f 2724//5491 2725//5491 2788//5491
f 2789//5492 2788//5492 2725//5492
f 2725//5493 2726//5493 2789//5493
f 2790//5494 2789//5494 2726//5494
f 2726//5495 2727//5495 2790//5495
f 2791//5496 2790//5496 2727//5496
f 2727//5497 2728//5497 2791//5497
f 2792//5498 2791//5498 2728//5498
f 2728//5499 2729//5499 2792//5499
f 2793//5500 2792//5500 2729//5500
f 2729//5501 2730//5501 2793//5501
f 2794//5502 2793//5502 2730//5502
f 2730//5503 2731//5503 2794//5503
f 2795//5504 2794//5504 2731//5504
f 2731//5505 2732//5505 2795//5505
f 2796//5506 2795//5506 2732//5506
f 2732//5507 2733//5507 2796//5507
f 2797//5508 2796//5508 2733//5508
f 2733//5509 2734//5509 2797//5509
f 2798//5510 2797//5510 2734//5510
f 2734//5511 2735//5511 2798//5511
f 2799//5512 2798//5512 2735//5512
f 2735//5513 2736//5513 2799//5513
f 2800//5514 2799//5514 2736//5514
f 2736//5515 2737//5515 2800//5515
f 2801//5516 2800//5516 2737//5516
f 2737//5517 2738//5517 2801//5517
f 2802//5518 2801//5518 2738//5518
f 2785//5519 2722//5519 2849//5519
f 2786//5520 2849//5520 2722//5520
f 2738//5521 2739//5521 2802//5521
f 2803//5522 2802//5522 2739//5522
f 2739//5523 2740//5523 2803//5523
f 2804//5524 2803//5524 2740//5524
f 2740//5525 2741//5525 2804//5525
f 2805//5526 2804//5526 2741//5526
f 2741//5527 2742//5527 2805//5527
f 2806//5528 2805//5528 2742//5528
f 2742//5529 2743//5529 2806//5529
f 2807//5530 2806//5530 2743//5530
f 2743//5531 2744//5531 2807//5531
f 2808//5532 2807//5532 2744//5532
f 2744//5533 2745//5533 2808//5533
f 2809//5534 2808//5534 2745//5534
f 2745//5535 2746//5535 2809//5535
f 2810//5536 2809//5536 2746//5536
f 2746//5537 2747//5537 2810//5537
f 2811//5538 2810//5538 2747//5538
f 2747//5539 2748//5539 2811//5539
f 2812//5540 2811//5540 2748//5540
f 2748//5541 2749//5541 2812//5541
f 2813//5542 2812//5542 2749//5542
f 2749//5543 2750//5543 2813//5543
f 2814//5544 2813//5544 2750//5544
f 2750//5545 2751//5545 2814//5545
f 2815//5546 2814//5546 2751//5546
f 2751//5547 2752//5547 2815//5547
f 2816//5548 2815//5548 2752//5548
f 2752//5549 2753//5549 2816//5549
f 2817//5550 2816//5550 2753//5550
f 2753//5551 2754//5551 2817//5551
f 2818//5552 2817//5552 2754//5552
f 2754//5553 2755//5553 2818//5553
f 2819//5554 2818//5554 2755//5554
f 2755//5555 2756//5555 2819//5555
f 2820//5556 2819//5556 2756//5556
f 2756//5557 2757//5557 2820//5557
f 2821//5558 2820//5558 2757//5558
f 2757//5559 2758//5559 2821//5559
f 2822//5560 2821//5560 2758//5560
f 2758//5561 2759//5561 2822//5561
f 2823//5562 2822//5562 2759//5562
f 2759//5563 2760//5563 2823//5563
f 2824//5564 2823//5564 2760//5564
f 2760//5565 2761//5565 2824//5565
f 2825//5566 2824//5566 2761//5566
f 2761//5567 2762//5567 2825//5567
f 2826//5568 2825//5568 2762//5568
f 2762//5569 2763//5569 2826//5569
f 2827//5570 2826//5570 2763//5570
f 2763//5571 2764//5571 2827//5571
f 2828//5572 2827//5572 2764//5572
f 2764//5573 2765//5573 2828//5573
f 2829//5574 2828//5574 2765//5574
f 2765//5575 2766//5575 2829//5575
f 2830//5576 2829//5576 2766//5576
f 2766//5577 2767//5577 2830//5577
f 2831//5578 2830//5578 2767//5578
f 2767//5579 2768//5579 2831//5579
f 2832//5580 2831//5580 2768//5580
f 2768//5581 2769//5581 2832//5581
f 2833//5582 2832//5582 2769//5582
f 2769//5583 2770//5583 2833//5583
f 2834//5584 2833//5584 2770//5584
f 2770//5585 2771//5585 2834//5585
f 2835//5586 2834//5586 2771//5586
f 2771//5587 2772//5587 2835//5587
f 2836//5588 2835//5588 2772//5588
f 2772//5589 2773//5589 2836//5589
f 2837//5590 2836//5590 2773//5590
f 2773//5591 2774//5591 2837//5591
f 2838//5592 2837//5592 2774//5592
f 2774//5593 2775//5593 2838//5593
f 2839//5594 2838//5594 2775//5594
f 2775//5595 2776//5595 2839//5595
f 2840//5596 2839//5596 2776//5596
f 2776//5597 2777//5597 2840//5597
f 2841//5598 2840//5598 2777//5598
f 2777//5599 2778//5599 2841//5599
f 2842//5600 2841//5600 2778//5600
f 2778//5601 2779//5601 2842//5601
f 2843//5602 2842//5602 2779//5602
f 2779//5603 2780//5603 2843//5603
f 2844//5604 2843//5604 2780//5604
f 2780//5605 2781//5605 2844//5605
f 2845//5606 2844//5606 2781//5606
f 2781//5607 2782//5607 2845//5607
f 2846//5608 2845//5608 2782//5608
f 2782//5609 2783//5609 2846//5609
f 2847//5610 2846//5610 2783//5610
f 2783//5611 2784//5611 2847//5611
f 2848//5612 2847//5612 2784//5612
f 2784//5613 2785//5613 2848//5613
f 2849//5614 2848//5614 2785//5614
f 2786//5615 2787//5615 2850//5615
f 2851//5616 2850//5616 2787//5616
f 2787//5617 2788//5617 2851//5617
f 2852//5618 2851//5618 2788//5618
f 2788//5619 2789//5619 2852//5619
f 2853//5620 2852//5620 2789//5620
f 2789//5621 2790//5621 2853//5621
f 2854//5622 2853//5622 2790//5622
f 2790//5623 2791//5623 2854//5623
f 2855//5624 2854//5624 2791//5624
f 2791//5625 2792//5625 2855//5625
f 2856//5626 2855//5626 2792//5626
f 2792//5627 2793//5627 2856//5627
f 2857//5628 2856//5628 2793//5628
f 2793//5629 2794//5629 2857//5629
f 2858//5630 2857//5630 2794//5630
f 2794//5631 2795//5631 2858//5631
f 2859//5632 2858//5632 2795//5632
f 2795//5633 2796//5633 2859//5633
f 2860//5634 2859//5634 2796//5634
f 2796//5635 2797//5635 2860//5635
f 2861//5636 2860//5636 2797//5636
f 2797//5637 2798//5637 2861//5637
f 2862//5638 2861//5638 2798//5638
f 2798//5639 2799//5639 2862//5639
f 2863//5640 2862//5640 2799//5640
f 2799//5641 2800//5641 2863//5641
f 2864//5642 2863//5642 2800//5642
f 2800//5643 2801//5643 2864//5643
f 2865//5644 2864//5644 2801//5644
f 2801//5645 2802//5645 2865//5645
f 2866//5646 2865//5646 2802//5646
f 2849//5647 2786//5647 2913//5647
f 2850//5648 2913//5648 2786//5648
f 2802//5649 2803//5649 2866//5649
f 2867//5650 2866//5650 2803//5650
f 2803//5651 2804//5651 2867//5651
f 2868//5652 2867//5652 2804//5652
f 2804//5653 2805//5653 2868//5653
f 2869//5654 2868//5654 2805//5654
f 2805//5655 2806//5655 2869//5655
f 2870//5656 2869//5656 2806//5656
f 2806//5657 2807//5657 2870//5657
f 2871//5658 2870//5658 2807//5658
f 2807//5659 2808//5659 2871//5659
f 2872//5660 2871//5660 2808//5660
f 2808//5661 2809//5661 2872//5661
f 2873//5662 2872//5662 2809//5662
f 2809//5663 2810//5663 2873//5663
f 2874//5664 2873//5664 2810//5664
f 2810//5665 2811//5665 2874//5665
f 2875//5666 2874//5666 2811//5666
f 2811//5667 2812//5667 2875//5667
f 2876//5668 2875//5668 2812//5668
f 2812//5669 2813//5669 2876//5669
f 2877//5670 2876//5670 2813//5670
f 2813//5671 2814//5671 2877//5671
f 2878//5672 2877//5672 2814//5672
f 2814//5673 2815//5673 2878//5673
f 2879//5674 2878//5674 2815//5674
f 2815//5675 2816//5675 2879//5675
f 2880//5676 2879//5676 2816//5676
f 2816//5677 2817//5677 2880//5677
f 2881//5678 2880//5678 2817//5678
f 2817//5679 2818//5679 2881//5679
f 2882//5680 2881//5680 2818//5680
f 2818//5681 2819//5681 2882//5681
f 2883//5682 2882//5682 2819//5682
f 2819//5683 2820//5683 2883//5683
f 2884//5684 2883//5684 2820//5684
f 2820//5685 2821//5685 2884//5685
f 2885//5686 2884//5686 2821//5686
f 2821//5687 2822//5687 2885//5687
f 2886//5688 2885//5688 2822//5688
f 2822//5689 2823//5689 2886//5689
f 2887//5690 2886//5690 2823//5690
f 2823//5691 2824//5691 2887//5691
f 2888//5692 2887//5692 2824//5692
f 2824//5693 2825//5693 2888//5693
f 2889//5694 2888//5694 2825//5694
f 2825//5695 2826//5695 2889//5695
f 2890//5696 2889//5696 2826//5696
f 2826//5697 2827//5697 2890//5697
f 2891//5698 2890//5698 2827//5698
f 2827//5699 2828//5699 2891//5699
f 2892//5700 2891//5700 2828//5700
f 2828//5701 2829//5701 2892//5701
f 2893//5702 2892//5702 2829//5702
f 2829//5703 2830//5703 2893//5703
f 2894//5704 2893//5704 2830//5704
f 2830//5705 2831//5705 2894//5705
f 2895//5706 2894//5706 2831//5706
f 2831//5707 2832//5707 2895//5707
f 2896//5708 2895//5708 2832//5708
f 2832//5709 2833//5709 2896//5709
f 2897//5710 2896//5710 2833//5710
f 2833//5711 2834//5711 2897//5711
f 2898//5712 2897//5712 2834//5712
f 2834//5713 2835//5713 2898//5713
f 2899//5714 2898//5714 2835//5714
f 2835//5715 2836//5715 2899//5715
f 2900//5716 2899//5716 2836//5716
f 2836//5717 2837//5717 2900//5717
f 2901//5718 2900//5718 2837//5718
f 2837//5719 2838//5719 2901//5719
f 2902//5720 2901//5720 2838//5720
f 2838//5721 2839//5721 2902//5721
f 2903//5722 2902//5722 2839//5722
f 2839//5723 2840//5723 2903//5723
f 2904//5724 2903//5724 2840//5724
f 2840//5725 2841//5725 2904//5725
f 2905//5726 2904//5726 2841//5726
f 2841//5727 2842//5727 2905//5727
f 2906//5728 2905//5728 2842//5728
f 2842//5729 2843//5729 2906//5729
f 2907//5730 2906//5730 2843//5730
f 2843//5731 2844//5731 2907//5731
f 2908//5732 2907//5732 2844//5732
f 2844//5733 2845//5733 2908//5733
f 2909//5734 2908//5734 2845//5734
f 2845//5735 2846//5735 2909//5735
f 2910//5736 2909//5736 2846//5736
f 2846//5737 2847//5737 2910//5737
f 2911//5738 2910//5738 2847//5738
f 2847//5739 2848//5739 2911//5739
f 2912//5740 2911//5740 2848//5740
f 2848//5741 2849//5741 2912//5741
f 2913//5742 2912//5742 2849//5742
f 2850//5743 2851//5743 2914//5743
f 2915//5744 2914//5744 2851//5744
f 2851//5745 2852//5745 2915//5745
f 2916//5746 2915//5746 2852//5746
f 2852//5747 2853//5747 2916//5747
f 2917//5748 2916//5748 2853//5748
f 2853//5749 2854//5749 2917//5749
f 2918//5750 2917//5750 2854//5750
f 2854//5751 2855//5751 2918//5751
f 2919//5752 2918//5752 2855//5752
f 2855//5753 2856//5753 2919//5753
f 2920//5754 2919//5754 2856//5754
f 2856//5755 2857//5755 2920//5755
f 2921//5756 2920//5756 2857//5756
f 2857//5757 2858//5757 2921//5757
f 2922//5758 2921//5758 2858//5758
f 2858//5759 2859//5759 2922//5759
f 2923//5760 2922//5760 2859//5760
f 2859//5761 2860//5761 2923//5761
f 2924//5762 2923//5762 2860//5762
f 2860//5763 2861//5763 2924//5763
f 2925//5764 2924//5764 2861//5764
f 2861//5765 2862//5765 2925//5765
f 2926//5766 2925//5766 2862//5766
f 2862//5767 2863//5767 2926//5767
f 2927//5768 2926//5768 2863//5768
f 2863//5769 2864//5769 2927//5769
f 2928//5770 2927//5770 2864//5770
f 2864//5771 2865//5771 2928//5771
f 2929//5772 2928//5772 2865//5772
f 2865//5773 2866//5773 2929//5773
f 2930//5774 2929//5774 2866//5774
f 2913//5775 2850//5775 2977//5775
f 2914//5776 2977//5776 2850//5776
f 2866//5777 2867//5777 2930//5777
f 2931//5778 2930//5778 2867//5778
f 2867//5779 2868//5779 2931//5779
f 2932//5780 2931//5780 2868//5780
f 2868//5781 2869//5781 2932//5781
f 2933//5782 2932//5782 2869//5782
f 2869//5783 2870//5783 2933//5783
f 2934//5784 2933//5784 2870//5784
f 2870//5785 2871//5785 2934//5785
f 2935//5786 2934//5786 2871//5786
f 2871//5787 2872//5787 2935//5787
f 2936//5788 2935//5788 2872//5788
f 2872//5789 2873//5789 2936//5789
f 2937//5790 2936//5790 2873//5790
f 2873//5791 2874//5791 2937//5791
f 2938//5792 2937//5792 2874//5792
f 2874//5793 2875//5793 2938//5793
f 2939//5794 2938//5794 2875//5794
f 2875//5795 2876//5795 2939//5795
f 2940//5796 2939//5796 2876//5796
f 2876//5797 2877//5797 2940//5797
f 2941//5798 2940//5798 2877//5798
f 2877//5799 2878//5799 2941//5799
f 2942//5800 2941//5800 2878//5800
f 2878//5801 2879//5801 2942//5801
f 2943//5802 2942//5802 2879//5802
f 2879//5803 2880//5803 2943//5803
f 2944//5804 2943//5804 2880//5804
f 2880//5805 2881//5805 2944//5805
f 2945//5806 2944//5806 2881//5806
f 2881//5807 2882//5807 2945//5807
f 2946//5808 2945//5808 2882//5808
f 2882//5809 2883//5809 2946//5809
f 2947//5810 2946//5810 2883//5810
f 2883//5811 2884//5811 2947//5811
f 2948//5812 2947//5812 2884//5812
f 2884//5813 2885//5813 2948//5813
f 2949//5814 2948//5814 2885//5814
f 2885//5815 2886//5815 2949//5815
f 2950//5816 2949//5816 2886//5816
f 2886//5817 2887//5817 2950//5817
f 2951//5818 2950//5818 2887//5818
f 2887//5819 2888//5819 2951//5819
f 2952//5820 2951//5820 2888//5820
f 2888//5821 2889//5821 2952//5821
f 2953//5822 2952//5822 2889//5822
f 2889//5823 2890//5823 2953//5823
f 2954//5824 2953//5824 2890//5824
f 2890//5825 2891//5825 2954//5825
f 2955//5826 2954//5826 2891//5826
f 2891//5827 2892//5827 2955//5827
f 2956//5828 2955//5828 2892//5828
f 2892//5829 2893//5829 2956//5829
f 2957//5830 2956//5830 2893//5830
f 2893//5831 2894//5831 2957//5831
f 2958//5832 2957//5832 2894//5832
f 2894//5833 2895//5833 2958//5833
f 2959//5834 2958//5834 2895//5834
f 2895//5835 2896//5835 2959//5835
f 2960//5836 2959//5836 2896//5836
f 2896//5837 2897//5837 2960//5837
f 2961//5838 2960//5838 2897//5838
f 2897//5839 2898//5839 2961//5839
f 2962//5840 2961//5840 2898//5840
f 2898//5841 2899//5841 2962//5841
f 2963//5842 2962//5842 2899//5842
f 2899//5843 2900//5843 2963//5843
f 2964//5844 2963//5844 2900//5844
f 2900//5845 2901//5845 2964//5845
f 2965//5846 2964//5846 2901//5846
f 2901//5847 2902//5847 2965//5847
f 2966//5848 2965//5848 2902//5848
f 2902//5849 2903//5849 2966//5849
f 2967//5850 2966//5850 2903//5850
f 2903//5851 2904//5851 2967//5851
f 2968//5852 2967//5852 2904//5852
f 2904//5853 2905//5853 2968//5853
f 2969//5854 2968//5854 2905//5854
f 2905//5855 2906//5855 2969//5855
f 2970//5856 2969//5856 2906//5856
f 2906//5857 2907//5857 2970//5857
f 2971//5858 2970//5858 2907//5858
f 2907//5859 2908//5859 2971//5859
f 2972//5860 2971//5860 2908//5860
f 2908//5861 2909//5861 2972//5861
f 2973//5862 2972//5862 2909//5862
f 2909//5863 2910//5863 2973//5863
f 2974//5864 2973//5864 2910//5864
f 2910//5865 2911//5865 2974//5865
f 2975//5866 2974//5866 2911//5866
f 2911//5867 2912//5867 2975//5867
f 2976//5868 2975//5868 2912//5868
f 2912//5869 2913//5869 2976//5869
f 2977//5870 2976//5870 2913//5870
f 2914//5871 2915//5871 2978//5871
f 2979//5872 2978//5872 2915//5872
f 2915//5873 2916//5873 2979//5873
f 2980//5874 2979//5874 2916//5874
f 2916//5875 2917//5875 2980//5875
f 2981//5876 2980//5876 2917//5876
f 2917//5877 2918//5877 2981//5877
f 2982//5878 2981//5878 2918//5878
f 2918//5879 2919//5879 2982//5879
f 2983//5880 2982//5880 2919//5880
f 2919//5881 2920//5881 2983//5881
f 2984//5882 2983//5882 2920//5882
f 2920//5883 2921//5883 2984//5883
f 2985//5884 2984//5884 2921//5884
f 2921//5885 2922//5885 2985//5885
f 2986//5886 2985//5886 2922//5886
f 2922//5887 2923//5887 2986//5887
f 2987//5888 2986//5888 2923//5888
f 2923//5889 2924//5889 2987//5889
f 2988//5890 2987//5890 2924//5890
f 2924//5891 2925//5891 2988//5891
f 2989//5892 2988//5892 2925//5892
f 2925//5893 2926//5893 2989//5893
f 2990//5894 2989//5894 2926//5894
f 2926//5895 2927//5895 2990//5895
f 2991//5896 2990//5896 2927//5896
f 2927//5897 2928//5897 2991//5897
f 2992//5898 2991//5898 2928//5898
f 2928//5899 2929//5899 2992//5899
f 2993//5900 2992//5900 2929//5900
f 2929//5901 2930//5901 2993//5901
f 2994//5902 2993//5902 2930//5902
f 2977//5903 2914//5903 3041//5903
f 2978//5904 3041//5904 2914//5904
f 2930//5905 2931//5905 2994//5905
f 2995//5906 2994//5906 2931//5906
f 2931//5907 2932//5907 2995//5907
f 2996//5908 2995//5908 2932//5908
f 2932//5909 2933//5909 2996//5909
f 2997//5910 2996//5910 2933//5910
f 2933//5911 2934//5911 2997//5911
f 2998//5912 2997//5912 2934//5912
f 2934//5913 2935//5913 2998//5913
f 2999//5914 2998//5914 2935//5914
f 2935//5915 2936//5915 2999//5915
f 3000//5916 2999//5916 2936//5916
f 2936//5917 2937//5917 3000//5917
f 3001//5918 3000//5918 2937//5918
f 2937//5919 2938//5919 3001//5919
f 3002//5920 3001//5920 2938//5920
f 2938//5921 2939//5921 3002//5921
f 3003//5922 3002//5922 2939//5922
f 2939//5923 2940//5923 3003//5923
f 3004//5924 3003//5924 2940//5924
f 2940//5925 2941//5925 3004//5925
f 3005//5926 3004//5926 2941//5926
f 2941//5927 2942//5927 3005//5927
f 3006//5928 3005//5928 2942//5928
f 2942//5929 2943//5929 3006//5929
f 3007//5930 3006//5930 2943//5930
f 2943//5931 2944//5931 3007//5931
f 3008//5932 3007//5932 2944//5932
f 2944//5933 2945//5933 3008//5933
f 3009//5934 3008//5934 2945//5934
f 2945//5935 2946//5935 3009//5935
f 3010//5936 3009//5936 2946//5936
f 2946//5937 2947//5937 3010//5937
f 3011//5938 3010//5938 2947//5938
f 2947//5939 2948//5939 3011//5939
f 3012//5940 3011//5940 2948//5940
f 2948//5941 2949//5941 3012//5941
f 3013//5942 3012//5942 2949//5942
f 2949//5943 2950//5943 3013//5943
f 3014//5944 3013//5944 2950//5944
f 2950//5945 2951//5945 3014//5945
f 3015//5946 3014//5946 2951//5946
f 2951//5947 2952//5947 3015//5947
f 3016//5948 3015//5948 2952//5948
f 2952//5949 2953//5949 3016//5949
f 3017//5950 3016//5950 2953//5950
f 2953//5951 2954//5951 3017//5951
f 3018//5952 3017//5952 2954//5952
f 2954//5953 2955//5953 3018//5953
f 3019//5954 3018//5954 2955//5954
f 2955//5955 2956//5955 3019//5955
f 3020//5956 3019//5956 2956//5956
f 2956//5957 2957//5957 3020//5957
f 3021//5958 3020//5958 2957//5958
f 2957//5959 2958//5959 3021//5959
f 3022//5960 3021//5960 2958//5960
f 2958//5961 2959//5961 3022//5961
f 3023//5962 3022//5962 2959//5962
f 2959//5963 2960//5963 3023//5963
f 3024//5964 3023//5964 2960//5964
f 2960//5965 2961//5965 3024//5965
f 3025//5966 3024//5966 2961//5966
f 2961//5967 2962//5967 3025//5967
f 3026//5968 3025//5968 2962//5968
f 2962//5969 2963//5969 3026//5969
f 3027//5970 3026//5970 2963//5970
f 2963//5971 2964//5971 3027//5971
f 3028//5972 3027//5972 2964//5972
f 2964//5973 2965//5973 3028//5973
f 3029//5974 3028//5974 2965//5974
f 2965//5975 2966//5975 3029//5975
f 3030//5976 3029//5976 2966//5976
f 2966//5977 2967//5977 3030//5977
f 3031//5978 3030//5978 2967//5978
f 2967//5979 2968//5979 3031//5979
f 3032//5980 3031//5980 2968//5980
f 2968//5981 2969//5981 3032//5981
f 3033//5982 3032//5982 2969//5982
f 2969//5983 2970//5983 3033//5983
f 3034//5984 3033//5984 2970//5984
f 2970//5985 2971//5985 3034//5985
f 3035//5986 3034//5986 2971//5986
f 2971//5987 2972//5987 3035//5987
f 3036//5988 3035//5988 2972//5988
f 2972//5989 2973//5989 3036//5989
f 3037//5990 3036//5990 2973//5990
f 2973//5991 2974//5991 3037//5991
f 3038//5992 3037//5992 2974//5992
f 2974//5993 2975//5993 3038//5993
f 3039//5994 3038//5994 2975//5994
f 2975//5995 2976//5995 3039//5995
f 3040//5996 3039//5996 2976//5996
f 2976//5997 2977//5997 3040//5997
f 3041//5998 3040//5998 2977//5998
f 2978//5999 2979//5999 3042//5999
f 3043//6000 3042//6000 2979//6000
f 2979//6001 2980//6001 3043//6001
f 3044//6002 3043//6002 2980//6002
f 2980//6003 2981//6003 3044//6003
f 3045//6004 3044//6004 2981//6004
f 2981//6005 2982//6005 3045//6005
f 3046//6006 3045//6006 2982//6006
f 2982//6007 2983//6007 3046//6007
f 3047//6008 3046//6008 2983//6008
f 2983//6009 2984//6009 3047//6009
f 3048//6010 3047//6010 2984//6010
f 2984//6011 2985//6011 3048//6011
f 3049//6012 3048//6012 2985//6012
f 2985//6013 2986//6013 3049//6013
f 3050//6014 3049//6014 2986//6014
f 2986//6015 2987//6015 3050//6015
f 3051//6016 3050//6016 2987//6016
f 2987//6017 2988//6017 3051//6017
f 3052//6018 3051//6018 2988//6018
f 2988//6019 2989//6019 3052//6019
f 3053//6020 3052//6020 2989//6020
f 2989//6021 2990//6021 3053//6021
f 3054//6022 3053//6022 2990//6022
f 2990//6023 2991//6023 3054//6023
f 3055//6024 3054//6024 2991//6024
f 2991//6025 2992//6025 3055//6025
f 3056//6026 3055//6026 2992//6026
f 2992//6027 2993//6027 3056//6027
f 3057//6028 3056//6028 2993//6028
f 2993//6029 2994//6029 3057//6029
f 3058//6030 3057//6030 2994//6030
f 3041//6031 2978//6031 3105//6031
f 3042//6032 3105//6032 2978//6032
f 2994//6033 2995//6033 3058//6033
f 3059//6034 3058//6034 2995//6034
f 2995//6035 2996//6035 3059//6035
f 3060//6036 3059//6036 2996//6036
f 2996//6037 2997//6037 3060//6037
f 3061//6038 3060//6038 2997//6038
f 2997//6039 2998//6039 3061//6039
f 3062//6040 3061//6040 2998//6040
f 2998//6041 2999//6041 3062//6041
f 3063//6042 3062//6042 2999//6042
f 2999//6043 3000//6043 3063//6043
f 3064//6044 3063//6044 3000//6044
f 3000//6045 3001//6045 3064//6045
f 3065//6046 3064//6046 3001//6046
f 3001//6047 3002//6047 3065//6047
f 3066//6048 3065//6048 3002//6048
f 3002//6049 3003//6049 3066//6049
f 3067//6050 3066//6050 3003//6050
f 3003//6051 3004//6051 3067//6051
f 3068//6052 3067//6052 3004//6052
f 3004//6053 3005//6053 3068//6053
f 3069//6054 3068//6054 3005//6054
f 3005//6055 3006//6055 3069//6055
f 3070//6056 3069//6056 3006//6056
f 3006//6057 3007//6057 3070//6057
f 3071//6058 3070//6058 3007//6058
f 3007//6059 3008//6059 3071//6059
f 3072//6060 3071//6060 3008//6060
f 3008//6061 3009//6061 3072//6061
f 3073//6062 3072//6062 3009//6062
f 3009//6063 3010//6063 3073//6063
f 3074//6064 3073//6064 3010//6064
f 3010//6065 3011//6065 3074//6065
f 3075//6066 3074//6066 3011//6066
f 3011//6067 3012//6067 3075//6067
f 3076//6068 3075//6068 3012//6068
f 3012//6069 3013//6069 3076//6069
f 3077//6070 3076//6070 3013//6070
f 3013//6071 3014//6071 3077//6071
f 3078//6072 3077//6072 3014//6072
f 3014//6073 3015//6073 3078//6073
f 3079//6074 3078//6074 3015//6074
f 3015//6075 3016//6075 3079//6075
f 3080//6076 3079//6076 3016//6076
f 3016//6077 3017//6077 3080//6077
f 3081//6078 3080//6078 3017//6078
f 3017//6079 3018//6079 3081//6079
f 3082//6080 3081//6080 3018//6080
f 3018//6081 3019//6081 3082//6081
f 3083//6082 3082//6082 3019//6082
f 3019//6083 3020//6083 3083//6083
f 3084//6084 3083//6084 3020//6084
f 3020//6085 3021//6085 3084//6085
f 3085//6086 3084//6086 3021//6086
f 3021//6087 3022//6087 3085//6087
f 3086//6088 3085//6088 3022//6088
f 3022//6089 3023//6089 3086//6089
f 3087//6090 3086//6090 3023//6090
f 3023//6091 3024//6091 3087//6091
f 3088//6092 3087//6092 3024//6092
f 3024//6093 3025//6093 3088//6093
f 3089//6094 3088//6094 3025//6094
f 3025//6095 3026//6095 3089//6095
f 3090//6096 3089//6096 3026//6096
f 3026//6097 3027//6097 3090//6097
f 3091//6098 3090//6098 3027//6098
f 3027//6099 3028//6099 3091//6099
f 3092//6100 3091//6100 3028//6100
f 3028//6101 3029//6101 3092//6101
f 3093//6102 3092//6102 3029//6102
f 3029//6103 3030//6103 3093//6103
f 3094//6104 3093//6104 3030//6104
f 3030//6105 3031//6105 3094//6105
f 3095//6106 3094//6106 3031//6106
f 3031//6107 3032//6107 3095//6107
f 3096//6108 3095//6108 3032//6108
f 3032//6109 3033//6109 3096//6109
f 3097//6110 3096//6110 3033//6110
f 3033//6111 3034//6111 3097//6111
f 3098//6112 3097//6112 3034//6112
f 3034//6113 3035//6113 3098//6113
f 3099//6114 3098//6114 3035//6114
f 3035//6115 3036//6115 3099//6115
f 3100//6116 3099//6116 3036//6116
f 3036//6117 3037//6117 3100//6117
f 3101//6118 3100//6118 3037//6118
f 3037//6119 3038//6119 3101//6119
f 3102//6120 3101//6120 3038//6120
f 3038//6121 3039//6121 3102//6121
f 3103//6122 3102//6122 3039//6122
f 3039//6123 3040//6123 3103//6123
f 3104//6124 3103//6124 3040//6124
f 3040//6125 3041//6125 3104//6125
f 3105//6126 3104//6126 3041//6126
f 3042//6127 3043//6127 3106//6127
f 3107//6128 3106//6128 3043//6128
f 3043//6129 3044//6129 3107//6129
f 3108//6130 3107//6130 3044//6130
f 3044//6131 3045//6131 3108//6131
f 3109//6132 3108//6132 3045//6132
f 3045//6133 3046//6133 3109//6133
f 3110//6134 3109//6134 3046//6134
f 3046//6135 3047//6135 3110//6135
f 3111//6136 3110//6136 3047//6136
f 3047//6137 3048//6137 3111//6137
f 3112//6138 3111//6138 3048//6138
f 3048//6139 3049//6139 3112//6139
f 3113//6140 3112//6140 3049//6140
f 3049//6141 3050//6141 3113//6141
f 3114//6142 3113//6142 3050//6142
f 3050//6143 3051//6143 3114//6143
f 3115//6144 3114//6144 3051//6144
f 3051//6145 3052//6145 3115//6145
f 3116//6146 3115//6146 3052//6146
f 3052//6147 3053//6147 3116//6147
f 3117//6148 3116//6148 3053//6148
f 3053//6149 3054//6149 3117//6149
f 3118//6150 3117//6150 3054//6150
f 3054//6151 3055//6151 3118//6151
f 3119//6152 3118//6152 3055//6152
f 3055//6153 3056//6153 3119//6153
f 3120//6154 3119//6154 3056//6154
f 3056//6155 3057//6155 3120//6155
f 3121//6156 3120//6156 3057//6156
f 3057//6157 3058//6157 3121//6157
f 3122//6158 3121//6158 3058//6158
f 3105//6159 3042//6159 3169//6159
f 3106//6160 3169//6160 3042//6160
f 3058//6161 3059//6161 3122//6161
f 3123//6162 3122//6162 3059//6162
f 3059//6163 3060//6163 3123//6163
f 3124//6164 3123//6164 3060//6164
f 3060//6165 3061//6165 3124//6165
f 3125//6166 3124//6166 3061//6166
f 3061//6167 3062//6167 3125//6167
f 3126//6168 3125//6168 3062//6168
f 3062//6169 3063//6169 3126//6169
f 3127//6170 3126//6170 3063//6170
f 3063//6171 3064//6171 3127//6171
f 3128//6172 3127//6172 3064//6172
f 3064//6173 3065//6173 3128//6173
f 3129//6174 3128//6174 3065//6174
f 3065//6175 3066//6175 3129//6175
f 3130//6176 3129//6176 3066//6176
f 3066//6177 3067//6177 3130//6177
f 3131//6178 3130//6178 3067//6178
f 3067//6179 3068//6179 3131//6179
f 3132//6180 3131//6180 3068//6180
f 3068//6181 3069//6181 3132//6181
f 3133//6182 3132//6182 3069//6182
f 3069//6183 3070//6183 3133//6183
f 3134//6184 3133//6184 3070//6184
f 3070//6185 3071//6185 3134//6185
f 3135//6186 3134//6186 3071//6186
f 3071//6187 3072//6187 3135//6187
f 3136//6188 3135//6188 3072//6188
f 3072//6189 3073//6189 3136//6189
f 3137//6190 3136//6190 3073//6190
f 3073//6191 3074//6191 3137//6191
f 3138//6192 3137//6192 3074//6192
f 3074//6193 3075//6193 3138//6193
f 3139//6194 3138//6194 3075//6194
f 3075//6195 3076//6195 3139//6195
f 3140//6196 3139//6196 3076//6196
f 3076//6197 3077//6197 3140//6197
f 3141//6198 3140//6198 3077//6198
f 3077//6199 3078//6199 3141//6199
f 3142//6200 3141//6200 3078//6200
f 3078//6201 3079//6201 3142//6201
f 3143//6202 3142//6202 3079//6202
f 3079//6203 3080//6203 3143//6203
f 3144//6204 3143//6204 3080//6204
f 3080//6205 3081//6205 3144//6205
f 3145//6206 3144//6206 3081//6206
f 3081//6207 3082//6207 3145//6207
f 3146//6208 3145//6208 3082//6208
f 3082//6209 3083//6209 3146//6209
f 3147//6210 3146//6210 3083//6210
f 3083//6211 3084//6211 3147//6211
f 3148//6212 3147//6212 3084//6212
f 3084//6213 3085//6213 3148//6213
f 3149//6214 3148//6214 3085//6214
f 3085//6215 3086//6215 3149//6215
f 3150//6216 3149//6216 3086//6216
f 3086//6217 3087//6217 3150//6217
f 3151//6218 3150//6218 3087//6218
f 3087//6219 3088//6219 3151//6219
f 3152//6220 3151//6220 3088//6220
f 3088//6221 3089//6221 3152//6221
f 3153//6222 3152//6222 3089//6222
f 3089//6223 3090//6223 3153//6223
f 3154//6224 3153//6224 3090//6224
f 3090//6225 3091//6225 3154//6225
f 3155//6226 3154//6226 3091//6226
f 3091//6227 3092//6227 3155//6227
f 3156//6228 3155//6228 3092//6228
f 3092//6229 3093//6229 3156//6229
f 3157//6230 3156//6230 3093//6230
f 3093//6231 3094//6231 3157//6231
f 3158//6232 3157//6232 3094//6232
f 3094//6233 3095//6233 3158//6233
f 3159//6234 3158//6234 3095//6234
f 3095//6235 3096//6235 3159//6235
f 3160//6236 3159//6236 3096//6236
f 3096//6237 3097//6237 3160//6237
f 3161//6238 3160//6238 3097//6238
f 3097//6239 3098//6239 3161//6239
f 3162//6240 3161//6240 3098//6240
f 3098//6241 3099//6241 3162//6241
f 3163//6242 3162//6242 3099//6242
f 3099//6243 3100//6243 3163//6243
f 3164//6244 3163//6244 3100//6244
f 3100//6245 3101//6245 3164//6245
f 3165//6246 3164//6246 3101//6246
f 3101//6247 3102//6247 3165//6247
f 3166//6248 3165//6248 3102//6248
f 3102//6249 3103//6249 3166//6249
f 3167//6250 3166//6250 3103//6250
f 3103//6251 3104//6251 3167//6251
f 3168//6252 3167//6252 3104//6252
f 3104//6253 3105//6253 3168//6253
f 3169//6254 3168//6254 3105//6254
f 3106//6255 3107//6255 3170//6255
f 3171//6256 3170//6256 3107//6256
f 3107//6257 3108//6257 3171//6257
f 3172//6258 3171//6258 3108//6258
f 3108//6259 3109//6259 3172//6259
f 3173//6260 3172//6260 3109//6260
f 3109//6261 3110//6261 3173//6261
f 3174//6262 3173//6262 3110//6262
f 3110//6263 3111//6263 3174//6263
f 3175//6264 3174//6264 3111//6264
f 3111//6265 3112//6265 3175//6265
f 3176//6266 3175//6266 3112//6266
f 3112//6267 3113//6267 3176//6267
f 3177//6268 3176//6268 3113//6268
f 3113//6269 3114//6269 3177//6269
f 3178//6270 3177//6270 3114//6270
f 3114//6271 3115//6271 3178//6271
f 3179//6272 3178//6272 3115//6272
f 3115//6273 3116//6273 3179//6273
f 3180//6274 3179//6274 3116//6274
f 3116//6275 3117//6275 3180//6275
f 3181//6276 3180//6276 3117//6276
f 3117//6277 3118//6277 3181//6277
f 3182//6278 3181//6278 3118//6278
f 3118//6279 3119//6279 3182//6279
f 3183//6280 3182//6280 3119//6280
f 3119//6281 3120//6281 3183//6281
f 3184//6282 3183//6282 3120//6282
f 3120//6283 3121//6283 3184//6283
f 3185//6284 3184//6284 3121//6284
f 3121//6285 3122//6285 3185//6285
f 3186//6286 3185//6286 3122//6286
f 3169//6287 3106//6287 3233//6287
f 3170//6288 3233//6288 3106//6288
f 3122//6289 3123//6289 3186//6289
f 3187//6290 3186//6290 3123//6290
f 3123//6291 3124//6291 3187//6291
f 3188//6292 3187//6292 3124//6292
f 3124//6293 3125//6293 3188//6293
f 3189//6294 3188//6294 3125//6294
f 3125//6295 3126//6295 3189//6295
f 3190//6296 3189//6296 3126//6296
f 3126//6297 3127//6297 3190//6297
f 3191//6298 3190//6298 3127//6298
f 3127//6299 3128//6299 3191//6299
f 3192//6300 3191//6300 3128//6300
f 3128//6301 3129//6301 3192//6301
f 3193//6302 3192//6302 3129//6302
f 3129//6303 3130//6303 3193//6303
f 3194//6304 3193//6304 3130//6304
f 3130//6305 3131//6305 3194//6305
f 3195//6306 3194//6306 3131//6306
f 3131//6307 3132//6307 3195//6307
f 3196//6308 3195//6308 3132//6308
f 3132//6309 3133//6309 3196//6309
f 3197//6310 3196//6310 3133//6310
f 3133//6311 3134//6311 3197//6311
f 3198//6312 3197//6312 3134//6312
f 3134//6313 3135//6313 3198//6313
f 3199//6314 3198//6314 3135//6314
f 3135//6315 3136//6315 3199//6315
f 3200//6316 3199//6316 3136//6316
f 3136//6317 3137//6317 3200//6317
f 3201//6318 3200//6318 3137//6318
f 3137//6319 3138//6319 3201//6319
f 3202//6320 3201//6320 3138//6320
f 3138//6321 3139//6321 3202//6321
f 3203//6322 3202//6322 3139//6322
f 3139//6323 3140//6323 3203//6323
f 3204//6324 3203//6324 3140//6324
f 3140//6325 3141//6325 3204//6325
f 3205//6326 3204//6326 3141//6326
f 3141//6327 3142//6327 3205//6327
f 3206//6328 3205//6328 3142//6328
f 3142//6329 3143//6329 3206//6329
f 3207//6330 3206//6330 3143//6330
f 3143//6331 3144//6331 3207//6331
f 3208//6332 3207//6332 3144//6332
f 3144//6333 3145//6333 3208//6333
f 3209//6334 3208//6334 3145//6334
f 3145//6335 3146//6335 3209//6335
f 3210//6336 3209//6336 3146//6336
f 3146//6337 3147//6337 3210//6337
f 3211//6338 3210//6338 3147//6338
f 3147//6339 3148//6339 3211//6339
f 3212//6340 3211//6340 3148//6340
f 3148//6341 3149//6341 3212//6341
f 3213//6342 3212//6342 3149//6342
f 3149//6343 3150//6343 3213//6343
f 3214//6344 3213//6344 3150//6344
f 3150//6345 3151//6345 3214//6345
f 3215//6346 3214//6346 3151//6346
f 3151//6347 3152//6347 3215//6347
f 3216//6348 3215//6348 3152//6348
f 3152//6349 3153//6349 3216//6349
f 3217//6350 3216//6350 3153//6350
f 3153//6351 3154//6351 3217//6351
f 3218//6352 3217//6352 3154//6352
f 3154//6353 3155//6353 3218//6353
f 3219//6354 3218//6354 3155//6354
f 3155//6355 3156//6355 3219//6355
f 3220//6356 3219//6356 3156//6356
f 3156//6357 3157//6357 3220//6357
f 3221//6358 3220//6358 3157//6358
f 3157//6359 3158//6359 3221//6359
f 3222//6360 3221//6360 3158//6360
f 3158//6361 3159//6361 3222//6361
f 3223//6362 3222//6362 3159//6362
f 3159//6363 3160//6363 3223//6363
f 3224//6364 3223//6364 3160//6364
f 3160//6365 3161//6365 3224//6365
f 3225//6366 3224//6366 3161//6366
f 3161//6367 3162//6367 3225//6367
f 3226//6368 3225//6368 3162//6368
f 3162//6369 3163//6369 3226//6369
f 3227//6370 3226//6370 3163//6370
f 3163//6371 3164//6371 3227//6371
f 3228//6372 3227//6372 3164//6372
f 3164//6373 3165//6373 3228//6373
f 3229//6374 3228//6374 3165//6374
f 3165//6375 3166//6375 3229//6375
f 3230//6376 3229//6376 3166//6376
f 3166//6377 3167//6377 3230//6377
f 3231//6378 3230//6378 3167//6378
f 3167//6379 3168//6379 3231//6379
f 3232//6380 3231//6380 3168//6380
f 3168//6381 3169//6381 3232//6381
f 3233//6382 3232//6382 3169//6382
f 3170//6383 3171//6383 3234//6383
f 3235//6384 3234//6384 3171//6384
f 3171//6385 3172//6385 3235//6385
f 3236//6386 3235//6386 3172//6386
f 3172//6387 3173//6387 3236//6387
f 3237//6388 3236//6388 3173//6388
f 3173//6389 3174//6389 3237//6389
f 3238//6390 3237//6390 3174//6390
f 3174//6391 3175//6391 3238//6391
f 3239//6392 3238//6392 3175//6392
f 3175//6393 3176//6393 3239//6393
f 3240//6394 3239//6394 3176//6394
f 3176//6395 3177//6395 3240//6395
f 3241//6396 3240//6396 3177//6396
f 3177//6397 3178//6397 3241//6397
f 3242//6398 3241//6398 3178//6398
f 3178//6399 3179//6399 3242//6399
f 3243//6400 3242//6400 3179//6400
f 3179//6401 3180//6401 3243//6401
f 3244//6402 3243//6402 3180//6402
f 3180//6403 3181//6403 3244//6403
f 3245//6404 3244//6404 3181//6404
f 3181//6405 3182//6405 3245//6405
f 3246//6406 3245//6406 3182//6406
f 3182//6407 3183//6407 3246//6407
f 3247//6408 3246//6408 3183//6408
f 3183//6409 3184//6409 3247//6409
f 3248//6410 3247//6410 3184//6410
f 3184//6411 3185//6411 3248//6411
f 3249//6412 3248//6412 3185//6412
f 3185//6413 3186//6413 3249//6413
f 3250//6414 3249//6414 3186//6414
f 3233//6415 3170//6415 3297//6415
f 3234//6416 3297//6416 3170//6416
f 3186//6417 3187//6417 3250//6417
f 3251//6418 3250//6418 3187//6418
f 3187//6419 3188//6419 3251//6419
f 3252//6420 3251//6420 3188//6420
f 3188//6421 3189//6421 3252//6421
f 3253//6422 3252//6422 3189//6422
f 3189//6423 3190//6423 3253//6423
f 3254//6424 3253//6424 3190//6424
f 3190//6425 3191//6425 3254//6425
f 3255//6426 3254//6426 3191//6426
f 3191//6427 3192//6427 3255//6427
f 3256//6428 3255//6428 3192//6428
f 3192//6429 3193//6429 3256//6429
f 3257//6430 3256//6430 3193//6430
f 3193//6431 3194//6431 3257//6431
f 3258//6432 3257//6432 3194//6432
f 3194//6433 3195//6433 3258//6433
f 3259//6434 3258//6434 3195//6434
f 3195//6435 3196//6435 3259//6435
f 3260//6436 3259//6436 3196//6436
f 3196//6437 3197//6437 3260//6437
f 3261//6438 3260//6438 3197//6438
f 3197//6439 3198//6439 3261//6439
f 3262//6440 3261//6440 3198//6440
f 3198//6441 3199//6441 3262//6441
f 3263//6442 3262//6442 3199//6442
f 3199//6443 3200//6443 3263//6443
f 3264//6444 3263//6444 3200//6444
f 3200//6445 3201//6445 3264//6445
f 3265//6446 3264//6446 3201//6446
f 3201//6447 3202//6447 3265//6447
f 3266//6448 3265//6448 3202//6448
f 3202//6449 3203//6449 3266//6449
f 3267//6450 3266//6450 3203//6450
f 3203//6451 3204//6451 3267//6451
f 3268//6452 3267//6452 3204//6452
f 3204//6453 3205//6453 3268//6453
f 3269//6454 3268//6454 3205//6454
f 3205//6455 3206//6455 3269//6455
f 3270//6456 3269//6456 3206//6456
f 3206//6457 3207//6457 3270//6457
f 3271//6458 3270//6458 3207//6458
f 3207//6459 3208//6459 3271//6459
f 3272//6460 3271//6460 3208//6460
f 3208//6461 3209//6461 3272//6461
f 3273//6462 3272//6462 3209//6462
f 3209//6463 3210//6463 3273//6463
f 3274//6464 3273//6464 3210//6464
f 3210//6465 3211//6465 3274//6465
f 3275//6466 3274//6466 3211//6466
f 3211//6467 3212//6467 3275//6467
f 3276//6468 3275//6468 3212//6468
f 3212//6469 3213//6469 3276//6469
f 3277//6470 3276//6470 3213//6470
f 3213//6471 3214//6471 3277//6471
f 3278//6472 3277//6472 3214//6472
f 3214//6473 3215//6473 3278//6473
f 3279//6474 3278//6474 3215//6474
f 3215//6475 3216//6475 3279//6475
f 3280//6476 3279//6476 3216//6476
f 3216//6477 3217//6477 3280//6477
f 3281//6478 3280//6478 3217//6478
f 3217//6479 3218//6479 3281//6479
f 3282//6480 3281//6480 3218//6480
f 3218//6481 3219//6481 3282//6481
f 3283//6482 3282//6482 3219//6482
f 3219//6483 3220//6483 3283//6483
f 3284//6484 3283//6484 3220//6484
f 3220//6485 3221//6485 3284//6485
f 3285//6486 3284//6486 3221//6486
f 3221//6487 3222//6487 3285//6487
f 3286//6488 3285//6488 3222//6488
f 3222//6489 3223//6489 3286//6489
f 3287//6490 3286//6490 3223//6490
f 3223//6491 3224//6491 3287//6491
f 3288//6492 3287//6492 3224//6492
f 3224//6493 3225//6493 3288//6493
f 3289//6494 3288//6494 3225//6494
f 3225//6495 3226//6495 3289//6495
f 3290//6496 3289//6496 3226//6496
f 3226//6497 3227//6497 3290//6497
f 3291//6498 3290//6498 3227//6498
f 3227//6499 3228//6499 3291//6499
f 3292//6500 3291//6500 3228//6500
f 3228//6501 3229//6501 3292//6501
f 3293//6502 3292//6502 3229//6502
f 3229//6503 3230//6503 3293//6503
f 3294//6504 3293//6504 3230//6504
f 3230//6505 3231//6505 3294//6505
f 3295//6506 3294//6506 3231//6506
f 3231//6507 3232//6507 3295//6507
f 3296//6508 3295//6508 3232//6508
f 3232//6509 3233//6509 3296//6509
f 3297//6510 3296//6510 3233//6510
f 3234//6511 3235//6511 3298//6511
f 3299//6512 3298//6512 3235//6512
f 3235//6513 3236//6513 3299//6513
f 3300//6514 3299//6514 3236//6514
f 3236//6515 3237//6515 3300//6515
f 3301//6516 3300//6516 3237//6516
f 3237//6517 3238//6517 3301//6517
f 3302//6518 3301//6518 3238//6518
f 3238//6519 3239//6519 3302//6519
f 3303//6520 3302//6520 3239//6520
f 3239//6521 3240//6521 3303//6521
f 3304//6522 3303//6522 3240//6522
f 3240//6523 3241//6523 3304//6523
f 3305//6524 3304//6524 3241//6524
f 3241//6525 3242//6525 3305//6525
f 3306//6526 3305//6526 3242//6526
f 3242//6527 3243//6527 3306//6527
f 3307//6528 3306//6528 3243//6528
f 3243//6529 3244//6529 3307//6529
f 3308//6530 3307//6530 3244//6530
f 3244//6531 3245//6531 3308//6531
f 3309//6532 3308//6532 3245//6532
f 3245//6533 3246//6533 3309//6533
f 3310//6534 3309//6534 3246//6534
f 3246//6535 3247//6535 3310//6535
f 3311//6536 3310//6536 3247//6536
f 3247//6537 3248//6537 3311//6537
f 3312//6538 3311//6538 3248//6538
f 3248//6539 3249//6539 3312//6539
f 3313//6540 3312//6540 3249//6540
f 3249//6541 3250//6541 3313//6541
f 3314//6542 3313//6542 3250//6542
f 3297//6543 3234//6543 3361//6543
f 3298//6544 3361//6544 3234//6544
f 3250//6545 3251//6545 3314//6545
f 3315//6546 3314//6546 3251//6546
f 3251//6547 3252//6547 3315//6547
f 3316//6548 3315//6548 3252//6548
f 3252//6549 3253//6549 3316//6549
f 3317//6550 3316//6550 3253//6550
f 3253//6551 3254//6551 3317//6551
f 3318//6552 3317//6552 3254//6552
f 3254//6553 3255//6553 3318//6553
f 3319//6554 3318//6554 3255//6554
f 3255//6555 3256//6555 3319//6555
f 3320//6556 3319//6556 3256//6556
f 3256//6557 3257//6557 3320//6557
f 3321//6558 3320//6558 3257//6558
f 3257//6559 3258//6559 3321//6559
f 3322//6560 3321//6560 3258//6560
f 3258//6561 3259//6561 3322//6561
f 3323//6562 3322//6562 3259//6562
f 3259//6563 3260//6563 3323//6563
f 3324//6564 3323//6564 3260//6564
f 3260//6565 3261//6565 3324//6565
f 3325//6566 3324//6566 3261//6566
f 3261//6567 3262//6567 3325//6567
f 3326//6568 3325//6568 3262//6568
f 3262//6569 3263//6569 3326//6569
f 3327//6570 3326//6570 3263//6570
f 3263//6571 3264//6571 3327//6571
f 3328//6572 3327//6572 3264//6572
f 3264//6573 3265//6573 3328//6573
f 3329//6574 3328//6574 3265//6574
f 3265//6575 3266//6575 3329//6575
f 3330//6576 3329//6576 3266//6576
f 3266//6577 3267//6577 3330//6577
f 3331//6578 3330//6578 3267//6578
f 3267//6579 3268//6579 3331//6579
f 3332//6580 3331//6580 3268//6580
f 3268//6581 3269//6581 3332//6581
f 3333//6582 3332//6582 3269//6582
f 3269//6583 3270//6583 3333//6583
f 3334//6584 3333//6584 3270//6584
f 3270//6585 3271//6585 3334//6585
f 3335//6586 3334//6586 3271//6586
f 3271//6587 3272//6587 3335//6587
f 3336//6588 3335//6588 3272//6588
f 3272//6589 3273//6589 3336//6589
f 3337//6590 3336//6590 3273//6590
f 3273//6591 3274//6591 3337//6591
f 3338//6592 3337//6592 3274//6592
f 3274//6593 3275//6593 3338//6593
f 3339//6594 3338//6594 3275//6594
f 3275//6595 3276//6595 3339//6595
f 3340//6596 3339//6596 3276//6596
f 3276//6597 3277//6597 3340//6597
f 3341//6598 3340//6598 3277//6598
f 3277//6599 3278//6599 3341//6599
f 3342//6600 3341//6600 3278//6600
f 3278//6601 3279//6601 3342//6601
f 3343//6602 3342//6602 3279//6602
f 3279//6603 3280//6603 3343//6603
f 3344//6604 3343//6604 3280//6604
f 3280//6605 3281//6605 3344//6605
f 3345//6606 3344//6606 3281//6606
f 3281//6607 3282//6607 3345//6607
f 3346//6608 3345//6608 3282//6608
f 3282//6609 3283//6609 3346//6609
f 3347//6610 3346//6610 3283//6610
f 3283//6611 3284//6611 3347//6611
f 3348//6612 3347//6612 3284//6612
f 3284//6613 3285//6613 3348//6613
f 3349//6614 3348//6614 3285//6614
f 3285//6615 3286//6615 3349//6615
f 3350//6616 3349//6616 3286//6616
f 3286//6617 3287//6617 3350//6617
f 3351//6618 3350//6618 3287//6618
f 3287//6619 3288//6619 3351//6619
f 3352//6620 3351//6620 3288//6620
f 3288//6621 3289//6621 3352//6621
f 3353//6622 3352//6622 3289//6622
f 3289//6623 3290//6623 3353//6623
f 3354//6624 3353//6624 3290//6624
f 3290//6625 3291//6625 3354//6625
f 3355//6626 3354//6626 3291//6626
f 3291//6627 3292//6627 3355//6627
f 3356//6628 3355//6628 3292//6628
f 3292//6629 3293//6629 3356//6629
f 3357//6630 3356//6630 3293//6630
f 3293//6631 3294//6631 3357//6631
f 3358//6632 3357//6632 3294//6632
f 3294//6633 3295//6633 3358//6633
f 3359//6634 3358//6634 3295//6634
f 3295//6635 3296//6635 3359//6635
f 3360//6636 3359//6636 3296//6636
f 3296//6637 3297//6637 3360//6637
f 3361//6638 3360//6638 3297//6638
f 3298//6639 3299//6639 3362//6639
f 3363//6640 3362//6640 3299//6640
f 3299//6641 3300//6641 3363//6641
f 3364//6642 3363//6642 3300//6642
f 3300//6643 3301//6643 3364//6643
f 3365//6644 3364//6644 3301//6644
f 3301//6645 3302//6645 3365//6645
f 3366//6646 3365//6646 3302//6646
f 3302//6647 3303//6647 3366//6647
f 3367//6648 3366//6648 3303//6648
f 3303//6649 3304//6649 3367//6649
f 3368//6650 3367//6650 3304//6650
f 3304//6651 3305//6651 3368//6651
f 3369//6652 3368//6652 3305//6652
f 3305//6653 3306//6653 3369//6653
f 3370//6654 3369//6654 3306//6654
f 3306//6655 3307//6655 3370//6655
f 3371//6656 3370//6656 3307//6656
f 3307//6657 3308//6657 3371//6657
f 3372//6658 3371//6658 3308//6658
f 3308//6659 3309//6659 3372//6659
f 3373//6660 3372//6660 3309//6660
f 3309//6661 3310//6661 3373//6661
f 3374//6662 3373//6662 3310//6662
f 3310//6663 3311//6663 3374//6663
f 3375//6664 3374//6664 3311//6664
f 3311//6665 3312//6665 3375//6665
f 3376//6666 3375//6666 3312//6666
f 3312//6667 3313//6667 3376//6667
f 3377//6668 3376//6668 3313//6668
f 3313//6669 3314//6669 3377//6669
f 3378//6670 3377//6670 3314//6670
f 3361//6671 3298//6671 3425//6671
f 3362//6672 3425//6672 3298//6672
f 3314//6673 3315//6673 3378//6673
f 3379//6674 3378//6674 3315//6674
f 3315//6675 3316//6675 3379//6675
f 3380//6676 3379//6676 3316//6676
f 3316//6677 3317//6677 3380//6677
f 3381//6678 3380//6678 3317//6678
f 3317//6679 3318//6679 3381//6679
f 3382//6680 3381//6680 3318//6680
f 3318//6681 3319//6681 3382//6681
f 3383//6682 3382//6682 3319//6682
f 3319//6683 3320//6683 3383//6683
f 3384//6684 3383//6684 3320//6684
f 3320//6685 3321//6685 3384//6685
f 3385//6686 3384//6686 3321//6686
f 3321//6687 3322//6687 3385//6687
f 3386//6688 3385//6688 3322//6688
f 3322//6689 3323//6689 3386//6689
f 3387//6690 3386//6690 3323//6690
f 3323//6691 3324//6691 3387//6691
f 3388//6692 3387//6692 3324//6692
f 3324//6693 3325//6693 3388//6693
f 3389//6694 3388//6694 3325//6694
f 3325//6695 3326//6695 3389//6695
f 3390//6696 3389//6696 3326//6696
f 3326//6697 3327//6697 3390//6697
f 3391//6698 3390//6698 3327//6698
f 3327//6699 3328//6699 3391//6699
f 3392//6700 3391//6700 3328//6700
f 3328//6701 3329//6701 3392//6701
f 3393//6702 3392//6702 3329//6702
f 3329//6703 3330//6703 3393//6703
f 3394//6704 3393//6704 3330//6704
f 3330//6705 3331//6705 3394//6705
f 3395//6706 3394//6706 3331//6706
f 3331//6707 3332//6707 3395//6707
f 3396//6708 3395//6708 3332//6708
f 3332//6709 3333//6709 3396//6709
f 3397//6710 3396//6710 3333//6710
f 3333//6711 3334//6711 3397//6711
f 3398//6712 3397//6712 3334//6712
f 3334//6713 3335//6713 3398//6713
f 3399//6714 3398//6714 3335//6714
f 3335//6715 3336//6715 3399//6715
f 3400//6716 3399//6716 3336//6716
f 3336//6717 3337//6717 3400//6717
f 3401//6718 3400//6718 3337//6718
f 3337//6719 3338//6719 3401//6719
f 3402//6720 3401//6720 3338//6720
f 3338//6721 3339//6721 3402//6721
f 3403//6722 3402//6722 3339//6722
f 3339//6723 3340//6723 3403//6723
f 3404//6724 3403//6724 3340//6724
f 3340//6725 3341//6725 3404//6725
f 3405//6726 3404//6726 3341//6726
f 3341//6727 3342//6727 3405//6727
f 3406//6728 3405//6728 3342//6728
f 3342//6729 3343//6729 3406//6729
f 3407//6730 3406//6730 3343//6730
f 3343//6731 3344//6731 3407//6731
f 3408//6732 3407//6732 3344//6732
f 3344//6733 3345//6733 3408//6733
f 3409//6734 3408//6734 3345//6734
f 3345//6735 3346//6735 3409//6735
f 3410//6736 3409//6736 3346//6736
f 3346//6737 3347//6737 3410//6737
f 3411//6738 3410//6738 3347//6738
f 3347//6739 3348//6739 3411//6739
f 3412//6740 3411//6740 3348//6740
f 3348//6741 3349//6741 3412//6741
f 3413//6742 3412//6742 3349//6742
f 3349//6743 3350//6743 3413//6743
f 3414//6744 3413//6744 3350//6744
f 3350//6745 3351//6745 3414//6745
f 3415//6746 3414//6746 3351//6746
f 3351//6747 3352//6747 3415//6747
f 3416//6748 3415//6748 3352//6748
f 3352//6749 3353//6749 3416//6749
f 3417//6750 3416//6750 3353//6750
f 3353//6751 3354//6751 3417//6751
f 3418//6752 3417//6752 3354//6752
f 3354//6753 3355//6753 3418//6753
f 3419//6754 3418//6754 3355//6754
f 3355//6755 3356//6755 3419//6755
f 3420//6756 3419//6756 3356//6756
f 3356//6757 3357//6757 3420//6757
f 3421//6758 3420//6758 3357//6758
f 3357//6759 3358//6759 3421//6759
f 3422//6760 3421//6760 3358//6760
f 3358//6761 3359//6761 3422//6761
f 3423//6762 3422//6762 3359//6762
f 3359//6763 3360//6763 3423//6763
f 3424//6764 3423//6764 3360//6764
f 3360//6765 3361//6765 3424//6765
f 3425//6766 3424//6766 3361//6766
f 3362//6767 3363//6767 3426//6767
f 3427//6768 3426//6768 3363//6768
f 3363//6769 3364//6769 3427//6769
f 3428//6770 3427//6770 3364//6770
f 3364//6771 3365//6771 3428//6771
f 3429//6772 3428//6772 3365//6772
f 3365//6773 3366//6773 3429//6773
f 3430//6774 3429//6774 3366//6774
f 3366//6775 3367//6775 3430//6775
f 3431//6776 3430//6776 3367//6776
f 3367//6777 3368//6777 3431//6777
f 3432//6778 3431//6778 3368//6778
f 3368//6779 3369//6779 3432//6779
f 3433//6780 3432//6780 3369//6780
f 3369//6781 3370//6781 3433//6781
f 3434//6782 3433//6782 3370//6782
f 3370//6783 3371//6783 3434//6783
f 3435//6784 3434//6784 3371//6784
f 3371//6785 3372//6785 3435//6785
f 3436//6786 3435//6786 3372//6786
f 3372//6787 3373//6787 3436//6787
f 3437//6788 3436//6788 3373//6788
f 3373//6789 3374//6789 3437//6789
f 3438//6790 3437//6790 3374//6790
f 3374//6791 3375//6791 3438//6791
f 3439//6792 3438//6792 3375//6792
f 3375//6793 3376//6793 3439//6793
f 3440//6794 3439//6794 3376//6794
f 3376//6795 3377//6795 3440//6795
f 3441//6796 3440//6796 3377//6796
f 3377//6797 3378//6797 3441//6797
f 3442//6798 3441//6798 3378//6798
f 3425//6799 3362//6799 3489//6799
f 3426//6800 3489//6800 3362//6800
f 3378//6801 3379//6801 3442//6801
f 3443//6802 3442//6802 3379//6802
f 3379//6803 3380//6803 3443//6803
f 3444//6804 3443//6804 3380//6804
f 3380//6805 3381//6805 3444//6805
f 3445//6806 3444//6806 3381//6806
f 3381//6807 3382//6807 3445//6807
f 3446//6808 3445//6808 3382//6808
f 3382//6809 3383//6809 3446//6809
f 3447//6810 3446//6810 3383//6810
f 3383//6811 3384//6811 3447//6811
f 3448//6812 3447//6812 3384//6812
f 3384//6813 3385//6813 3448//6813
f 3449//6814 3448//6814 3385//6814
f 3385//6815 3386//6815 3449//6815
f 3450//6816 3449//6816 3386//6816
f 3386//6817 3387//6817 3450//6817
f 3451//6818 3450//6818 3387//6818
f 3387//6819 3388//6819 3451//6819
f 3452//6820 3451//6820 3388//6820
f 3388//6821 3389//6821 3452//6821
f 3453//6822 3452//6822 3389//6822
f 3389//6823 3390//6823 3453//6823
f 3454//6824 3453//6824 3390//6824
f 3390//6825 3391//6825 3454//6825
f 3455//6826 3454//6826 3391//6826
f 3391//6827 3392//6827 3455//6827
f 3456//6828 3455//6828 3392//6828
f 3392//6829 3393//6829 3456//6829
f 3457//6830 3456//6830 3393//6830
f 3393//6831 3394//6831 3457//6831
f 3458//6832 3457//6832 3394//6832
f 3394//6833 3395//6833 3458//6833
f 3459//6834 3458//6834 3395//6834
f 3395//6835 3396//6835 3459//6835
f 3460//6836 3459//6836 3396//6836
f 3396//6837 3397//6837 3460//6837
f 3461//6838 3460//6838 3397//6838
f 3397//6839 3398//6839 3461//6839
f 3462//6840 3461//6840 3398//6840
f 3398//6841 3399//6841 3462//6841
f 3463//6842 3462//6842 3399//6842
f 3399//6843 3400//6843 3463//6843
f 3464//6844 3463//6844 3400//6844
f 3400//6845 3401//6845 3464//6845
f 3465//6846 3464//6846 3401//6846
f 3401//6847 3402//6847 3465//6847
f 3466//6848 3465//6848 3402//6848
f 3402//6849 3403//6849 3466//6849
f 3467//6850 3466//6850 3403//6850
f 3403//6851 3404//6851 3467//6851
f 3468//6852 3467//6852 3404//6852
f 3404//6853 3405//6853 3468//6853
f 3469//6854 3468//6854 3405//6854
f 3405//6855 3406//6855 3469//6855
f 3470//6856 3469//6856 3406//6856
f 3406//6857 3407//6857 3470//6857
f 3471//6858 3470//6858 3407//6858
f 3407//6859 3408//6859 3471//6859
f 3472//6860 3471//6860 3408//6860
f 3408//6861 3409//6861 3472//6861
f 3473//6862 3472//6862 3409//6862
f 3409//6863 3410//6863 3473//6863
f 3474//6864 3473//6864 3410//6864
f 3410//6865 3411//6865 3474//6865
f 3475//6866 3474//6866 3411//6866
f 3411//6867 3412//6867 3475//6867
f 3476//6868 3475//6868 3412//6868
f 3412//6869 3413//6869 3476//6869
f 3477//6870 3476//6870 3413//6870
f 3413//6871 3414//6871 3477//6871
f 3478//6872 3477//6872 3414//6872
f 3414//6873 3415//6873 3478//6873
f 3479//6874 3478//6874 3415//6874
f 3415//6875 3416//6875 3479//6875
f 3480//6876 3479//6876 3416//6876
f 3416//6877 3417//6877 3480//6877
f 3481//6878 3480//6878 3417//6878
f 3417//6879 3418//6879 3481//6879
f 3482//6880 3481//6880 3418//6880
f 3418//6881 3419//6881 3482//6881
f 3483//6882 3482//6882 3419//6882
f 3419//6883 3420//6883 3483//6883
f 3484//6884 3483//6884 3420//6884
f 3420//6885 3421//6885 3484//6885
f 3485//6886 3484//6886 3421//6886
f 3421//6887 3422//6887 3485//6887
f 3486//6888 3485//6888 3422//6888
f 3422//6889 3423//6889 3486//6889
f 3487//6890 3486//6890 3423//6890
f 3423//6891 3424//6891 3487//6891
f 3488//6892 3487//6892 3424//6892
f 3424//6893 3425//6893 3488//6893
f 3489//6894 3488//6894 3425//6894
f 3426//6895 3427//6895 3490//6895
f 3491//6896 3490//6896 3427//6896
f 3427//6897 3428//6897 3491//6897
f 3492//6898 3491//6898 3428//6898
f 3428//6899 3429//6899 3492//6899
f 3493//6900 3492//6900 3429//6900
f 3429//6901 3430//6901 3493//6901
f 3494//6902 3493//6902 3430//6902
f 3430//6903 3431//6903 3494//6903
f 3495//6904 3494//6904 3431//6904
f 3431//6905 3432//6905 3495//6905
f 3496//6906 3495//6906 3432//6906
f 3432//6907 3433//6907 3496//6907
f 3497//6908 3496//6908 3433//6908
f 3433//6909 3434//6909 3497//6909
f 3498//6910 3497//6910 3434//6910
f 3434//6911 3435//6911 3498//6911
f 3499//6912 3498//6912 3435//6912
f 3435//6913 3436//6913 3499//6913
f 3500//6914 3499//6914 3436//6914
f 3436//6915 3437//6915 3500//6915
f 3501//6916 3500//6916 3437//6916
f 3437//6917 3438//6917 3501//6917
f 3502//6918 3501//6918 3438//6918
f 3438//6919 3439//6919 3502//6919
f 3503//6920 3502//6920 3439//6920
f 3439//6921 3440//6921 3503//6921
f 3504//6922 3503//6922 3440//6922
f 3440//6923 3441//6923 3504//6923
f 3505//6924 3504//6924 3441//6924
f 3441//6925 3442//6925 3505//6925
f 3506//6926 3505//6926 3442//6926
f 3489//6927 3426//6927 3553//6927
f 3490//6928 3553//6928 3426//6928
f 3442//6929 3443//6929 3506//6929
f 3507//6930 3506//6930 3443//6930
f 3443//6931 3444//6931 3507//6931
f 3508//6932 3507//6932 3444//6932
f 3444//6933 3445//6933 3508//6933
f 3509//6934 3508//6934 3445//6934
f 3445//6935 3446//6935 3509//6935
f 3510//6936 3509//6936 3446//6936
f 3446//6937 3447//6937 3510//6937
f 3511//6938 3510//6938 3447//6938
f 3447//6939 3448//6939 3511//6939
f 3512//6940 3511//6940 3448//6940
f 3448//6941 3449//6941 3512//6941
f 3513//6942 3512//6942 3449//6942
f 3449//6943 3450//6943 3513//6943
f 3514//6944 3513//6944 3450//6944
f 3450//6945 3451//6945 3514//6945
f 3515//6946 3514//6946 3451//6946
f 3451//6947 3452//6947 3515//6947
f 3516//6948 3515//6948 3452//6948
f 3452//6949 3453//6949 3516//6949
f 3517//6950 3516//6950 3453//6950
f 3453//6951 3454//6951 3517//6951
f 3518//6952 3517//6952 3454//6952
f 3454//6953 3455//6953 3518//6953
f 3519//6954 3518//6954 3455//6954
f 3455//6955 3456//6955 3519//6955
f 3520//6956 3519//6956 3456//6956
f 3456//6957 3457//6957 3520//6957
f 3521//6958 3520//6958 3457//6958
f 3457//6959 3458//6959 3521//6959
f 3522//6960 3521//6960 3458//6960
f 3458//6961 3459//6961 3522//6961
f 3523//6962 3522//6962 3459//6962
f 3459//6963 3460//6963 3523//6963
f 3524//6964 3523//6964 3460//6964
f 3460//6965 3461//6965 3524//6965
f 3525//6966 3524//6966 3461//6966
f 3461//6967 3462//6967 3525//6967
f 3526//6968 3525//6968 3462//6968
f 3462//6969 3463//6969 3526//6969
f 3527//6970 3526//6970 3463//6970
f 3463//6971 3464//6971 3527//6971
f 3528//6972 3527//6972 3464//6972
f 3464//6973 3465//6973 3528//6973
f 3529//6974 3528//6974 3465//6974
f 3465//6975 3466//6975 3529//6975
f 3530//6976 3529//6976 3466//6976
f 3466//6977 3467//6977 3530//6977
f 3531//6978 3530//6978 3467//6978
f 3467//6979 3468//6979 3531//6979
f 3532//6980 3531//6980 3468//6980
f 3468//6981 3469//6981 3532//6981
f 3533//6982 3532//6982 3469//6982
f 3469//6983 3470//6983 3533//6983
f 3534//6984 3533//6984 3470//6984
f 3470//6985 3471//6985 3534//6985
f 3535//6986 3534//6986 3471//6986
f 3471//6987 3472//6987 3535//6987
f 3536//6988 3535//6988 3472//6988
f 3472//6989 3473//6989 3536//6989
f 3537//6990 3536//6990 3473//6990
f 3473//6991 3474//6991 3537//6991
f 3538//6992 3537//6992 3474//6992
f 3474//6993 3475//6993 3538//6993
f 3539//6994 3538//6994 3475//6994
f 3475//6995 3476//6995 3539//6995
f 3540//6996 3539//6996 3476//6996
f 3476//6997 3477//6997 3540//6997
f 3541//6998 3540//6998 3477//6998
f 3477//6999 3478//6999 3541//6999
f 3542//7000 3541//7000 3478//7000
f 3478//7001 3479//7001 3542//7001
f 3543//7002 3542//7002 3479//7002
f 3479//7003 3480//7003 3543//7003
f 3544//7004 3543//7004 3480//7004
f 3480//7005 3481//7005 3544//7005
f 3545//7006 3544//7006 3481//7006
f 3481//7007 3482//7007 3545//7007
f 3546//7008 3545//7008 3482//7008
f 3482//7009 3483//7009 3546//7009
f 3547//7010 3546//7010 3483//7010
f 3483//7011 3484//7011 3547//7011
f 3548//7012 3547//7012 3484//7012
f 3484//7013 3485//7013 3548//7013
f 3549//7014 3548//7014 3485//7014
f 3485//7015 3486//7015 3549//7015
f 3550//7016 3549//7016 3486//7016
f 3486//7017 3487//7017 3550//7017
f 3551//7018 3550//7018 3487//7018
f 3487//7019 3488//7019 3551//7019
f 3552//7020 3551//7020 3488//7020
f 3488//7021 3489//7021 3552//7021
f 3553//7022 3552//7022 3489//7022
f 3490//7023 3491//7023 3554//7023
f 3555//7024 3554//7024 3491//7024
f 3491//7025 3492//7025 3555//7025
f 3556//7026 3555//7026 3492//7026
f 3492//7027 3493//7027 3556//7027
f 3557//7028 3556//7028 3493//7028
f 3493//7029 3494//7029 3557//7029
f 3558//7030 3557//7030 3494//7030
f 3494//7031 3495//7031 3558//7031
f 3559//7032 3558//7032 3495//7032
f 3495//7033 3496//7033 3559//7033
f 3560//7034 3559//7034 3496//7034
f 3496//7035 3497//7035 3560//7035
f 3561//7036 3560//7036 3497//7036
f 3497//7037 3498//7037 3561//7037
f 3562//7038 3561//7038 3498//7038
f 3498//7039 3499//7039 3562//7039
f 3563//7040 3562//7040 3499//7040
f 3499//7041 3500//7041 3563//7041
f 3564//7042 3563//7042 3500//7042
f 3500//7043 3501//7043 3564//7043
f 3565//7044 3564//7044 3501//7044
f 3501//7045 3502//7045 3565//7045
f 3566//7046 3565//7046 3502//7046
f 3502//7047 3503//7047 3566//7047
f 3567//7048 3566//7048 3503//7048
f 3503//7049 3504//7049 3567//7049
f 3568//7050 3567//7050 3504//7050
f 3504//7051 3505//7051 3568//7051
f 3569//7052 3568//7052 3505//7052
f 3505//7053 3506//7053 3569//7053
f 3570//7054 3569//7054 3506//7054
f 3553//7055 3490//7055 3617//7055
f 3554//7056 3617//7056 3490//7056
f 3506//7057 3507//7057 3570//7057
f 3571//7058 3570//7058 3507//7058
f 3507//7059 3508//7059 3571//7059
f 3572//7060 3571//7060 3508//7060
f 3508//7061 3509//7061 3572//7061
f 3573//7062 3572//7062 3509//7062
f 3509//7063 3510//7063 3573//7063
f 3574//7064 3573//7064 3510//7064
f 3510//7065 3511//7065 3574//7065
f 3575//7066 3574//7066 3511//7066
f 3511//7067 3512//7067 3575//7067
f 3576//7068 3575//7068 3512//7068
f 3512//7069 3513//7069 3576//7069
f 3577//7070 3576//7070 3513//7070
f 3513//7071 3514//7071 3577//7071
f 3578//7072 3577//7072 3514//7072
f 3514//7073 3515//7073 3578//7073
f 3579//7074 3578//7074 3515//7074
f 3515//7075 3516//7075 3579//7075
f 3580//7076 3579//7076 3516//7076
f 3516//7077 3517//7077 3580//7077
f 3581//7078 3580//7078 3517//7078
f 3517//7079 3518//7079 3581//7079
f 3582//7080 3581//7080 3518//7080
f 3518//7081 3519//7081 3582//7081
f 3583//7082 3582//7082 3519//7082
f 3519//7083 3520//7083 3583//7083
f 3584//7084 3583//7084 3520//7084
f 3520//7085 3521//7085 3584//7085
f 3585//7086 3584//7086 3521//7086
f 3521//7087 3522//7087 3585//7087
f 3586//7088 3585//7088 3522//7088
f 3522//7089 3523//7089 3586//7089
f 3587//7090 3586//7090 3523//7090
f 3523//7091 3524//7091 3587//7091
f 3588//7092 3587//7092 3524//7092
f 3524//7093 3525//7093 3588//7093
f 3589//7094 3588//7094 3525//7094
f 3525//7095 3526//7095 3589//7095
f 3590//7096 3589//7096 3526//7096
f 3526//7097 3527//7097 3590//7097
f 3591//7098 3590//7098 3527//7098
f 3527//7099 3528//7099 3591//7099
f 3592//7100 3591//7100 3528//7100
f 3528//7101 3529//7101 3592//7101
f 3593//7102 3592//7102 3529//7102
f 3529//7103 3530//7103 3593//7103
f 3594//7104 3593//7104 3530//7104
f 3530//7105 3531//7105 3594//7105
f 3595//7106 3594//7106 3531//7106
f 3531//7107 3532//7107 3595//7107
f 3596//7108 3595//7108 3532//7108
f 3532//7109 3533//7109 3596//7109
f 3597//7110 3596//7110 3533//7110
f 3533//7111 3534//7111 3597//7111
f 3598//7112 3597//7112 3534//7112
f 3534//7113 3535//7113 3598//7113
f 3599//7114 3598//7114 3535//7114
f 3535//7115 3536//7115 3599//7115
f 3600//7116 3599//7116 3536//7116
f 3536//7117 3537//7117 3600//7117
f 3601//7118 3600//7118 3537//7118
f 3537//7119 3538//7119 3601//7119
f 3602//7120 3601//7120 3538//7120
f 3538//7121 3539//7121 3602//7121
f 3603//7122 3602//7122 3539//7122
f 3539//7123 3540//7123 3603//7123
f 3604//7124 3603//7124 3540//7124
f 3540//7125 3541//7125 3604//7125
f 3605//7126 3604//7126 3541//7126
f 3541//7127 3542//7127 3605//7127
f 3606//7128 3605//7128 3542//7128
f 3542//7129 3543//7129 3606//7129
f 3607//7130 3606//7130 3543//7130
f 3543//7131 3544//7131 3607//7131
f 3608//7132 3607//7132 3544//7132
f 3544//7133 3545//7133 3608//7133
f 3609//7134 3608//7134 3545//7134
f 3545//7135 3546//7135 3609//7135
f 3610//7136 3609//7136 3546//7136
f 3546//7137 3547//7137 3610//7137
f 3611//7138 3610//7138 3547//7138
f 3547//7139 3548//7139 3611//7139
f 3612//7140 3611//7140 3548//7140
f 3548//7141 3549//7141 3612//7141
f 3613//7142 3612//7142 3549//7142
f 3549//7143 3550//7143 3613//7143
f 3614//7144 3613//7144 3550//7144
f 3550//7145 3551//7145 3614//7145
f 3615//7146 3614//7146 3551//7146
f 3551//7147 3552//7147 3615//7147
f 3616//7148 3615//7148 3552//7148
f 3552//7149 3553//7149 3616//7149
f 3617//7150 3616//7150 3553//7150
f 3554//7151 3555//7151 3618//7151
f 3619//7152 3618//7152 3555//7152
f 3555//7153 3556//7153 3619//7153
f 3620//7154 3619//7154 3556//7154
f 3556//7155 3557//7155 3620//7155
f 3621//7156 3620//7156 3557//7156
f 3557//7157 3558//7157 3621//7157
f 3622//7158 3621//7158 3558//7158
f 3558//7159 3559//7159 3622//7159
f 3623//7160 3622//7160 3559//7160
f 3559//7161 3560//7161 3623//7161
f 3624//7162 3623//7162 3560//7162
f 3560//7163 3561//7163 3624//7163
f 3625//7164 3624//7164 3561//7164
f 3561//7165 3562//7165 3625//7165
f 3626//7166 3625//7166 3562//7166
f 3562//7167 3563//7167 3626//7167
f 3627//7168 3626//7168 3563//7168
f 3563//7169 3564//7169 3627//7169
f 3628//7170 3627//7170 3564//7170
f 3564//7171 3565//7171 3628//7171
f 3629//7172 3628//7172 3565//7172
f 3565//7173 3566//7173 3629//7173
f 3630//7174 3629//7174 3566//7174
f 3566//7175 3567//7175 3630//7175
f 3631//7176 3630//7176 3567//7176
f 3567//7177 3568//7177 3631//7177
f 3632//7178 3631//7178 3568//7178
f 3568//7179 3569//7179 3632//7179
f 3633//7180 3632//7180 3569//7180
f 3569//7181 3570//7181 3633//7181
f 3634//7182 3633//7182 3570//7182
f 3617//7183 3554//7183 3681//7183
f 3618//7184 3681//7184 3554//7184
f 3570//7185 3571//7185 3634//7185
f 3635//7186 3634//7186 3571//7186
f 3571//7187 3572//7187 3635//7187
f 3636//7188 3635//7188 3572//7188
f 3572//7189 3573//7189 3636//7189
f 3637//7190 3636//7190 3573//7190
f 3573//7191 3574//7191 3637//7191
f 3638//7192 3637//7192 3574//7192
f 3574//7193 3575//7193 3638//7193
f 3639//7194 3638//7194 3575//7194
f 3575//7195 3576//7195 3639//7195
f 3640//7196 3639//7196 3576//7196
f 3576//7197 3577//7197 3640//7197
f 3641//7198 3640//7198 3577//7198
f 3577//7199 3578//7199 3641//7199
f 3642//7200 3641//7200 3578//7200
f 3578//7201 3579//7201 3642//7201
f 3643//7202 3642//7202 3579//7202
f 3579//7203 3580//7203 3643//7203
f 3644//7204 3643//7204 3580//7204
f 3580//7205 3581//7205 3644//7205
f 3645//7206 3644//7206 3581//7206
f 3581//7207 3582//7207 3645//7207
f 3646//7208 3645//7208 3582//7208
f 3582//7209 3583//7209 3646//7209
f 3647//7210 3646//7210 3583//7210
f 3583//7211 3584//7211 3647//7211
f 3648//7212 3647//7212 3584//7212
f 3584//7213 3585//7213 3648//7213
f 3649//7214 3648//7214 3585//7214
f 3585//7215 3586//7215 3649//7215
f 3650//7216 3649//7216 3586//7216
f 3586//7217 3587//7217 3650//7217
f 3651//7218 3650//7218 3587//7218
f 3587//7219 3588//7219 3651//7219
f 3652//7220 3651//7220 3588//7220
f 3588//7221 3589//7221 3652//7221
f 3653//7222 3652//7222 3589//7222
f 3589//7223 3590//7223 3653//7223
f 3654//7224 3653//7224 3590//7224
f 3590//7225 3591//7225 3654//7225
f 3655//7226 3654//7226 3591//7226
f 3591//7227 3592//7227 3655//7227
f 3656//7228 3655//7228 3592//7228
f 3592//7229 3593//7229 3656//7229
f 3657//7230 3656//7230 3593//7230
f 3593//7231 3594//7231 3657//7231
f 3658//7232 3657//7232 3594//7232
f 3594//7233 3595//7233 3658//7233
f 3659//7234 3658//7234 3595//7234
f 3595//7235 3596//7235 3659//7235
f 3660//7236 3659//7236 3596//7236
f 3596//7237 3597//7237 3660//7237
f 3661//7238 3660//7238 3597//7238
f 3597//7239 3598//7239 3661//7239
f 3662//7240 3661//7240 3598//7240
f 3598//7241 3599//7241 3662//7241
f 3663//7242 3662//7242 3599//7242
f 3599//7243 3600//7243 3663//7243
f 3664//7244 3663//7244 3600//7244
f 3600//7245 3601//7245 3664//7245
f 3665//7246 3664//7246 3601//7246
f 3601//7247 3602//7247 3665//7247
f 3666//7248 3665//7248 3602//7248
f 3602//7249 3603//7249 3666//7249
f 3667//7250 3666//7250 3603//7250
f 3603//7251 3604//7251 3667//7251
f 3668//7252 3667//7252 3604//7252
f 3604//7253 3605//7253 3668//7253
f 3669//7254 3668//7254 3605//7254
f 3605//7255 3606//7255 3669//7255
f 3670//7256 3669//7256 3606//7256
f 3606//7257 3607//7257 3670//7257
f 3671//7258 3670//7258 3607//7258
f 3607//7259 3608//7259 3671//7259
f 3672//7260 3671//7260 3608//7260
f 3608//7261 3609//7261 3672//7261
f 3673//7262 3672//7262 3609//7262
f 3609//7263 3610//7263 3673//7263
f 3674//7264 3673//7264 3610//7264
f 3610//7265 3611//7265 3674//7265
f 3675//7266 3674//7266 3611//7266
f 3611//7267 3612//7267 3675//7267
f 3676//7268 3675//7268 3612//7268
f 3612//7269 3613//7269 3676//7269
f 3677//7270 3676//7270 3613//7270
f 3613//7271 3614//7271 3677//7271
f 3678//7272 3677//7272 3614//7272
f 3614//7273 3615//7273 3678//7273
f 3679//7274 3678//7274 3615//7274
f 3615//7275 3616//7275 3679//7275
f 3680//7276 3679//7276 3616//7276
f 3616//7277 3617//7277 3680//7277
f 3681//7278 3680//7278 3617//7278
f 3618//7279 3619//7279 3682//7279
f 3683//7280 3682//7280 3619//7280
f 3619//7281 3620//7281 3683//7281
f 3684//7282 3683//7282 3620//7282
f 3620//7283 3621//7283 3684//7283
f 3685//7284 3684//7284 3621//7284
f 3621//7285 3622//7285 3685//7285
f 3686//7286 3685//7286 3622//7286
f 3622//7287 3623//7287 3686//7287
f 3687//7288 3686//7288 3623//7288
f 3623//7289 3624//7289 3687//7289
f 3688//7290 3687//7290 3624//7290
f 3624//7291 3625//7291 3688//7291
f 3689//7292 3688//7292 3625//7292
f 3625//7293 3626//7293 3689//7293
f 3690//7294 3689//7294 3626//7294
f 3626//7295 3627//7295 3690//7295
f 3691//7296 3690//7296 3627//7296
f 3627//7297 3628//7297 3691//7297
f 3692//7298 3691//7298 3628//7298
f 3628//7299 3629//7299 3692//7299
f 3693//7300 3692//7300 3629//7300
f 3629//7301 3630//7301 3693//7301
f 3694//7302 3693//7302 3630//7302
f 3630//7303 3631//7303 3694//7303
f 3695//7304 3694//7304 3631//7304
f 3631//7305 3632//7305 3695//7305
f 3696//7306 3695//7306 3632//7306
f 3632//7307 3633//7307 3696//7307
f 3697//7308 3696//7308 3633//7308
f 3633//7309 3634//7309 3697//7309
f 3698//7310 3697//7310 3634//7310
f 3681//7311 3618//7311 3745//7311
f 3682//7312 3745//7312 3618//7312
f 3634//7313 3635//7313 3698//7313
f 3699//7314 3698//7314 3635//7314
f 3635//7315 3636//7315 3699//7315
f 3700//7316 3699//7316 3636//7316
f 3636//7317 3637//7317 3700//7317
f 3701//7318 3700//7318 3637//7318
f 3637//7319 3638//7319 3701//7319
f 3702//7320 3701//7320 3638//7320
f 3638//7321 3639//7321 3702//7321
f 3703//7322 3702//7322 3639//7322
f 3639//7323 3640//7323 3703//7323
f 3704//7324 3703//7324 3640//7324
f 3640//7325 3641//7325 3704//7325
f 3705//7326 3704//7326 3641//7326
f 3641//7327 3642//7327 3705//7327
f 3706//7328 3705//7328 3642//7328
f 3642//7329 3643//7329 3706//7329
f 3707//7330 3706//7330 3643//7330
f 3643//7331 3644//7331 3707//7331
f 3708//7332 3707//7332 3644//7332
f 3644//7333 3645//7333 3708//7333
f 3709//7334 3708//7334 3645//7334
f 3645//7335 3646//7335 3709//7335
f 3710//7336 3709//7336 3646//7336
f 3646//7337 3647//7337 3710//7337
f 3711//7338 3710//7338 3647//7338
f 3647//7339 3648//7339 3711//7339
f 3712//7340 3711//7340 3648//7340
f 3648//7341 3649//7341 3712//7341
f 3713//7342 3712//7342 3649//7342
f 3649//7343 3650//7343 3713//7343
f 3714//7344 3713//7344 3650//7344
f 3650//7345 3651//7345 3714//7345
f 3715//7346 3714//7346 3651//7346
f 3651//7347 3652//7347 3715//7347
f 3716//7348 3715//7348 3652//7348
f 3652//7349 3653//7349 3716//7349
f 3717//7350 3716//7350 3653//7350
f 3653//7351 3654//7351 3717//7351
f 3718//7352 3717//7352 3654//7352
f 3654//7353 3655//7353 3718//7353
f 3719//7354 3718//7354 3655//7354
f 3655//7355 3656//7355 3719//7355
f 3720//7356 3719//7356 3656//7356
f 3656//7357 3657//7357 3720//7357
f 3721//7358 3720//7358 3657//7358
f 3657//7359 3658//7359 3721//7359
f 3722//7360 3721//7360 3658//7360
f 3658//7361 3659//7361 3722//7361
f 3723//7362 3722//7362 3659//7362
f 3659//7363 3660//7363 3723//7363
f 3724//7364 3723//7364 3660//7364
f 3660//7365 3661//7365 3724//7365
f 3725//7366 3724//7366 3661//7366
f 3661//7367 3662//7367 3725//7367
f 3726//7368 3725//7368 3662//7368
f 3662//7369 3663//7369 3726//7369
f 3727//7370 3726//7370 3663//7370
f 3663//7371 3664//7371 3727//7371
f 3728//7372 3727//7372 3664//7372
f 3664//7373 3665//7373 3728//7373
f 3729//7374 3728//7374 3665//7374
f 3665//7375 3666//7375 3729//7375
f 3730//7376 3729//7376 3666//7376
f 3666//7377 3667//7377 3730//7377
f 3731//7378 3730//7378 3667//7378
f 3667//7379 3668//7379 3731//7379
f 3732//7380 3731//7380 3668//7380
f 3668//7381 3669//7381 3732//7381
f 3733//7382 3732//7382 3669//7382
f 3669//7383 3670//7383 3733//7383
f 3734//7384 3733//7384 3670//7384
f 3670//7385 3671//7385 3734//7385
f 3735//7386 3734//7386 3671//7386
f 3671//7387 3672//7387 3735//7387
f 3736//7388 3735//7388 3672//7388
f 3672//7389 3673//7389 3736//7389
f 3737//7390 3736//7390 3673//7390
f 3673//7391 3674//7391 3737//7391
f 3738//7392 3737//7392 3674//7392
f 3674//7393 3675//7393 3738//7393
f 3739//7394 3738//7394 3675//7394
f 3675//7395 3676//7395 3739//7395
f 3740//7396 3739//7396 3676//7396
f 3676//7397 3677//7397 3740//7397
f 3741//7398 3740//7398 3677//7398
f 3677//7399 3678//7399 3741//7399
f 3742//7400 3741//7400 3678//7400
f 3678//7401 3679//7401 3742//7401
f 3743//7402 3742//7402 3679//7402
f 3679//7403 3680//7403 3743//7403
f 3744//7404 3743//7404 3680//7404
f 3680//7405 3681//7405 3744//7405
f 3745//7406 3744//7406 3681//7406
f 3682//7407 3683//7407 3746//7407
f 3747//7408 3746//7408 3683//7408
f 3683//7409 3684//7409 3747//7409
f 3748//7410 3747//7410 3684//7410
f 3684//7411 3685//7411 3748//7411
f 3749//7412 3748//7412 3685//7412
f 3685//7413 3686//7413 3749//7413
f 3750//7414 3749//7414 3686//7414
f 3686//7415 3687//7415 3750//7415
f 3751//7416 3750//7416 3687//7416
f 3687//7417 3688//7417 3751//7417
f 3752//7418 3751//7418 3688//7418
f 3688//7419 3689//7419 3752//7419
f 3753//7420 3752//7420 3689//7420
f 3689//7421 3690//7421 3753//7421
f 3754//7422 3753//7422 3690//7422
f 3690//7423 3691//7423 3754//7423
f 3755//7424 3754//7424 3691//7424
f 3691//7425 3692//7425 3755//7425
f 3756//7426 3755//7426 3692//7426
f 3692//7427 3693//7427 3756//7427
f 3757//7428 3756//7428 3693//7428
f 3693//7429 3694//7429 3757//7429
f 3758//7430 3757//7430 3694//7430
f 3694//7431 3695//7431 3758//7431
f 3759//7432 3758//7432 3695//7432
f 3695//7433 3696//7433 3759//7433
f 3760//7434 3759//7434 3696//7434
f 3696//7435 3697//7435 3760//7435
f 3761//7436 3760//7436 3697//7436
f 3697//7437 3698//7437 3761//7437
f 3762//7438 3761//7438 3698//7438
f 3745//7439 3682//7439 3809//7439
f 3746//7440 3809//7440 3682//7440
f 3698//7441 3699//7441 3762//7441
f 3763//7442 3762//7442 3699//7442
f 3699//7443 3700//7443 3763//7443
f 3764//7444 3763//7444 3700//7444
f 3700//7445 3701//7445 3764//7445
f 3765//7446 3764//7446 3701//7446
f 3701//7447 3702//7447 3765//7447
f 3766//7448 3765//7448 3702//7448
f 3702//7449 3703//7449 3766//7449
f 3767//7450 3766//7450 3703//7450
f 3703//7451 3704//7451 3767//7451
f 3768//7452 3767//7452 3704//7452
f 3704//7453 3705//7453 3768//7453
f 3769//7454 3768//7454 3705//7454
f 3705//7455 3706//7455 3769//7455
f 3770//7456 3769//7456 3706//7456
f 3706//7457 3707//7457 3770//7457
f 3771//7458 3770//7458 3707//7458
f 3707//7459 3708//7459 3771//7459
f 3772//7460 3771//7460 3708//7460
f 3708//7461 3709//7461 3772//7461
f 3773//7462 3772//7462 3709//7462
f 3709//7463 3710//7463 3773//7463
f 3774//7464 3773//7464 3710//7464
f 3710//7465 3711//7465 3774//7465
f 3775//7466 3774//7466 3711//7466
f 3711//7467 3712//7467 3775//7467
f 3776//7468 3775//7468 3712//7468
f 3712//7469 3713//7469 3776//7469
f 3777//7470 3776//7470 3713//7470
f 3713//7471 3714//7471 3777//7471
f 3778//7472 3777//7472 3714//7472
f 3714//7473 3715//7473 3778//7473
f 3779//7474 3778//7474 3715//7474
f 3715//7475 3716//7475 3779//7475
f 3780//7476 3779//7476 3716//7476
f 3716//7477 3717//7477 3780//7477
f 3781//7478 3780//7478 3717//7478
f 3717//7479 3718//7479 3781//7479
f 3782//7480 3781//7480 3718//7480
f 3718//7481 3719//7481 3782//7481
f 3783//7482 3782//7482 3719//7482
f 3719//7483 3720//7483 3783//7483
f 3784//7484 3783//7484 3720//7484
f 3720//7485 3721//7485 3784//7485
f 3785//7486 3784//7486 3721//7486
f 3721//7487 3722//7487 3785//7487
f 3786//7488 3785//7488 3722//7488
f 3722//7489 3723//7489 3786//7489
f 3787//7490 3786//7490 3723//7490
f 3723//7491 3724//7491 3787//7491
f 3788//7492 3787//7492 3724//7492
f 3724//7493 3725//7493 3788//7493
f 3789//7494 3788//7494 3725//7494
f 3725//7495 3726//7495 3789//7495
f 3790//7496 3789//7496 3726//7496
f 3726//7497 3727//7497 3790//7497
f 3791//7498 3790//7498 3727//7498
f 3727//7499 3728//7499 3791//7499
f 3792//7500 3791//7500 3728//7500
f 3728//7501 3729//7501 3792//7501
f 3793//7502 3792//7502 3729//7502
f 3729//7503 3730//7503 3793//7503
f 3794//7504 3793//7504 3730//7504
f 3730//7505 3731//7505 3794//7505
f 3795//7506 3794//7506 3731//7506
f 3731//7507 3732//7507 3795//7507
f 3796//7508 3795//7508 3732//7508
f 3732//7509 3733//7509 3796//7509
f 3797//7510 3796//7510 3733//7510
f 3733//7511 3734//7511 3797//7511
f 3798//7512 3797//7512 3734//7512
f 3734//7513 3735//7513 3798//7513
f 3799//7514 3798//7514 3735//7514
f 3735//7515 3736//7515 3799//7515
f 3800//7516 3799//7516 3736//7516
f 3736//7517 3737//7517 3800//7517
f 3801//7518 3800//7518 3737//7518
f 3737//7519 3738//7519 3801//7519
f 3802//7520 3801//7520 3738//7520
f 3738//7521 3739//7521 3802//7521
f 3803//7522 3802//7522 3739//7522
f 3739//7523 3740//7523 3803//7523
f 3804//7524 3803//7524 3740//7524
f 3740//7525 3741//7525 3804//7525
f 3805//7526 3804//7526 3741//7526
f 3741//7527 3742//7527 3805//7527
f 3806//7528 3805//7528 3742//7528
f 3742//7529 3743//7529 3806//7529
f 3807//7530 3806//7530 3743//7530
f 3743//7531 3744//7531 3807//7531
f 3808//7532 3807//7532 3744//7532
f 3744//7533 3745//7533 3808//7533
f 3809//7534 3808//7534 3745//7534
f 3746//7535 3747//7535 3810//7535
f 3811//7536 3810//7536 3747//7536
f 3747//7537 3748//7537 3811//7537
f 3812//7538 3811//7538 3748//7538
f 3748//7539 3749//7539 3812//7539
f 3813//7540 3812//7540 3749//7540
f 3749//7541 3750//7541 3813//7541
f 3814//7542 3813//7542 3750//7542
f 3750//7543 3751//7543 3814//7543
f 3815//7544 3814//7544 3751//7544
f 3751//7545 3752//7545 3815//7545
f 3816//7546 3815//7546 3752//7546
f 3752//7547 3753//7547 3816//7547
f 3817//7548 3816//7548 3753//7548
f 3753//7549 3754//7549 3817//7549
f 3818//7550 3817//7550 3754//7550
f 3754//7551 3755//7551 3818//7551
f 3819//7552 3818//7552 3755//7552
f 3755//7553 3756//7553 3819//7553
f 3820//7554 3819//7554 3756//7554
f 3756//7555 3757//7555 3820//7555
f 3821//7556 3820//7556 3757//7556
f 3757//7557 3758//7557 3821//7557
f 3822//7558 3821//7558 3758//7558
f 3758//7559 3759//7559 3822//7559
f 3823//7560 3822//7560 3759//7560
f 3759//7561 3760//7561 3823//7561
f 3824//7562 3823//7562 3760//7562
f 3760//7563 3761//7563 3824//7563
f 3825//7564 3824//7564 3761//7564
f 3761//7565 3762//7565 3825//7565
f 3826//7566 3825//7566 3762//7566
f 3809//7567 3746//7567 3873//7567
f 3810//7568 3873//7568 3746//7568
f 3762//7569 3763//7569 3826//7569
f 3827//7570 3826//7570 3763//7570
f 3763//7571 3764//7571 3827//7571
f 3828//7572 3827//7572 3764//7572
f 3764//7573 3765//7573 3828//7573
f 3829//7574 3828//7574 3765//7574
f 3765//7575 3766//7575 3829//7575
f 3830//7576 3829//7576 3766//7576
f 3766//7577 3767//7577 3830//7577
f 3831//7578 3830//7578 3767//7578
f 3767//7579 3768//7579 3831//7579
f 3832//7580 3831//7580 3768//7580
f 3768//7581 3769//7581 3832//7581
f 3833//7582 3832//7582 3769//7582
f 3769//7583 3770//7583 3833//7583
f 3834//7584 3833//7584 3770//7584
f 3770//7585 3771//7585 3834//7585
f 3835//7586 3834//7586 3771//7586
f 3771//7587 3772//7587 3835//7587
f 3836//7588 3835//7588 3772//7588
f 3772//7589 3773//7589 3836//7589
f 3837//7590 3836//7590 3773//7590
f 3773//7591 3774//7591 3837//7591
f 3838//7592 3837//7592 3774//7592
f 3774//7593 3775//7593 3838//7593
f 3839//7594 3838//7594 3775//7594
f 3775//7595 3776//7595 3839//7595
f 3840//7596 3839//7596 3776//7596
f 3776//7597 3777//7597 3840//7597
f 3841//7598 3840//7598 3777//7598
f 3777//7599 3778//7599 3841//7599
f 3842//7600 3841//7600 3778//7600
f 3778//7601 3779//7601 3842//7601
f 3843//7602 3842//7602 3779//7602
f 3779//7603 3780//7603 3843//7603
f 3844//7604 3843//7604 3780//7604
f 3780//7605 3781//7605 3844//7605
f 3845//7606 3844//7606 3781//7606
f 3781//7607 3782//7607 3845//7607
f 3846//7608 3845//7608 3782//7608
f 3782//7609 3783//7609 3846//7609
f 3847//7610 3846//7610 3783//7610
f 3783//7611 3784//7611 3847//7611
f 3848//7612 3847//7612 3784//7612
f 3784//7613 3785//7613 3848//7613
f 3849//7614 3848//7614 3785//7614
f 3785//7615 3786//7615 3849//7615
f 3850//7616 3849//7616 3786//7616
f 3786//7617 3787//7617 3850//7617
f 3851//7618 3850//7618 3787//7618
f 3787//7619 3788//7619 3851//7619
f 3852//7620 3851//7620 3788//7620
f 3788//7621 3789//7621 3852//7621
f 3853//7622 3852//7622 3789//7622
f 3789//7623 3790//7623 3853//7623
f 3854//7624 3853//7624 3790//7624
f 3790//7625 3791//7625 3854//7625
f 3855//7626 3854//7626 3791//7626
f 3791//7627 3792//7627 3855//7627
f 3856//7628 3855//7628 3792//7628
f 3792//7629 3793//7629 3856//7629
f 3857//7630 3856//7630 3793//7630
f 3793//7631 3794//7631 3857//7631
f 3858//7632 3857//7632 3794//7632
f 3794//7633 3795//7633 3858//7633
f 3859//7634 3858//7634 3795//7634
f 3795//7635 3796//7635 3859//7635
f 3860//7636 3859//7636 3796//7636
f 3796//7637 3797//7637 3860//7637
f 3861//7638 3860//7638 3797//7638
f 3797//7639 3798//7639 3861//7639
f 3862//7640 3861//7640 3798//7640
f 3798//7641 3799//7641 3862//7641
f 3863//7642 3862//7642 3799//7642
f 3799//7643 3800//7643 3863//7643
f 3864//7644 3863//7644 3800//7644
f 3800//7645 3801//7645 3864//7645
f 3865//7646 3864//7646 3801//7646
f 3801//7647 3802//7647 3865//7647
f 3866//7648 3865//7648 3802//7648
f 3802//7649 3803//7649 3866//7649
f 3867//7650 3866//7650 3803//7650
f 3803//7651 3804//7651 3867//7651
f 3868//7652 3867//7652 3804//7652
f 3804//7653 3805//7653 3868//7653
f 3869//7654 3868//7654 3805//7654
f 3805//7655 3806//7655 3869//7655
f 3870//7656 3869//7656 3806//7656
f 3806//7657 3807//7657 3870//7657
f 3871//7658 3870//7658 3807//7658
f 3807//7659 3808//7659 3871//7659
f 3872//7660 3871//7660 3808//7660
f 3808//7661 3809//7661 3872//7661
f 3873//7662 3872//7662 3809//7662
f 3810//7663 3811//7663 3874//7663
f 3875//7664 3874//7664 3811//7664
f 3811//7665 3812//7665 3875//7665
f 3876//7666 3875//7666 3812//7666
f 3812//7667 3813//7667 3876//7667
f 3877//7668 3876//7668 3813//7668
f 3813//7669 3814//7669 3877//7669
f 3878//7670 3877//7670 3814//7670
f 3814//7671 3815//7671 3878//7671
f 3879//7672 3878//7672 3815//7672
f 3815//7673 3816//7673 3879//7673
f 3880//7674 3879//7674 3816//7674
f 3816//7675 3817//7675 3880//7675
f 3881//7676 3880//7676 3817//7676
f 3817//7677 3818//7677 3881//7677
f 3882//7678 3881//7678 3818//7678
f 3818//7679 3819//7679 3882//7679
f 3883//7680 3882//7680 3819//7680
f 3819//7681 3820//7681 3883//7681
f 3884//7682 3883//7682 3820//7682
f 3820//7683 3821//7683 3884//7683
f 3885//7684 3884//7684 3821//7684
f 3821//7685 3822//7685 3885//7685
f 3886//7686 3885//7686 3822//7686
f 3822//7687 3823//7687 3886//7687
f 3887//7688 3886//7688 3823//7688
f 3823//7689 3824//7689 3887//7689
f 3888//7690 3887//7690 3824//7690
f 3824//7691 3825//7691 3888//7691
f 3889//7692 3888//7692 3825//7692
f 3825//7693 3826//7693 3889//7693
f 3890//7694 3889//7694 3826//7694
f 3873//7695 3810//7695 3937//7695
f 3874//7696 3937//7696 3810//7696
f 3826//7697 3827//7697 3890//7697
f 3891//7698 3890//7698 3827//7698
f 3827//7699 3828//7699 3891//7699
f 3892//7700 3891//7700 3828//7700
f 3828//7701 3829//7701 3892//7701
f 3893//7702 3892//7702 3829//7702
f 3829//7703 3830//7703 3893//7703
f 3894//7704 3893//7704 3830//7704
f 3830//7705 3831//7705 3894//7705
f 3895//7706 3894//7706 3831//7706
f 3831//7707 3832//7707 3895//7707
f 3896//7708 3895//7708 3832//7708
f 3832//7709 3833//7709 3896//7709
f 3897//7710 3896//7710 3833//7710
f 3833//7711 3834//7711 3897//7711
f 3898//7712 3897//7712 3834//7712
f 3834//7713 3835//7713 3898//7713
f 3899//7714 3898//7714 3835//7714
f 3835//7715 3836//7715 3899//7715
f 3900//7716 3899//7716 3836//7716
f 3836//7717 3837//7717 3900//7717
f 3901//7718 3900//7718 3837//7718
f 3837//7719 3838//7719 3901//7719
f 3902//7720 3901//7720 3838//7720
f 3838//7721 3839//7721 3902//7721
f 3903//7722 3902//7722 3839//7722
f 3839//7723 3840//7723 3903//7723
f 3904//7724 3903//7724 3840//7724
f 3840//7725 3841//7725 3904//7725
f 3905//7726 3904//7726 3841//7726
f 3841//7727 3842//7727 3905//7727
f 3906//7728 3905//7728 3842//7728
f 3842//7729 3843//7729 3906//7729
f 3907//7730 3906//7730 3843//7730
f 3843//7731 3844//7731 3907//7731
f 3908//7732 3907//7732 3844//7732
f 3844//7733 3845//7733 3908//7733
f 3909//7734 3908//7734 3845//7734
f 3845//7735 3846//7735 3909//7735
f 3910//7736 3909//7736 3846//7736
f 3846//7737 3847//7737 3910//7737
f 3911//7738 3910//7738 3847//7738
f 3847//7739 3848//7739 3911//7739
f 3912//7740 3911//7740 3848//7740
f 3848//7741 3849//7741 3912//7741
f 3913//7742 3912//7742 3849//7742
f 3849//7743 3850//7743 3913//7743
f 3914//7744 3913//7744 3850//7744
f 3850//7745 3851//7745 3914//7745
f 3915//7746 3914//7746 3851//7746
f 3851//7747 3852//7747 3915//7747
f 3916//7748 3915//7748 3852//7748
f 3852//7749 3853//7749 3916//7749
f 3917//7750 3916//7750 3853//7750
f 3853//7751 3854//7751 3917//7751
f 3918//7752 3917//7752 3854//7752
f 3854//7753 3855//7753 3918//7753
f 3919//7754 3918//7754 3855//7754
f 3855//7755 3856//7755 3919//7755
f 3920//7756 3919//7756 3856//7756
f 3856//7757 3857//7757 3920//7757
f 3921//7758 3920//7758 3857//7758
f 3857//7759 3858//7759 3921//7759
f 3922//7760 3921//7760 3858//7760
f 3858//7761 3859//7761 3922//7761
f 3923//7762 3922//7762 3859//7762
f 3859//7763 3860//7763 3923//7763
f 3924//7764 3923//7764 3860//7764
f 3860//7765 3861//7765 3924//7765
f 3925//7766 3924//7766 3861//7766
f 3861//7767 3862//7767 3925//7767
f 3926//7768 3925//7768 3862//7768
f 3862//7769 3863//7769 3926//7769
f 3927//7770 3926//7770 3863//7770
f 3863//7771 3864//7771 3927//7771
f 3928//7772 3927//7772 3864//7772
f 3864//7773 3865//7773 3928//7773
f 3929//7774 3928//7774 3865//7774
f 3865//7775 3866//7775 3929//7775
f 3930//7776 3929//7776 3866//7776
f 3866//7777 3867//7777 3930//7777
f 3931//7778 3930//7778 3867//7778
f 3867//7779 3868//7779 3931//7779
f 3932//7780 3931//7780 3868//7780
f 3868//7781 3869//7781 3932//7781
f 3933//7782 3932//7782 3869//7782
f 3869//7783 3870//7783 3933//7783
f 3934//7784 3933//7784 3870//7784
f 3870//7785 3871//7785 3934//7785
f 3935//7786 3934//7786 3871//7786
f 3871//7787 3872//7787 3935//7787
f 3936//7788 3935//7788 3872//7788
f 3872//7789 3873//7789 3936//7789
f 3937//7790 3936//7790 3873//7790
f 3874//7791 3875//7791 3938//7791
f 3939//7792 3938//7792 3875//7792
f 3875//7793 3876//7793 3939//7793
f 3940//7794 3939//7794 3876//7794
f 3876//7795 3877//7795 3940//7795
f 3941//7796 3940//7796 3877//7796
f 3877//7797 3878//7797 3941//7797
f 3942//7798 3941//7798 3878//7798
f 3878//7799 3879//7799 3942//7799
f 3943//7800 3942//7800 3879//7800
f 3879//7801 3880//7801 3943//7801
f 3944//7802 3943//7802 3880//7802
f 3880//7803 3881//7803 3944//7803
f 3945//7804 3944//7804 3881//7804
f 3881//7805 3882//7805 3945//7805
f 3946//7806 3945//7806 3882//7806
f 3882//7807 3883//7807 3946//7807
f 3947//7808 3946//7808 3883//7808
f 3883//7809 3884//7809 3947//7809
f 3948//7810 3947//7810 3884//7810
f 3884//7811 3885//7811 3948//7811
f 3949//7812 3948//7812 3885//7812
f 3885//7813 3886//7813 3949//7813
f 3950//7814 3949//7814 3886//7814
f 3886//7815 3887//7815 3950//7815
f 3951//7816 3950//7816 3887//7816
f 3887//7817 3888//7817 3951//7817
f 3952//7818 3951//7818 3888//7818
f 3888//7819 3889//7819 3952//7819
f 3953//7820 3952//7820 3889//7820
f 3889//7821 3890//7821 3953//7821
f 3954//7822 3953//7822 3890//7822
f 3937//7823 3874//7823 4001//7823
f 3938//7824 4001//7824 3874//7824
f 3890//7825 3891//7825 3954//7825
f 3955//7826 3954//7826 3891//7826
f 3891//7827 3892//7827 3955//7827
f 3956//7828 3955//7828 3892//7828
f 3892//7829 3893//7829 3956//7829
f 3957//7830 3956//7830 3893//7830
f 3893//7831 3894//7831 3957//7831
f 3958//7832 3957//7832 3894//7832
f 3894//7833 3895//7833 3958//7833
f 3959//7834 3958//7834 3895//7834
f 3895//7835 3896//7835 3959//7835
f 3960//7836 3959//7836 3896//7836
f 3896//7837 3897//7837 3960//7837
f 3961//7838 3960//7838 3897//7838
f 3897//7839 3898//7839 3961//7839
f 3962//7840 3961//7840 3898//7840
f 3898//7841 3899//7841 3962//7841
f 3963//7842 3962//7842 3899//7842
f 3899//7843 3900//7843 3963//7843
f 3964//7844 3963//7844 3900//7844
f 3900//7845 3901//7845 3964//7845
f 3965//7846 3964//7846 3901//7846
f 3901//7847 3902//7847 3965//7847
f 3966//7848 3965//7848 3902//7848
f 3902//7849 3903//7849 3966//7849
f 3967//7850 3966//7850 3903//7850
f 3903//7851 3904//7851 3967//7851
f 3968//7852 3967//7852 3904//7852
f 3904//7853 3905//7853 3968//7853
f 3969//7854 3968//7854 3905//7854
f 3905//7855 3906//7855 3969//7855
f 3970//7856 3969//7856 3906//7856
f 3906//7857 3907//7857 3970//7857
f 3971//7858 3970//7858 3907//7858
f 3907//7859 3908//7859 3971//7859
f 3972//7860 3971//7860 3908//7860
f 3908//7861 3909//7861 3972//7861
f 3973//7862 3972//7862 3909//7862
f 3909//7863 3910//7863 3973//7863
f 3974//7864 3973//7864 3910//7864
f 3910//7865 3911//7865 3974//7865
f 3975//7866 3974//7866 3911//7866
f 3911//7867 3912//7867 3975//7867
f 3976//7868 3975//7868 3912//7868
f 3912//7869 3913//7869 3976//7869
f 3977//7870 3976//7870 3913//7870
f 3913//7871 3914//7871 3977//7871
f 3978//7872 3977//7872 3914//7872
f 3914//7873 3915//7873 3978//7873
f 3979//7874 3978//7874 3915//7874
f 3915//7875 3916//7875 3979//7875
f 3980//7876 3979//7876 3916//7876
f 3916//7877 3917//7877 3980//7877
f 3981//7878 3980//7878 3917//7878
f 3917//7879 3918//7879 3981//7879
f 3982//7880 3981//7880 3918//7880
f 3918//7881 3919//7881 3982//7881
f 3983//7882 3982//7882 3919//7882
f 3919//7883 3920//7883 3983//7883
f 3984//7884 3983//7884 3920//7884
f 3920//7885 3921//7885 3984//7885
f 3985//7886 3984//7886 3921//7886
f 3921//7887 3922//7887 3985//7887
f 3986//7888 3985//7888 3922//7888
f 3922//7889 3923//7889 3986//7889
f 3987//7890 3986//7890 3923//7890
f 3923//7891 3924//7891 3987//7891
f 3988//7892 3987//7892 3924//7892
f 3924//7893 3925//7893 3988//7893
f 3989//7894 3988//7894 3925//7894
f 3925//7895 3926//7895 3989//7895
f 3990//7896 3989//7896 3926//7896
f 3926//7897 3927//7897 3990//7897
f 3991//7898 3990//7898 3927//7898
f 3927//7899 3928//7899 3991//7899
f 3992//7900 3991//7900 3928//7900
f 3928//7901 3929//7901 3992//7901
f 3993//7902 3992//7902 3929//7902
f 3929//7903 3930//7903 3993//7903
f 3994//7904 3993//7904 3930//7904
f 3930//7905 3931//7905 3994//7905
f 3995//7906 3994//7906 3931//7906
f 3931//7907 3932//7907 3995//7907
f 3996//7908 3995//7908 3932//7908
f 3932//7909 3933//7909 3996//7909
f 3997//7910 3996//7910 3933//7910
f 3933//7911 3934//7911 3997//7911
f 3998//7912 3997//7912 3934//7912
f 3934//7913 3935//7913 3998//7913
f 3999//7914 3998//7914 3935//7914
f 3935//7915 3936//7915 3999//7915
f 4000//7916 3999//7916 3936//7916
f 3936//7917 3937//7917 4000//7917
f 4001//7918 4000//7918 3937//7918
f 3938//7919 3939//7919 4002//7919
f 4003//7920 4002//7920 3939//7920
f 3939//7921 3940//7921 4003//7921
f 4004//7922 4003//7922 3940//7922
f 3940//7923 3941//7923 4004//7923
f 4005//7924 4004//7924 3941//7924
f 3941//7925 3942//7925 4005//7925
f 4006//7926 4005//7926 3942//7926
f 3942//7927 3943//7927 4006//7927
f 4007//7928 4006//7928 3943//7928
f 3943//7929 3944//7929 4007//7929
f 4008//7930 4007//7930 3944//7930
f 3944//7931 3945//7931 4008//7931
f 4009//7932 4008//7932 3945//7932
f 3945//7933 3946//7933 4009//7933
f 4010//7934 4009//7934 3946//7934
f 3946//7935 3947//7935 4010//7935
f 4011//7936 4010//7936 3947//7936
f 3947//7937 3948//7937 4011//7937
f 4012//7938 4011//7938 3948//7938
f 3948//7939 3949//7939 4012//7939
f 4013//7940 4012//7940 3949//7940
f 3949//7941 3950//7941 4013//7941
f 4014//7942 4013//7942 3950//7942
f 3950//7943 3951//7943 4014//7943
f 4015//7944 4014//7944 3951//7944
f 3951//7945 3952//7945 4015//7945
f 4016//7946 4015//7946 3952//7946
f 3952//7947 3953//7947 4016//7947
f 4017//7948 4016//7948 3953//7948
f 3953//7949 3954//7949 4017//7949
f 4018//7950 4017//7950 3954//7950
f 4001//7951 3938//7951 4065//7951
f 4002//7952 4065//7952 3938//7952
f 3954//7953 3955//7953 4018//7953
f 4019//7954 4018//7954 3955//7954
f 3955//7955 3956//7955 4019//7955
f 4020//7956 4019//7956 3956//7956
f 3956//7957 3957//7957 4020//7957
f 4021//7958 4020//7958 3957//7958
f 3957//7959 3958//7959 4021//7959
f 4022//7960 4021//7960 3958//7960
f 3958//7961 3959//7961 4022//7961
f 4023//7962 4022//7962 3959//7962
f 3959//7963 3960//7963 4023//7963
f 4024//7964 4023//7964 3960//7964
f 3960//7965 3961//7965 4024//7965
f 4025//7966 4024//7966 3961//7966
f 3961//7967 3962//7967 4025//7967
f 4026//7968 4025//7968 3962//7968
f 3962//7969 3963//7969 4026//7969
f 4027//7970 4026//7970 3963//7970
f 3963//7971 3964//7971 4027//7971
f 4028//7972 4027//7972 3964//7972
f 3964//7973 3965//7973 4028//7973
f 4029//7974 4028//7974 3965//7974
f 3965//7975 3966//7975 4029//7975
f 4030//7976 4029//7976 3966//7976
f 3966//7977 3967//7977 4030//7977
f 4031//7978 4030//7978 3967//7978
f 3967//7979 3968//7979 4031//7979
f 4032//7980 4031//7980 3968//7980
f 3968//7981 3969//7981 4032//7981
f 4033//7982 4032//7982 3969//7982
f 3969//7983 3970//7983 4033//7983
f 4034//7984 4033//7984 3970//7984
f 3970//7985 3971//7985 4034//7985
f 4035//7986 4034//7986 3971//7986
f 3971//7987 3972//7987 4035//7987
f 4036//7988 4035//7988 3972//7988
f 3972//7989 3973//7989 4036//7989
f 4037//7990 4036//7990 3973//7990
f 3973//7991 3974//7991 4037//7991
f 4038//7992 4037//7992 3974//7992
f 3974//7993 3975//7993 4038//7993
f 4039//7994 4038//7994 3975//7994
f 3975//7995 3976//7995 4039//7995
f 4040//7996 4039//7996 3976//7996
f 3976//7997 3977//7997 4040//7997
f 4041//7998 4040//7998 3977//7998
f 3977//7999 3978//7999 4041//7999
f 4042//8000 4041//8000 3978//8000
f 3978//8001 3979//8001 4042//8001
f 4043//8002 4042//8002 3979//8002
f 3979//8003 3980//8003 4043//8003
f 4044//8004 4043//8004 3980//8004
f 3980//8005 3981//8005 4044//8005
f 4045//8006 4044//8006 3981//8006
f 3981//8007 3982//8007 4045//8007
f 4046//8008 4045//8008 3982//8008
f 3982//8009 3983//8009 4046//8009
f 4047//8010 4046//8010 3983//8010
f 3983//8011 3984//8011 4047//8011
f 4048//8012 4047//8012 3984//8012
f 3984//8013 3985//8013 4048//8013
f 4049//8014 4048//8014 3985//8014
f 3985//8015 3986//8015 4049//8015
f 4050//8016 4049//8016 3986//8016
f 3986//8017 3987//8017 4050//8017
f 4051//8018 4050//8018 3987//8018
f 3987//8019 3988//8019 4051//8019
f 4052//8020 4051//8020 3988//8020
f 3988//8021 3989//8021 4052//8021
f 4053//8022 4052//8022 3989//8022
f 3989//8023 3990//8023 4053//8023
f 4054//8024 4053//8024 3990//8024
f 3990//8025 3991//8025 4054//8025
f 4055//8026 4054//8026 3991//8026
f 3991//8027 3992//8027 4055//8027
f 4056//8028 4055//8028 3992//8028
f 3992//8029 3993//8029 4056//8029
f 4057//8030 4056//8030 3993//8030
f 3993//8031 3994//8031 4057//8031
f 4058//8032 4057//8032 3994//8032
f 3994//8033 3995//8033 4058//8033
f 4059//8034 4058//8034 3995//8034
f 3995//8035 3996//8035 4059//8035
f 4060//8036 4059//8036 3996//8036
f 3996//8037 3997//8037 4060//8037
f 4061//8038 4060//8038 3997//8038
f 3997//8039 3998//8039 4061//8039
f 4062//8040 4061//8040 3998//8040
f 3998//8041 3999//8041 4062//8041
f 4063//8042 4062//8042 3999//8042
f 3999//8043 4000//8043 4063//8043
f 4064//8044 4063//8044 4000//8044
f 4000//8045 4001//8045 4064//8045
f 4065//8046 4064//8046 4001//8046
f 4002//8047 4003//8047 4066//8047
f 4067//8048 4066//8048 4003//8048
f 4003//8049 4004//8049 4067//8049
f 4068//8050 4067//8050 4004//8050
f 4004//8051 4005//8051 4068//8051
f 4069//8052 4068//8052 4005//8052
f 4005//8053 4006//8053 4069//8053
f 4070//8054 4069//8054 4006//8054
f 4006//8055 4007//8055 4070//8055
f 4071//8056 4070//8056 4007//8056
f 4007//8057 4008//8057 4071//8057
f 4072//8058 4071//8058 4008//8058
f 4008//8059 4009//8059 4072//8059
f 4073//8060 4072//8060 4009//8060
f 4009//8061 4010//8061 4073//8061
f 4074//8062 4073//8062 4010//8062
f 4010//8063 4011//8063 4074//8063
f 4075//8064 4074//8064 4011//8064
f 4011//8065 4012//8065 4075//8065
f 4076//8066 4075//8066 4012//8066
f 4012//8067 4013//8067 4076//8067
f 4077//8068 4076//8068 4013//8068
f 4013//8069 4014//8069 4077//8069
f 4078//8070 4077//8070 4014//8070
f 4014//8071 4015//8071 4078//8071
f 4079//8072 4078//8072 4015//8072
f 4015//8073 4016//8073 4079//8073
f 4080//8074 4079//8074 4016//8074
f 4016//8075 4017//8075 4080//8075
f 4081//8076 4080//8076 4017//8076
f 4017//8077 4018//8077 4081//8077
f 4082//8078 4081//8078 4018//8078
f 4065//8079 4002//8079 4129//8079
f 4066//8080 4129//8080 4002//8080
f 4018//8081 4019//8081 4082//8081
f 4083//8082 4082//8082 4019//8082
f 4019//8083 4020//8083 4083//8083
f 4084//8084 4083//8084 4020//8084
f 4020//8085 4021//8085 4084//8085
f 4085//8086 4084//8086 4021//8086
f 4021//8087 4022//8087 4085//8087
f 4086//8088 4085//8088 4022//8088
f 4022//8089 4023//8089 4086//8089
f 4087//8090 4086//8090 4023//8090
f 4023//8091 4024//8091 4087//8091
f 4088//8092 4087//8092 4024//8092
f 4024//8093 4025//8093 4088//8093
f 4089//8094 4088//8094 4025//8094
f 4025//8095 4026//8095 4089//8095
f 4090//8096 4089//8096 4026//8096
f 4026//8097 4027//8097 4090//8097
f 4091//8098 4090//8098 4027//8098
f 4027//8099 4028//8099 4091//8099
f 4092//8100 4091//8100 4028//8100
f 4028//8101 4029//8101 4092//8101
f 4093//8102 4092//8102 4029//8102
f 4029//8103 4030//8103 4093//8103
f 4094//8104 4093//8104 4030//8104
f 4030//8105 4031//8105 4094//8105
f 4095//8106 4094//8106 4031//8106
f 4031//8107 4032//8107 4095//8107
f 4096//8108 4095//8108 4032//8108
f 4032//8109 4033//8109 4096//8109
f 4097//8110 4096//8110 4033//8110
f 4033//8111 4034//8111 4097//8111
f 4098//8112 4097//8112 4034//8112
f 4034//8113 4035//8113 4098//8113
f 4099//8114 4098//8114 4035//8114
f 4035//8115 4036//8115 4099//8115
f 4100//8116 4099//8116 4036//8116
f 4036//8117 4037//8117 4100//8117
f 4101//8118 4100//8118 4037//8118
f 4037//8119 4038//8119 4101//8119
f 4102//8120 4101//8120 4038//8120
f 4038//8121 4039//8121 4102//8121
f 4103//8122 4102//8122 4039//8122
f 4039//8123 4040//8123 4103//8123
f 4104//8124 4103//8124 4040//8124
f 4040//8125 4041//8125 4104//8125
f 4105//8126 4104//8126 4041//8126
f 4041//8127 4042//8127 4105//8127
f 4106//8128 4105//8128 4042//8128
f 4042//8129 4043//8129 4106//8129
f 4107//8130 4106//8130 4043//8130
f 4043//8131 4044//8131 4107//8131
f 4108//8132 4107//8132 4044//8132
f 4044//8133 4045//8133 4108//8133
f 4109//8134 4108//8134 4045//8134
f 4045//8135 4046//8135 4109//8135
f 4110//8136 4109//8136 4046//8136
f 4046//8137 4047//8137 4110//8137
f 4111//8138 4110//8138 4047//8138
f 4047//8139 4048//8139 4111//8139
f 4112//8140 4111//8140 4048//8140
f 4048//8141 4049//8141 4112//8141
f 4113//8142 4112//8142 4049//8142
f 4049//8143 4050//8143 4113//8143
f 4114//8144 4113//8144 4050//8144
f 4050//8145 4051//8145 4114//8145
f 4115//8146 4114//8146 4051//8146
f 4051//8147 4052//8147 4115//8147
f 4116//8148 4115//8148 4052//8148
f 4052//8149 4053//8149 4116//8149
f 4117//8150 4116//8150 4053//8150
f 4053//8151 4054//8151 4117//8151
f 4118//8152 4117//8152 4054//8152
f 4054//8153 4055//8153 4118//8153
f 4119//8154 4118//8154 4055//8154
f 4055//8155 4056//8155 4119//8155
f 4120//8156 4119//8156 4056//8156
f 4056//8157 4057//8157 4120//8157
f 4121//8158 4120//8158 4057//8158
f 4057//8159 4058//8159 4121//8159
f 4122//8160 4121//8160 4058//8160
f 4058//8161 4059//8161 4122//8161
f 4123//8162 4122//8162 4059//8162
f 4059//8163 4060//8163 4123//8163
f 4124//8164 4123//8164 4060//8164
f 4060//8165 4061//8165 4124//8165
f 4125//8166 4124//8166 4061//8166
f 4061//8167 4062//8167 4125//8167
f 4126//8168 4125//8168 4062//8168
f 4062//8169 4063//8169 4126//8169
f 4127//8170 4126//8170 4063//8170
f 4063//8171 4064//8171 4127//8171
f 4128//8172 4127//8172 4064//8172
f 4064//8173 4065//8173 4128//8173
f 4129//8174 4128//8174 4065//8174
f 4066//8175 4067//8175 4130//8175
f 4131//8176 4130//8176 4067//8176
f 4067//8177 4068//8177 4131//8177
f 4132//8178 4131//8178 4068//8178
f 4068//8179 4069//8179 4132//8179
f 4133//8180 4132//8180 4069//8180
f 4069//8181 4070//8181 4133//8181
f 4134//8182 4133//8182 4070//8182
f 4070//8183 4071//8183 4134//8183
f 4135//8184 4134//8184 4071//8184
f 4071//8185 4072//8185 4135//8185
f 4136//8186 4135//8186 4072//8186
f 4072//8187 4073//8187 4136//8187
f 4137//8188 4136//8188 4073//8188
f 4073//8189 4074//8189 4137//8189
f 4138//8190 4137//8190 4074//8190
f 4074//8191 4075//8191 4138//8191
f 4139//8192 4138//8192 4075//8192
f 4075//8193 4076//8193 4139//8193
f 4140//8194 4139//8194 4076//8194
f 4076//8195 4077//8195 4140//8195
f 4141//8196 4140//8196 4077//8196
f 4077//8197 4078//8197 4141//8197
f 4142//8198 4141//8198 4078//8198
f 4078//8199 4079//8199 4142//8199
f 4143//8200 4142//8200 4079//8200
f 4079//8201 4080//8201 4143//8201
f 4144//8202 4143//8202 4080//8202
f 4080//8203 4081//8203 4144//8203
f 4145//8204 4144//8204 4081//8204
f 4081//8205 4082//8205 4145//8205
f 4146//8206 4145//8206 4082//8206
f 4129//8207 4066//8207 4193//8207
f 4130//8208 4193//8208 4066//8208
f 4082//8209 4083//8209 4146//8209
f 4147//8210 4146//8210 4083//8210
f 4083//8211 4084//8211 4147//8211
f 4148//8212 4147//8212 4084//8212
f 4084//8213 4085//8213 4148//8213
f 4149//8214 4148//8214 4085//8214
f 4085//8215 4086//8215 4149//8215
f 4150//8216 4149//8216 4086//8216
f 4086//8217 4087//8217 4150//8217
f 4151//8218 4150//8218 4087//8218
f 4087//8219 4088//8219 4151//8219
f 4152//8220 4151//8220 4088//8220
f 4088//8221 4089//8221 4152//8221
f 4153//8222 4152//8222 4089//8222
f 4089//8223 4090//8223 4153//8223
f 4154//8224 4153//8224 4090//8224
f 4090//8225 4091//8225 4154//8225
f 4155//8226 4154//8226 4091//8226
f 4091//8227 4092//8227 4155//8227
f 4156//8228 4155//8228 4092//8228
f 4092//8229 4093//8229 4156//8229
f 4157//8230 4156//8230 4093//8230
f 4093//8231 4094//8231 4157//8231
f 4158//8232 4157//8232 4094//8232
f 4094//8233 4095//8233 4158//8233
f 4159//8234 4158//8234 4095//8234
f 4095//8235 4096//8235 4159//8235
f 4160//8236 4159//8236 4096//8236
f 4096//8237 4097//8237 4160//8237
f 4161//8238 4160//8238 4097//8238
f 4097//8239 4098//8239 4161//8239
f 4162//8240 4161//8240 4098//8240
f 4098//8241 4099//8241 4162//8241
f 4163//8242 4162//8242 4099//8242
f 4099//8243 4100//8243 4163//8243
f 4164//8244 4163//8244 4100//8244
f 4100//8245 4101//8245 4164//8245
f 4165//8246 4164//8246 4101//8246
f 4101//8247 4102//8247 4165//8247
f 4166//8248 4165//8248 4102//8248
f 4102//8249 4103//8249 4166//8249
f 4167//8250 4166//8250 4103//8250
f 4103//8251 4104//8251 4167//8251
f 4168//8252 4167//8252 4104//8252
f 4104//8253 4105//8253 4168//8253
f 4169//8254 4168//8254 4105//8254
f 4105//8255 4106//8255 4169//8255
f 4170//8256 4169//8256 4106//8256
f 4106//8257 4107//8257 4170//8257
f 4171//8258 4170//8258 4107//8258
f 4107//8259 4108//8259 4171//8259
f 4172//8260 4171//8260 4108//8260
f 4108//8261 4109//8261 4172//8261
f 4173//8262 4172//8262 4109//8262
f 4109//8263 4110//8263 4173//8263
f 4174//8264 4173//8264 4110//8264
f 4110//8265 4111//8265 4174//8265
f 4175//8266 4174//8266 4111//8266
f 4111//8267 4112//8267 4175//8267
f 4176//8268 4175//8268 4112//8268
f 4112//8269 4113//8269 4176//8269
f 4177//8270 4176//8270 4113//8270
f 4113//8271 4114//8271 4177//8271
f 4178//8272 4177//8272 4114//8272
f 4114//8273 4115//8273 4178//8273
f 4179//8274 4178//8274 4115//8274
f 4115//8275 4116//8275 4179//8275
f 4180//8276 4179//8276 4116//8276
f 4116//8277 4117//8277 4180//8277
f 4181//8278 4180//8278 4117//8278
f 4117//8279 4118//8279 4181//8279
f 4182//8280 4181//8280 4118//8280
f 4118//8281 4119//8281 4182//8281
f 4183//8282 4182//8282 4119//8282
f 4119//8283 4120//8283 4183//8283
f 4184//8284 4183//8284 4120//8284
f 4120//8285 4121//8285 4184//8285
f 4185//8286 4184//8286 4121//8286
f 4121//8287 4122//8287 4185//8287
f 4186//8288 4185//8288 4122//8288
f 4122//8289 4123//8289 4186//8289
f 4187//8290 4186//8290 4123//8290
f 4123//8291 4124//8291 4187//8291
f 4188//8292 4187//8292 4124//8292
f 4124//8293 4125//8293 4188//8293
f 4189//8294 4188//8294 4125//8294
f 4125//8295 4126//8295 4189//8295
f 4190//8296 4189//8296 4126//8296
f 4126//8297 4127//8297 4190//8297
f 4191//8298 4190//8298 4127//8298
f 4127//8299 4128//8299 4191//8299
f 4192//8300 4191//8300 4128//8300
f 4128//8301 4129//8301 4192//8301
f 4193//8302 4192//8302 4129//8302
f 4130//8303 4131//8303 4194//8303
f 4195//8304 4194//8304 4131//8304
f 4131//8305 4132//8305 4195//8305
f 4196//8306 4195//8306 4132//8306
f 4132//8307 4133//8307 4196//8307
f 4197//8308 4196//8308 4133//8308
f 4133//8309 4134//8309 4197//8309
f 4198//8310 4197//8310 4134//8310
f 4134//8311 4135//8311 4198//8311
f 4199//8312 4198//8312 4135//8312
f 4135//8313 4136//8313 4199//8313
f 4200//8314 4199//8314 4136//8314
f 4136//8315 4137//8315 4200//8315
f 4201//8316 4200//8316 4137//8316
f 4137//8317 4138//8317 4201//8317
f 4202//8318 4201//8318 4138//8318
f 4138//8319 4139//8319 4202//8319
f 4203//8320 4202//8320 4139//8320
f 4139//8321 4140//8321 4203//8321
f 4204//8322 4203//8322 4140//8322
f 4140//8323 4141//8323 4204//8323
f 4205//8324 4204//8324 4141//8324
f 4141//8325 4142//8325 4205//8325
f 4206//8326 4205//8326 4142//8326
f 4142//8327 4143//8327 4206//8327
f 4207//8328 4206//8328 4143//8328
f 4143//8329 4144//8329 4207//8329
f 4208//8330 4207//8330 4144//8330
f 4144//8331 4145//8331 4208//8331
f 4209//8332 4208//8332 4145//8332
f 4145//8333 4146//8333 4209//8333
f 4210//8334 4209//8334 4146//8334
f 4193//8335 4130//8335 4257//8335
f 4194//8336 4257//8336 4130//8336
f 4146//8337 4147//8337 4210//8337
f 4211//8338 4210//8338 4147//8338
f 4147//8339 4148//8339 4211//8339
f 4212//8340 4211//8340 4148//8340
f 4148//8341 4149//8341 4212//8341
f 4213//8342 4212//8342 4149//8342
f 4149//8343 4150//8343 4213//8343
f 4214//8344 4213//8344 4150//8344
f 4150//8345 4151//8345 4214//8345
f 4215//8346 4214//8346 4151//8346
f 4151//8347 4152//8347 4215//8347
f 4216//8348 4215//8348 4152//8348
f 4152//8349 4153//8349 4216//8349
f 4217//8350 4216//8350 4153//8350
f 4153//8351 4154//8351 4217//8351
f 4218//8352 4217//8352 4154//8352
f 4154//8353 4155//8353 4218//8353
f 4219//8354 4218//8354 4155//8354
f 4155//8355 4156//8355 4219//8355
f 4220//8356 4219//8356 4156//8356
f 4156//8357 4157//8357 4220//8357
f 4221//8358 4220//8358 4157//8358
f 4157//8359 4158//8359 4221//8359
f 4222//8360 4221//8360 4158//8360
f 4158//8361 4159//8361 4222//8361
f 4223//8362 4222//8362 4159//8362
f 4159//8363 4160//8363 4223//8363
f 4224//8364 4223//8364 4160//8364
f 4160//8365 4161//8365 4224//8365
f 4225//8366 4224//8366 4161//8366
f 4161//8367 4162//8367 4225//8367
f 4226//8368 4225//8368 4162//8368
f 4162//8369 4163//8369 4226//8369
f 4227//8370 4226//8370 4163//8370
f 4163//8371 4164//8371 4227//8371
f 4228//8372 4227//8372 4164//8372
f 4164//8373 4165//8373 4228//8373
f 4229//8374 4228//8374 4165//8374
f 4165//8375 4166//8375 4229//8375
f 4230//8376 4229//8376 4166//8376
f 4166//8377 4167//8377 4230//8377
f 4231//8378 4230//8378 4167//8378
f 4167//8379 4168//8379 4231//8379
f 4232//8380 4231//8380 4168//8380
f 4168//8381 4169//8381 4232//8381
f 4233//8382 4232//8382 4169//8382
f 4169//8383 4170//8383 4233//8383
f 4234//8384 4233//8384 4170//8384
f 4170//8385 4171//8385 4234//8385
f 4235//8386 4234//8386 4171//8386
f 4171//8387 4172//8387 4235//8387
f 4236//8388 4235//8388 4172//8388
f 4172//8389 4173//8389 4236//8389
f 4237//8390 4236//8390 4173//8390
f 4173//8391 4174//8391 4237//8391
f 4238//8392 4237//8392 4174//8392
f 4174//8393 4175//8393 4238//8393
f 4239//8394 4238//8394 4175//8394
f 4175//8395 4176//8395 4239//8395
f 4240//8396 4239//8396 4176//8396
f 4176//8397 4177//8397 4240//8397
f 4241//8398 4240//8398 4177//8398
f 4177//8399 4178//8399 4241//8399
f 4242//8400 4241//8400 4178//8400
f 4178//8401 4179//8401 4242//8401
f 4243//8402 4242//8402 4179//8402
f 4179//8403 4180//8403 4243//8403
f 4244//8404 4243//8404 4180//8404
f 4180//8405 4181//8405 4244//8405
f 4245//8406 4244//8406 4181//8406
f 4181//8407 4182//8407 4245//8407
f 4246//8408 4245//8408 4182//8408
f 4182//8409 4183//8409 4246//8409
f 4247//8410 4246//8410 4183//8410
f 4183//8411 4184//8411 4247//8411
f 4248//8412 4247//8412 4184//8412
f 4184//8413 4185//8413 4248//8413
f 4249//8414 4248//8414 4185//8414
f 4185//8415 4186//8415 4249//8415
f 4250//8416 4249//8416 4186//8416
f 4186//8417 4187//8417 4250//8417
f 4251//8418 4250//8418 4187//8418
f 4187//8419 4188//8419 4251//8419
f 4252//8420 4251//8420 4188//8420
f 4188//8421 4189//8421 4252//8421
f 4253//8422 4252//8422 4189//8422
f 4189//8423 4190//8423 4253//8423
f 4254//8424 4253//8424 4190//8424
f 4190//8425 4191//8425 4254//8425
f 4255//8426 4254//8426 4191//8426
f 4191//8427 4192//8427 4255//8427
f 4256//8428 4255//8428 4192//8428
f 4192//8429 4193//8429 4256//8429
f 4257//8430 4256//8430 4193//8430
f 4194//8431 4195//8431 4258//8431
f 4259//8432 4258//8432 4195//8432
f 4195//8433 4196//8433 4259//8433
f 4260//8434 4259//8434 4196//8434
f 4196//8435 4197//8435 4260//8435
f 4261//8436 4260//8436 4197//8436
f 4197//8437 4198//8437 4261//8437
f 4262//8438 4261//8438 4198//8438
f 4198//8439 4199//8439 4262//8439
f 4263//8440 4262//8440 4199//8440
f 4199//8441 4200//8441 4263//8441
f 4264//8442 4263//8442 4200//8442
f 4200//8443 4201//8443 4264//8443
f 4265//8444 4264//8444 4201//8444
f 4201//8445 4202//8445 4265//8445
f 4266//8446 4265//8446 4202//8446
f 4202//8447 4203//8447 4266//8447
f 4267//8448 4266//8448 4203//8448
f 4203//8449 4204//8449 4267//8449
f 4268//8450 4267//8450 4204//8450
f 4204//8451 4205//8451 4268//8451
f 4269//8452 4268//8452 4205//8452
f 4205//8453 4206//8453 4269//8453
f 4270//8454 4269//8454 4206//8454
f 4206//8455 4207//8455 4270//8455
f 4271//8456 4270//8456 4207//8456
f 4207//8457 4208//8457 4271//8457
f 4272//8458 4271//8458 4208//8458
f 4208//8459 4209//8459 4272//8459
f 4273//8460 4272//8460 4209//8460
f 4209//8461 4210//8461 4273//8461
f 4274//8462 4273//8462 4210//8462
f 4257//8463 4194//8463 4321//8463
f 4258//8464 4321//8464 4194//8464
f 4210//8465 4211//8465 4274//8465
f 4275//8466 4274//8466 4211//8466
f 4211//8467 4212//8467 4275//8467
f 4276//8468 4275//8468 4212//8468
f 4212//8469 4213//8469 4276//8469
f 4277//8470 4276//8470 4213//8470
f 4213//8471 4214//8471 4277//8471
f 4278//8472 4277//8472 4214//8472
f 4214//8473 4215//8473 4278//8473
f 4279//8474 4278//8474 4215//8474
f 4215//8475 4216//8475 4279//8475
f 4280//8476 4279//8476 4216//8476
f 4216//8477 4217//8477 4280//8477
f 4281//8478 4280//8478 4217//8478
f 4217//8479 4218//8479 4281//8479
f 4282//8480 4281//8480 4218//8480
f 4218//8481 4219//8481 4282//8481
f 4283//8482 4282//8482 4219//8482
f 4219//8483 4220//8483 4283//8483
f 4284//8484 4283//8484 4220//8484
f 4220//8485 4221//8485 4284//8485
f 4285//8486 4284//8486 4221//8486
f 4221//8487 4222//8487 4285//8487
f 4286//8488 4285//8488 4222//8488
f 4222//8489 4223//8489 4286//8489
f 4287//8490 4286//8490 4223//8490
f 4223//8491 4224//8491 4287//8491
f 4288//8492 4287//8492 4224//8492
f 4224//8493 4225//8493 4288//8493
f 4289//8494 4288//8494 4225//8494
f 4225//8495 4226//8495 4289//8495
f 4290//8496 4289//8496 4226//8496
f 4226//8497 4227//8497 4290//8497
f 4291//8498 4290//8498 4227//8498
f 4227//8499 4228//8499 4291//8499
f 4292//8500 4291//8500 4228//8500
f 4228//8501 4229//8501 4292//8501
f 4293//8502 4292//8502 4229//8502
f 4229//8503 4230//8503 4293//8503
f 4294//8504 4293//8504 4230//8504
f 4230//8505 4231//8505 4294//8505
f 4295//8506 4294//8506 4231//8506
f 4231//8507 4232//8507 4295//8507
f 4296//8508 4295//8508 4232//8508
f 4232//8509 4233//8509 4296//8509
f 4297//8510 4296//8510 4233//8510
f 4233//8511 4234//8511 4297//8511
f 4298//8512 4297//8512 4234//8512
f 4234//8513 4235//8513 4298//8513
f 4299//8514 4298//8514 4235//8514
f 4235//8515 4236//8515 4299//8515
f 4300//8515 4299//8515 4236//8515
f 4236//8516 4237//8516 4300//8516
f 4301//8517 4300//8517 4237//8517
f 4237//8518 4238//8518 4301//8518
f 4302//8519 4301//8519 4238//8519
f 4238//8520 4239//8520 4302//8520
f 4303//8521 4302//8521 4239//8521
f 4239//8522 4240//8522 4303//8522
f 4304//8523 4303//8523 4240//8523
f 4240//8524 4241//8524 4304//8524
f 4305//8525 4304//8525 4241//8525
f 4241//8526 4242//8526 4305//8526
f 4306//8527 4305//8527 4242//8527
f 4242//8528 4243//8528 4306//8528
f 4307//8529 4306//8529 4243//8529
f 4243//8530 4244//8530 4307//8530
f 4308//8531 4307//8531 4244//8531
f 4244//8532 4245//8532 4308//8532
f 4309//8533 4308//8533 4245//8533
f 4245//8534 4246//8534 4309//8534
f 4310//8535 4309//8535 4246//8535
f 4246//8536 4247//8536 4310//8536
f 4311//8537 4310//8537 4247//8537
f 4247//8538 4248//8538 4311//8538
f 4312//8539 4311//8539 4248//8539
f 4248//8540 4249//8540 4312//8540
f 4313//8541 4312//8541 4249//8541
f 4249//8542 4250//8542 4313//8542
f 4314//8543 4313//8543 4250//8543
f 4250//8544 4251//8544 4314//8544
f 4315//8545 4314//8545 4251//8545
f 4251//8546 4252//8546 4315//8546
f 4316//8547 4315//8547 4252//8547
f 4252//8548 4253//8548 4316//8548
f 4317//8549 4316//8549 4253//8549
f 4253//8550 4254//8550 4317//8550
f 4318//8551 4317//8551 4254//8551
f 4254//8552 4255//8552 4318//8552
f 4319//8553 4318//8553 4255//8553
f 4255//8554 4256//8554 4319//8554
f 4320//8555 4319//8555 4256//8555
f 4256//8556 4257//8556 4320//8556
f 4321//8557 4320//8557 4257//8557
f 4258//8558 4259//8558 4322//8558
f 4323//8559 4322//8559 4259//8559
f 4259//8560 4260//8560 4323//8560
f 4324//8561 4323//8561 4260//8561
f 4260//8562 4261//8562 4324//8562
f 4325//8563 4324//8563 4261//8563
f 4261//8564 4262//8564 4325//8564
f 4326//8565 4325//8565 4262//8565
f 4262//8566 4263//8566 4326//8566
f 4327//8567 4326//8567 4263//8567
f 4263//8568 4264//8568 4327//8568
f 4328//8569 4327//8569 4264//8569
f 4264//8570 4265//8570 4328//8570
f 4329//8571 4328//8571 4265//8571
f 4265//8572 4266//8572 4329//8572
f 4330//8573 4329//8573 4266//8573
f 4266//8574 4267//8574 4330//8574
f 4331//8575 4330//8575 4267//8575
f 4267//8576 4268//8576 4331//8576
f 4332//8577 4331//8577 4268//8577
f 4268//8578 4269//8578 4332//8578
f 4333//8579 4332//8579 4269//8579
f 4269//8580 4270//8580 4333//8580
f 4334//8581 4333//8581 4270//8581
f 4270//8582 4271//8582 4334//8582
f 4335//8583 4334//8583 4271//8583
f 4271//8584 4272//8584 4335//8584
f 4336//8585 4335//8585 4272//8585
f 4272//8586 4273//8586 4336//8586
f 4337//8587 4336//8587 4273//8587
f 4273//8588 4274//8588 4337//8588
f 4338//8589 4337//8589 4274//8589
f 4385//8590 4321//8590 4322//8590
f 4258//8591 4322//8591 4321//8591
f 4275//8592 4339//8592 4274//8592
f 4338//8593 4274//8593 4339//8593
f 4275//8594 4276//8594 4339//8594
f 4340//8595 4339//8595 4276//8595
f 4276//8596 4277//8596 4340//8596
f 4341//8597 4340//8597 4277//8597
f 4277//8598 4278//8598 4341//8598
f 4342//8599 4341//8599 4278//8599
f 4278//8600 4279//8600 4342//8600
f 4343//8601 4342//8601 4279//8601
f 4279//8602 4280//8602 4343//8602
f 4344//8603 4343//8603 4280//8603
f 4280//8604 4281//8604 4344//8604
f 4345//8605 4344//8605 4281//8605
f 4281//8606 4282//8606 4345//8606
f 4346//8607 4345//8607 4282//8607
f 4282//8608 4283//8608 4346//8608
f 4347//8609 4346//8609 4283//8609
f 4283//8610 4284//8610 4347//8610
f 4348//8611 4347//8611 4284//8611
f 4284//8612 4285//8612 4348//8612
f 4349//8613 4348//8613 4285//8613
f 4285//8614 4286//8614 4349//8614
f 4350//8615 4349//8615 4286//8615
f 4286//8616 4287//8616 4350//8616
f 4351//8617 4350//8617 4287//8617
f 4287//8618 4288//8618 4351//8618
f 4352//8619 4351//8619 4288//8619
f 4288//8620 4289//8620 4352//8620
f 4353//8621 4352//8621 4289//8621
f 4289//8622 4290//8622 4353//8622
f 4354//8623 4353//8623 4290//8623
f 4291//8624 4355//8624 4290//8624
f 4354//8625 4290//8625 4355//8625
f 4291//8626 4292//8626 4355//8626
f 4356//8627 4355//8627 4292//8627
f 4292//8628 4293//8628 4356//8628
f 4357//8629 4356//8629 4293//8629
f 4293//8630 4294//8630 4357//8630
f 4358//8631 4357//8631 4294//8631
f 4294//8632 4295//8632 4358//8632
f 4359//8633 4358//8633 4295//8633
f 4295//8634 4296//8634 4359//8634
f 4360//8635 4359//8635 4296//8635
f 4296//8636 4297//8636 4360//8636
f 4361//8637 4360//8637 4297//8637
f 4297//8638 4298//8638 4361//8638
f 4362//8639 4361//8639 4298//8639
f 4298//8640 4299//8640 4362//8640
f 4363//8641 4362//8641 4299//8641
f 4299//8642 4300//8642 4363//8642
f 4364//8643 4363//8643 4300//8643
f 4300//8644 4301//8644 4364//8644
f 4365//8645 4364//8645 4301//8645
f 4301//8646 4302//8646 4365//8646
f 4366//8647 4365//8647 4302//8647
f 4302//8648 4303//8648 4366//8648
f 4367//8649 4366//8649 4303//8649
f 4303//8650 4304//8650 4367//8650
f 4368//8651 4367//8651 4304//8651
f 4304//8652 4305//8652 4368//8652
f 4369//8653 4368//8653 4305//8653
f 4305//8654 4306//8654 4369//8654
f 4370//8655 4369//8655 4306//8655
f 4307//8656 4371//8656 4306//8656
f 4370//8657 4306//8657 4371//8657
f 4307//8658 4308//8658 4371//8658
f 4372//8659 4371//8659 4308//8659
f 4308//8660 4309//8660 4372//8660
f 4373//8661 4372//8661 4309//8661
f 4309//8662 4310//8662 4373//8662
f 4374//8663 4373//8663 4310//8663
f 4310//8664 4311//8664 4374//8664
f 4375//8665 4374//8665 4311//8665
f 4311//8666 4312//8666 4375//8666
f 4376//8667 4375//8667 4312//8667
f 4312//8668 4313//8668 4376//8668
f 4377//8669 4376//8669 4313//8669
f 4313//8670 4314//8670 4377//8670
f 4378//8671 4377//8671 4314//8671
f 4314//8672 4315//8672 4378//8672
f 4379//8673 4378//8673 4315//8673
f 4315//8674 4316//8674 4379//8674
f 4380//8675 4379//8675 4316//8675
f 4316//8676 4317//8676 4380//8676
f 4381//8677 4380//8677 4317//8677
f 4317//8678 4318//8678 4381//8678
f 4382//8679 4381//8679 4318//8679
f 4318//8680 4319//8680 4382//8680
f 4383//8681 4382//8681 4319//8681
f 4319//8682 4320//8682 4383//8682
f 4384//8683 4383//8683 4320//8683
f 4320//8684 4321//8684 4384//8684
f 4385//8685 4384//8685 4321//8685
f 4322//8686 4323//8686 4386//8686
f 4387//8687 4386//8687 4323//8687
f 4323//8688 4324//8688 4387//8688
f 4388//8689 4387//8689 4324//8689
f 4324//8690 4325//8690 4388//8690
f 4389//8691 4388//8691 4325//8691
f 4325//8692 4326//8692 4389//8692
f 4390//8693 4389//8693 4326//8693
f 4326//8694 4327//8694 4390//8694
f 4391//8695 4390//8695 4327//8695
f 4327//8696 4328//8696 4391//8696
f 4392//8697 4391//8697 4328//8697
f 4328//8698 4329//8698 4392//8698
f 4393//8699 4392//8699 4329//8699
f 4329//8700 4330//8700 4393//8700
f 4394//8701 4393//8701 4330//8701
f 4330//8702 4331//8702 4394//8702
f 4395//8703 4394//8703 4331//8703
f 4331//8704 4332//8704 4395//8704
f 4396//8705 4395//8705 4332//8705
f 4332//8706 4333//8706 4396//8706
f 4397//8707 4396//8707 4333//8707
f 4333//8708 4334//8708 4397//8708
f 4398//8709 4397//8709 4334//8709
f 4334//8710 4335//8710 4398//8710
f 4399//8711 4398//8711 4335//8711
f 4335//8712 4336//8712 4399//8712
f 4400//8713 4399//8713 4336//8713
f 4336//8714 4337//8714 4400//8714
f 4401//8715 4400//8715 4337//8715
f 4337//8716 4338//8716 4401//8716
f 4402//8717 4401//8717 4338//8717
f 4385//8718 4322//8718 4449//8718
f 4386//8719 4449//8719 4322//8719
f 4338//8720 4339//8720 4402//8720
f 4403//8721 4402//8721 4339//8721
f 4339//8722 4340//8722 4403//8722
f 4404//8723 4403//8723 4340//8723
f 4340//8724 4341//8724 4404//8724
f 4405//8725 4404//8725 4341//8725
f 4341//8726 4342//8726 4405//8726
f 4406//8727 4405//8727 4342//8727
f 4342//8728 4343//8728 4406//8728
f 4407//8729 4406//8729 4343//8729
f 4343//8730 4344//8730 4407//8730
f 4408//8731 4407//8731 4344//8731
f 4344//8732 4345//8732 4408//8732
f 4409//8733 4408//8733 4345//8733
f 4345//8734 4346//8734 4409//8734
f 4410//8735 4409//8735 4346//8735
f 4346//8736 4347//8736 4410//8736
f 4411//8737 4410//8737 4347//8737
f 4347//8738 4348//8738 4411//8738
f 4412//8739 4411//8739 4348//8739
f 4348//8740 4349//8740 4412//8740
f 4413//8741 4412//8741 4349//8741
f 4349//8742 4350//8742 4413//8742
f 4414//8743 4413//8743 4350//8743
f 4350//8744 4351//8744 4414//8744
f 4415//8745 4414//8745 4351//8745
f 4351//8746 4352//8746 4415//8746
f 4416//8747 4415//8747 4352//8747
f 4352//8748 4353//8748 4416//8748
f 4417//8749 4416//8749 4353//8749
f 4353//8750 4354//8750 4417//8750
f 4418//8751 4417//8751 4354//8751
f 4354//8752 4355//8752 4418//8752
f 4419//8753 4418//8753 4355//8753
f 4355//8754 4356//8754 4419//8754
f 4420//8755 4419//8755 4356//8755
f 4356//8756 4357//8756 4420//8756
f 4421//8757 4420//8757 4357//8757
f 4357//8758 4358//8758 4421//8758
f 4422//8759 4421//8759 4358//8759
f 4358//8760 4359//8760 4422//8760
f 4423//8761 4422//8761 4359//8761
f 4359//8762 4360//8762 4423//8762
f 4424//8763 4423//8763 4360//8763
f 4360//8764 4361//8764 4424//8764
f 4425//8765 4424//8765 4361//8765
f 4361//8766 4362//8766 4425//8766
f 4426//8767 4425//8767 4362//8767
f 4362//8768 4363//8768 4426//8768
f 4427//8769 4426//8769 4363//8769
f 4363//8770 4364//8770 4427//8770
f 4428//8771 4427//8771 4364//8771
f 4364//8772 4365//8772 4428//8772
f 4429//8773 4428//8773 4365//8773
f 4365//8774 4366//8774 4429//8774
f 4430//8775 4429//8775 4366//8775
f 4366//8776 4367//8776 4430//8776
f 4431//8777 4430//8777 4367//8777
f 4367//8778 4368//8778 4431//8778
f 4432//8779 4431//8779 4368//8779
f 4368//8780 4369//8780 4432//8780
f 4433//8781 4432//8781 4369//8781
f 4369//8782 4370//8782 4433//8782
f 4434//8783 4433//8783 4370//8783
f 4370//8784 4371//8784 4434//8784
f 4435//8785 4434//8785 4371//8785
f 4371//8786 4372//8786 4435//8786
f 4436//8787 4435//8787 4372//8787
f 4372//8788 4373//8788 4436//8788
f 4437//8789 4436//8789 4373//8789
f 4373//8790 4374//8790 4437//8790
f 4438//8791 4437//8791 4374//8791
f 4374//8792 4375//8792 4438//8792
f 4439//8793 4438//8793 4375//8793
f 4375//8794 4376//8794 4439//8794
f 4440//8795 4439//8795 4376//8795
f 4376//8796 4377//8796 4440//8796
f 4441//8797 4440//8797 4377//8797
f 4377//8798 4378//8798 4441//8798
f 4442//8799 4441//8799 4378//8799
f 4378//8800 4379//8800 4442//8800
f 4443//8801 4442//8801 4379//8801
f 4379//8802 4380//8802 4443//8802
f 4444//8803 4443//8803 4380//8803
f 4380//8804 4381//8804 4444//8804
f 4445//8805 4444//8805 4381//8805
f 4381//8806 4382//8806 4445//8806
f 4446//8807 4445//8807 4382//8807
f 4382//8808 4383//8808 4446//8808
f 4447//8809 4446//8809 4383//8809
f 4383//8810 4384//8810 4447//8810
f 4448//8811 4447//8811 4384//8811
f 4384//8812 4385//8812 4448//8812
f 4449//8813 4448//8813 4385//8813
f 4386//8814 4387//8814 4450//8814
f 4451//8815 4450//8815 4387//8815
f 4387//8816 4388//8816 4451//8816
f 4452//8817 4451//8817 4388//8817
f 4388//8818 4389//8818 4452//8818
f 4453//8819 4452//8819 4389//8819
f 4389//8820 4390//8820 4453//8820
f 4454//8821 4453//8821 4390//8821
f 4390//8822 4391//8822 4454//8822
f 4455//8823 4454//8823 4391//8823
f 4391//8824 4392//8824 4455//8824
f 4456//8825 4455//8825 4392//8825
f 4392//8826 4393//8826 4456//8826
f 4457//8827 4456//8827 4393//8827
f 4393//8828 4394//8828 4457//8828
f 4458//8829 4457//8829 4394//8829
f 4394//8830 4395//8830 4458//8830
f 4459//8831 4458//8831 4395//8831
f 4395//8832 4396//8832 4459//8832
f 4460//8833 4459//8833 4396//8833
f 4396//8834 4397//8834 4460//8834
f 4461//8835 4460//8835 4397//8835
f 4397//8836 4398//8836 4461//8836
f 4462//8837 4461//8837 4398//8837
f 4398//8838 4399//8838 4462//8838
f 4463//8839 4462//8839 4399//8839
f 4399//8840 4400//8840 4463//8840
f 4464//8841 4463//8841 4400//8841
f 4400//8842 4401//8842 4464//8842
f 4465//8843 4464//8843 4401//8843
f 4401//8844 4402//8844 4465//8844
f 4466//8845 4465//8845 4402//8845
f 4449//8846 4386//8846 4513//8846
f 4450//8847 4513//8847 4386//8847
f 4402//8848 4403//8848 4466//8848
f 4467//8849 4466//8849 4403//8849
f 4403//8850 4404//8850 4467//8850
f 4468//8851 4467//8851 4404//8851
f 4404//8852 4405//8852 4468//8852
f 4469//8853 4468//8853 4405//8853
f 4405//8854 4406//8854 4469//8854
f 4470//8855 4469//8855 4406//8855
f 4406//8856 4407//8856 4470//8856
f 4471//8857 4470//8857 4407//8857
f 4407//8858 4408//8858 4471//8858
f 4472//8859 4471//8859 4408//8859
f 4408//8860 4409//8860 4472//8860
f 4473//8861 4472//8861 4409//8861
f 4409//8862 4410//8862 4473//8862
f 4474//8863 4473//8863 4410//8863
f 4410//8864 4411//8864 4474//8864
f 4475//8865 4474//8865 4411//8865
f 4411//8866 4412//8866 4475//8866
f 4476//8867 4475//8867 4412//8867
f 4412//8868 4413//8868 4476//8868
f 4477//8869 4476//8869 4413//8869
f 4413//8870 4414//8870 4477//8870
f 4478//8871 4477//8871 4414//8871
f 4414//8872 4415//8872 4478//8872
f 4479//8873 4478//8873 4415//8873
f 4415//8874 4416//8874 4479//8874
f 4480//8875 4479//8875 4416//8875
f 4416//8876 4417//8876 4480//8876
f 4481//8877 4480//8877 4417//8877
f 4417//8878 4418//8878 4481//8878
f 4482//8879 4481//8879 4418//8879
f 4418//8880 4419//8880 4482//8880
f 4483//8881 4482//8881 4419//8881
f 4419//8882 4420//8882 4483//8882
f 4484//8883 4483//8883 4420//8883
f 4420//8884 4421//8884 4484//8884
f 4485//8885 4484//8885 4421//8885
f 4421//8886 4422//8886 4485//8886
f 4486//8887 4485//8887 4422//8887
f 4422//8888 4423//8888 4486//8888
f 4487//8889 4486//8889 4423//8889
f 4423//8890 4424//8890 4487//8890
f 4488//8891 4487//8891 4424//8891
f 4424//8892 4425//8892 4488//8892
f 4489//8893 4488//8893 4425//8893
f 4425//8894 4426//8894 4489//8894
f 4490//8895 4489//8895 4426//8895
f 4426//8896 4427//8896 4490//8896
f 4491//8897 4490//8897 4427//8897
f 4427//8898 4428//8898 4491//8898
f 4492//8899 4491//8899 4428//8899
f 4428//8900 4429//8900 4492//8900
f 4493//8901 4492//8901 4429//8901
f 4429//8902 4430//8902 4493//8902
f 4494//8903 4493//8903 4430//8903
f 4430//8904 4431//8904 4494//8904
f 4495//8905 4494//8905 4431//8905
f 4431//8906 4432//8906 4495//8906
f 4496//8907 4495//8907 4432//8907
f 4432//8908 4433//8908 4496//8908
f 4497//8909 4496//8909 4433//8909
f 4433//8910 4434//8910 4497//8910
f 4498//8911 4497//8911 4434//8911
f 4434//8912 4435//8912 4498//8912
f 4499//8913 4498//8913 4435//8913
f 4435//8914 4436//8914 4499//8914
f 4500//8915 4499//8915 4436//8915
f 4436//8916 4437//8916 4500//8916
f 4501//8917 4500//8917 4437//8917
f 4437//8918 4438//8918 4501//8918
f 4502//8919 4501//8919 4438//8919
f 4438//8920 4439//8920 4502//8920
f 4503//8921 4502//8921 4439//8921
f 4439//8922 4440//8922 4503//8922
f 4504//8923 4503//8923 4440//8923
f 4440//8924 4441//8924 4504//8924
f 4505//8925 4504//8925 4441//8925
f 4441//8926 4442//8926 4505//8926
f 4506//8927 4505//8927 4442//8927
f 4442//8928 4443//8928 4506//8928
f 4507//8929 4506//8929 4443//8929
f 4443//8930 4444//8930 4507//8930
f 4508//8931 4507//8931 4444//8931
f 4444//8932 4445//8932 4508//8932
f 4509//8933 4508//8933 4445//8933
f 4445//8934 4446//8934 4509//8934
f 4510//8935 4509//8935 4446//8935
f 4446//8936 4447//8936 4510//8936
f 4511//8937 4510//8937 4447//8937
f 4447//8938 4448//8938 4511//8938
f 4512//8939 4511//8939 4448//8939
f 4448//8940 4449//8940 4512//8940
f 4513//8941 4512//8941 4449//8941
f 4450//8942 4451//8942 4514//8942
f 4515//8943 4514//8943 4451//8943
f 4451//8944 4452//8944 4515//8944
f 4516//8945 4515//8945 4452//8945
f 4452//8946 4453//8946 4516//8946
f 4517//8947 4516//8947 4453//8947
f 4453//8948 4454//8948 4517//8948
f 4518//8948 4517//8948 4454//8948
f 4454//8949 4455//8949 4518//8949
f 4519//8950 4518//8950 4455//8950
f 4455//8951 4456//8951 4519//8951
f 4520//8952 4519//8952 4456//8952
f 4456//8953 4457//8953 4520//8953
f 4521//8954 4520//8954 4457//8954
f 4457//8955 4458//8955 4521//8955
f 4522//8956 4521//8956 4458//8956
f 4458//8957 4459//8957 4522//8957
f 4523//8958 4522//8958 4459//8958
f 4459//8959 4460//8959 4523//8959
f 4524//8960 4523//8960 4460//8960
f 4460//8961 4461//8961 4524//8961
f 4525//8962 4524//8962 4461//8962
f 4461//8963 4462//8963 4525//8963
f 4526//8964 4525//8964 4462//8964
f 4462//8965 4463//8965 4526//8965
f 4527//8966 4526//8966 4463//8966
f 4463//8967 4464//8967 4527//8967
f 4528//8968 4527//8968 4464//8968
f 4464//8969 4465//8969 4528//8969
f 4529//8970 4528//8970 4465//8970
f 4465//8971 4466//8971 4529//8971
f 4530//8972 4529//8972 4466//8972
f 4513//8973 4450//8973 4577//8973
f 4514//8974 4577//8974 4450//8974
f 4466//8975 4467//8975 4530//8975
f 4531//8976 4530//8976 4467//8976
f 4467//8977 4468//8977 4531//8977
f 4532//8978 4531//8978 4468//8978
f 4468//8979 4469//8979 4532//8979
f 4533//8980 4532//8980 4469//8980
f 4469//8981 4470//8981 4533//8981
f 4534//8982 4533//8982 4470//8982
f 4470//8983 4471//8983 4534//8983
f 4535//8984 4534//8984 4471//8984
f 4471//8985 4472//8985 4535//8985
f 4536//8986 4535//8986 4472//8986
f 4472//8987 4473//8987 4536//8987
f 4537//8988 4536//8988 4473//8988
f 4473//8989 4474//8989 4537//8989
f 4538//8990 4537//8990 4474//8990
f 4474//8991 4475//8991 4538//8991
f 4539//8992 4538//8992 4475//8992
f 4475//8993 4476//8993 4539//8993
f 4540//8994 4539//8994 4476//8994
f 4476//8995 4477//8995 4540//8995
f 4541//8996 4540//8996 4477//8996
f 4477//8997 4478//8997 4541//8997
f 4542//8998 4541//8998 4478//8998
f 4478//8999 4479//8999 4542//8999
f 4543//9000 4542//9000 4479//9000
f 4479//9001 4480//9001 4543//9001
f 4544//9002 4543//9002 4480//9002
f 4480//9003 4481//9003 4544//9003
f 4545//9004 4544//9004 4481//9004
f 4481//9005 4482//9005 4545//9005
f 4546//9006 4545//9006 4482//9006
f 4482//9007 4483//9007 4546//9007
f 4547//9008 4546//9008 4483//9008
f 4483//9009 4484//9009 4547//9009
f 4548//9010 4547//9010 4484//9010
f 4484//9011 4485//9011 4548//9011
f 4549//9012 4548//9012 4485//9012
f 4485//9013 4486//9013 4549//9013
f 4550//9014 4549//9014 4486//9014
f 4486//9015 4487//9015 4550//9015
f 4551//9016 4550//9016 4487//9016
f 4487//9017 4488//9017 4551//9017
f 4552//9018 4551//9018 4488//9018
f 4488//9019 4489//9019 4552//9019
f 4553//9020 4552//9020 4489//9020
f 4489//9021 4490//9021 4553//9021
f 4554//9022 4553//9022 4490//9022
f 4490//9023 4491//9023 4554//9023
f 4555//9024 4554//9024 4491//9024
f 4491//9025 4492//9025 4555//9025
f 4556//9026 4555//9026 4492//9026
f 4492//9027 4493//9027 4556//9027
f 4557//9028 4556//9028 4493//9028
f 4493//9029 4494//9029 4557//9029
f 4558//9030 4557//9030 4494//9030
f 4494//9031 4495//9031 4558//9031
f 4559//9032 4558//9032 4495//9032
f 4495//9033 4496//9033 4559//9033
f 4560//9034 4559//9034 4496//9034
f 4496//9035 4497//9035 4560//9035
f 4561//9036 4560//9036 4497//9036
f 4497//9037 4498//9037 4561//9037
f 4562//9038 4561//9038 4498//9038
f 4498//9039 4499//9039 4562//9039
f 4563//9040 4562//9040 4499//9040
f 4499//9041 4500//9041 4563//9041
f 4564//9042 4563//9042 4500//9042
f 4500//9043 4501//9043 4564//9043
f 4565//9044 4564//9044 4501//9044
f 4501//9045 4502//9045 4565//9045
f 4566//9046 4565//9046 4502//9046
f 4502//9047 4503//9047 4566//9047
f 4567//9048 4566//9048 4503//9048
f 4503//9049 4504//9049 4567//9049
f 4568//9050 4567//9050 4504//9050
f 4504//9051 4505//9051 4568//9051
f 4569//9052 4568//9052 4505//9052
f 4505//9053 4506//9053 4569//9053
f 4570//9054 4569//9054 4506//9054
f 4506//9055 4507//9055 4570//9055
f 4571//9056 4570//9056 4507//9056
f 4507//9057 4508//9057 4571//9057
f 4572//9058 4571//9058 4508//9058
f 4508//9059 4509//9059 4572//9059
f 4573//9060 4572//9060 4509//9060
f 4509//9061 4510//9061 4573//9061
f 4574//9062 4573//9062 4510//9062
f 4510//9063 4511//9063 4574//9063
f 4575//9064 4574//9064 4511//9064
f 4511//9065 4512//9065 4575//9065
f 4576//9066 4575//9066 4512//9066
f 4512//9067 4513//9067 4576//9067
f 4577//9068 4576//9068 4513//9068
f 4514//9069 4515//9069 4578//9069
f 4579//9070 4578//9070 4515//9070
f 4515//9071 4516//9071 4579//9071
f 4580//9072 4579//9072 4516//9072
f 4516//9073 4517//9073 4580//9073
f 4581//9074 4580//9074 4517//9074
f 4517//9075 4518//9075 4581//9075
f 4582//9076 4581//9076 4518//9076
f 4518//9077 4519//9077 4582//9077
f 4583//9078 4582//9078 4519//9078
f 4519//9079 4520//9079 4583//9079
f 4584//9080 4583//9080 4520//9080
f 4520//9081 4521//9081 4584//9081
f 4585//9082 4584//9082 4521//9082
f 4521//9083 4522//9083 4585//9083
f 4586//9084 4585//9084 4522//9084
f 4522//9085 4523//9085 4586//9085
f 4587//9086 4586//9086 4523//9086
f 4523//9087 4524//9087 4587//9087
f 4588//9088 4587//9088 4524//9088
f 4524//9089 4525//9089 4588//9089
f 4589//9090 4588//9090 4525//9090
f 4525//9091 4526//9091 4589//9091
f 4590//9092 4589//9092 4526//9092
f 4526//9093 4527//9093 4590//9093
f 4591//9094 4590//9094 4527//9094
f 4527//9095 4528//9095 4591//9095
f 4592//9096 4591//9096 4528//9096
f 4528//9097 4529//9097 4592//9097
f 4593//9098 4592//9098 4529//9098
f 4529//9099 4530//9099 4593//9099
f 4594//9100 4593//9100 4530//9100
f 4577//9101 4514//9101 4641//9101
f 4578//9102 4641//9102 4514//9102
f 4530//9103 4531//9103 4594//9103
f 4595//9104 4594//9104 4531//9104
f 4531//9105 4532//9105 4595//9105
f 4596//9106 4595//9106 4532//9106
f 4532//9107 4533//9107 4596//9107
f 4597//9108 4596//9108 4533//9108
f 4533//9109 4534//9109 4597//9109
f 4598//9110 4597//9110 4534//9110
f 4534//9111 4535//9111 4598//9111
f 4599//9112 4598//9112 4535//9112
f 4535//9113 4536//9113 4599//9113
f 4600//9114 4599//9114 4536//9114
f 4536//9115 4537//9115 4600//9115
f 4601//9116 4600//9116 4537//9116
f 4537//9117 4538//9117 4601//9117
f 4602//9118 4601//9118 4538//9118
f 4538//9119 4539//9119 4602//9119
f 4603//9120 4602//9120 4539//9120
f 4539//9121 4540//9121 4603//9121
f 4604//9122 4603//9122 4540//9122
f 4540//9123 4541//9123 4604//9123
f 4605//9124 4604//9124 4541//9124
f 4541//9125 4542//9125 4605//9125
f 4606//9126 4605//9126 4542//9126
f 4542//9127 4543//9127 4606//9127
f 4607//9128 4606//9128 4543//9128
f 4543//9129 4544//9129 4607//9129
f 4608//9130 4607//9130 4544//9130
f 4544//9131 4545//9131 4608//9131
f 4609//9132 4608//9132 4545//9132
f 4545//9133 4546//9133 4609//9133
f 4610//9134 4609//9134 4546//9134
f 4546//9135 4547//9135 4610//9135
f 4611//9136 4610//9136 4547//9136
f 4547//9137 4548//9137 4611//9137
f 4612//9138 4611//9138 4548//9138
f 4548//9139 4549//9139 4612//9139
f 4613//9140 4612//9140 4549//9140
f 4549//9141 4550//9141 4613//9141
f 4614//9142 4613//9142 4550//9142
f 4550//9143 4551//9143 4614//9143
f 4615//9144 4614//9144 4551//9144
f 4551//9145 4552//9145 4615//9145
f 4616//9146 4615//9146 4552//9146
f 4552//9147 4553//9147 4616//9147
f 4617//9148 4616//9148 4553//9148
f 4553//9149 4554//9149 4617//9149
f 4618//9150 4617//9150 4554//9150
f 4554//9151 4555//9151 4618//9151
f 4619//9152 4618//9152 4555//9152
f 4555//9153 4556//9153 4619//9153
f 4620//9154 4619//9154 4556//9154
f 4556//9155 4557//9155 4620//9155
f 4621//9156 4620//9156 4557//9156
f 4557//9157 4558//9157 4621//9157
f 4622//9158 4621//9158 4558//9158
f 4558//9159 4559//9159 4622//9159
f 4623//9160 4622//9160 4559//9160
f 4559//9161 4560//9161 4623//9161
f 4624//9162 4623//9162 4560//9162
f 4560//9163 4561//9163 4624//9163
f 4625//9164 4624//9164 4561//9164
f 4561//9165 4562//9165 4625//9165
f 4626//9166 4625//9166 4562//9166
f 4562//9167 4563//9167 4626//9167
f 4627//9168 4626//9168 4563//9168
f 4563//9169 4564//9169 4627//9169
f 4628//9170 4627//9170 4564//9170
f 4564//9171 4565//9171 4628//9171
f 4629//9172 4628//9172 4565//9172
f 4565//9173 4566//9173 4629//9173
f 4630//9174 4629//9174 4566//9174
f 4566//9175 4567//9175 4630//9175
f 4631//9176 4630//9176 4567//9176
f 4567//9177 4568//9177 4631//9177
f 4632//9178 4631//9178 4568//9178
f 4568//9179 4569//9179 4632//9179
f 4633//9180 4632//9180 4569//9180
f 4569//9181 4570//9181 4633//9181
f 4634//9182 4633//9182 4570//9182
f 4570//9183 4571//9183 4634//9183
f 4635//9184 4634//9184 4571//9184
f 4571//9185 4572//9185 4635//9185
f 4636//9186 4635//9186 4572//9186
f 4572//9187 4573//9187 4636//9187
f 4637//9188 4636//9188 4573//9188
f 4573//9189 4574//9189 4637//9189
f 4638//9190 4637//9190 4574//9190
f 4574//9191 4575//9191 4638//9191
f 4639//9192 4638//9192 4575//9192
f 4575//9193 4576//9193 4639//9193
f 4640//9194 4639//9194 4576//9194
f 4576//9195 4577//9195 4640//9195
f 4641//9196 4640//9196 4577//9196
f 4578//9197 4579//9197 4642//9197
f 4643//9198 4642//9198 4579//9198
f 4579//9199 4580//9199 4643//9199
f 4644//9200 4643//9200 4580//9200
f 4580//9201 4581//9201 4644//9201
f 4645//9202 4644//9202 4581//9202
f 4581//9203 4582//9203 4645//9203
f 4646//9204 4645//9204 4582//9204
f 4582//9205 4583//9205 4646//9205
f 4647//9206 4646//9206 4583//9206
f 4583//9207 4584//9207 4647//9207
f 4648//9208 4647//9208 4584//9208
f 4584//9209 4585//9209 4648//9209
f 4649//9210 4648//9210 4585//9210
f 4585//9211 4586//9211 4649//9211
f 4650//9212 4649//9212 4586//9212
f 4586//9213 4587//9213 4650//9213
f 4651//9214 4650//9214 4587//9214
f 4587//9215 4588//9215 4651//9215
f 4652//9216 4651//9216 4588//9216
f 4588//9217 4589//9217 4652//9217
f 4653//9218 4652//9218 4589//9218
f 4589//9219 4590//9219 4653//9219
f 4654//9220 4653//9220 4590//9220
f 4590//9221 4591//9221 4654//9221
f 4655//9222 4654//9222 4591//9222
f 4591//9223 4592//9223 4655//9223
f 4656//9224 4655//9224 4592//9224
f 4592//9225 4593//9225 4656//9225
f 4657//9226 4656//9226 4593//9226
f 4593//9227 4594//9227 4657//9227
f 4658//9228 4657//9228 4594//9228
f 4641//9229 4578//9229 4705//9229
f 4642//9230 4705//9230 4578//9230
f 4594//9231 4595//9231 4658//9231
f 4659//9232 4658//9232 4595//9232
f 4595//9233 4596//9233 4659//9233
f 4660//9234 4659//9234 4596//9234
f 4596//9235 4597//9235 4660//9235
f 4661//9236 4660//9236 4597//9236
f 4597//9237 4598//9237 4661//9237
f 4662//9238 4661//9238 4598//9238
f 4598//9239 4599//9239 4662//9239
f 4663//9240 4662//9240 4599//9240
f 4599//9241 4600//9241 4663//9241
f 4664//9242 4663//9242 4600//9242
f 4600//9243 4601//9243 4664//9243
f 4665//9244 4664//9244 4601//9244
f 4601//9245 4602//9245 4665//9245
f 4666//9246 4665//9246 4602//9246
f 4602//9247 4603//9247 4666//9247
f 4667//9248 4666//9248 4603//9248
f 4603//9249 4604//9249 4667//9249
f 4668//9250 4667//9250 4604//9250
f 4604//9251 4605//9251 4668//9251
f 4669//9252 4668//9252 4605//9252
f 4605//9253 4606//9253 4669//9253
f 4670//9254 4669//9254 4606//9254
f 4606//9255 4607//9255 4670//9255
f 4671//9256 4670//9256 4607//9256
f 4607//9257 4608//9257 4671//9257
f 4672//9258 4671//9258 4608//9258
f 4608//9259 4609//9259 4672//9259
f 4673//9260 4672//9260 4609//9260
f 4609//9261 4610//9261 4673//9261
f 4674//9262 4673//9262 4610//9262
f 4610//9263 4611//9263 4674//9263
f 4675//9264 4674//9264 4611//9264
f 4611//9265 4612//9265 4675//9265
f 4676//9266 4675//9266 4612//9266
f 4612//9267 4613//9267 4676//9267
f 4677//9268 4676//9268 4613//9268
f 4613//9269 4614//9269 4677//9269
f 4678//9270 4677//9270 4614//9270
f 4614//9271 4615//9271 4678//9271
f 4679//9272 4678//9272 4615//9272
f 4615//9273 4616//9273 4679//9273
f 4680//9274 4679//9274 4616//9274
f 4616//9275 4617//9275 4680//9275
f 4681//9276 4680//9276 4617//9276
f 4617//9277 4618//9277 4681//9277
f 4682//9278 4681//9278 4618//9278
f 4618//9279 4619//9279 4682//9279
f 4683//9280 4682//9280 4619//9280
f 4619//9281 4620//9281 4683//9281
f 4684//9282 4683//9282 4620//9282
f 4620//9283 4621//9283 4684//9283
f 4685//9284 4684//9284 4621//9284
f 4621//9285 4622//9285 4685//9285
f 4686//9286 4685//9286 4622//9286
f 4622//9287 4623//9287 4686//9287
f 4687//9288 4686//9288 4623//9288
f 4623//9289 4624//9289 4687//9289
f 4688//9290 4687//9290 4624//9290
f 4624//9291 4625//9291 4688//9291
f 4689//9292 4688//9292 4625//9292
f 4625//9293 4626//9293 4689//9293
f 4690//9294 4689//9294 4626//9294
f 4626//9295 4627//9295 4690//9295
f 4691//9296 4690//9296 4627//9296
f 4627//9297 4628//9297 4691//9297
f 4692//9298 4691//9298 4628//9298
f 4628//9299 4629//9299 4692//9299
f 4693//9300 4692//9300 4629//9300
f 4629//9301 4630//9301 4693//9301
f 4694//9302 4693//9302 4630//9302
f 4630//9303 4631//9303 4694//9303
f 4695//9304 4694//9304 4631//9304
f 4631//9305 4632//9305 4695//9305
f 4696//9306 4695//9306 4632//9306
f 4632//9307 4633//9307 4696//9307
f 4697//9308 4696//9308 4633//9308
f 4633//9309 4634//9309 4697//9309
f 4698//9310 4697//9310 4634//9310
f 4634//9311 4635//9311 4698//9311
f 4699//9312 4698//9312 4635//9312
f 4635//9313 4636//9313 4699//9313
f 4700//9314 4699//9314 4636//9314
f 4636//9315 4637//9315 4700//9315
f 4701//9316 4700//9316 4637//9316
f 4637//9317 4638//9317 4701//9317
f 4702//9318 4701//9318 4638//9318
f 4638//9319 4639//9319 4702//9319
f 4703//9320 4702//9320 4639//9320
f 4639//9321 4640//9321 4703//9321
f 4704//9322 4703//9322 4640//9322
f 4640//9323 4641//9323 4704//9323
f 4705//9324 4704//9324 4641//9324
f 4642//9325 4643//9325 4706//9325
f 4707//9326 4706//9326 4643//9326
f 4643//9327 4644//9327 4707//9327
f 4708//9328 4707//9328 4644//9328
f 4644//9329 4645//9329 4708//9329
f 4709//9330 4708//9330 4645//9330
f 4645//9331 4646//9331 4709//9331
f 4710//9332 4709//9332 4646//9332
f 4646//9333 4647//9333 4710//9333
f 4711//9334 4710//9334 4647//9334
f 4647//9335 4648//9335 4711//9335
f 4712//9336 4711//9336 4648//9336
f 4648//9337 4649//9337 4712//9337
f 4713//9338 4712//9338 4649//9338
f 4649//9339 4650//9339 4713//9339
f 4714//9340 4713//9340 4650//9340
f 4650//9341 4651//9341 4714//9341
f 4715//9342 4714//9342 4651//9342
f 4651//9343 4652//9343 4715//9343
f 4716//9344 4715//9344 4652//9344
f 4652//9345 4653//9345 4716//9345
f 4717//9346 4716//9346 4653//9346
f 4653//9347 4654//9347 4717//9347
f 4718//9348 4717//9348 4654//9348
f 4654//9349 4655//9349 4718//9349
f 4719//9350 4718//9350 4655//9350
f 4655//9351 4656//9351 4719//9351
f 4720//9352 4719//9352 4656//9352
f 4656//9353 4657//9353 4720//9353
f 4721//9354 4720//9354 4657//9354
f 4657//9355 4658//9355 4721//9355
f 4722//9356 4721//9356 4658//9356
f 4705//9357 4642//9357 4769//9357
f 4706//9358 4769//9358 4642//9358
f 4658//9359 4659//9359 4722//9359
f 4723//9360 4722//9360 4659//9360
f 4659//9361 4660//9361 4723//9361
f 4724//9362 4723//9362 4660//9362
f 4660//9363 4661//9363 4724//9363
f 4725//9364 4724//9364 4661//9364
f 4661//9365 4662//9365 4725//9365
f 4726//9366 4725//9366 4662//9366
f 4662//9367 4663//9367 4726//9367
f 4727//9368 4726//9368 4663//9368
f 4663//9369 4664//9369 4727//9369
f 4728//9370 4727//9370 4664//9370
f 4664//9371 4665//9371 4728//9371
f 4729//9372 4728//9372 4665//9372
f 4665//9373 4666//9373 4729//9373
f 4730//9374 4729//9374 4666//9374
f 4666//9375 4667//9375 4730//9375
f 4731//9376 4730//9376 4667//9376
f 4667//9377 4668//9377 4731//9377
f 4732//9378 4731//9378 4668//9378
f 4668//9379 4669//9379 4732//9379
f 4733//9380 4732//9380 4669//9380
f 4669//9381 4670//9381 4733//9381
f 4734//9382 4733//9382 4670//9382
f 4670//9383 4671//9383 4734//9383
f 4735//9384 4734//9384 4671//9384
f 4671//9385 4672//9385 4735//9385
f 4736//9386 4735//9386 4672//9386
f 4672//9387 4673//9387 4736//9387
f 4737//9388 4736//9388 4673//9388
f 4673//9389 4674//9389 4737//9389
f 4738//9390 4737//9390 4674//9390
f 4674//9391 4675//9391 4738//9391
f 4739//9392 4738//9392 4675//9392
f 4675//9393 4676//9393 4739//9393
f 4740//9394 4739//9394 4676//9394
f 4676//9395 4677//9395 4740//9395
f 4741//9396 4740//9396 4677//9396
f 4677//9397 4678//9397 4741//9397
f 4742//9398 4741//9398 4678//9398
f 4678//9399 4679//9399 4742//9399
f 4743//9400 4742//9400 4679//9400
f 4679//9401 4680//9401 4743//9401
f 4744//9402 4743//9402 4680//9402
f 4680//9403 4681//9403 4744//9403
f 4745//9404 4744//9404 4681//9404
f 4681//9405 4682//9405 4745//9405
f 4746//9406 4745//9406 4682//9406
f 4682//9407 4683//9407 4746//9407
f 4747//9408 4746//9408 4683//9408
f 4683//9409 4684//9409 4747//9409
f 4748//9410 4747//9410 4684//9410
f 4684//9411 4685//9411 4748//9411
f 4749//9412 4748//9412 4685//9412
f 4685//9413 4686//9413 4749//9413
f 4750//9414 4749//9414 4686//9414
f 4686//9415 4687//9415 4750//9415
f 4751//9416 4750//9416 4687//9416
f 4687//9417 4688//9417 4751//9417
f 4752//9418 4751//9418 4688//9418
f 4688//9419 4689//9419 4752//9419
f 4753//9420 4752//9420 4689//9420
f 4689//9421 4690//9421 4753//9421
f 4754//9422 4753//9422 4690//9422
f 4690//9423 4691//9423 4754//9423
f 4755//9424 4754//9424 4691//9424
f 4691//9425 4692//9425 4755//9425
f 4756//9426 4755//9426 4692//9426
f 4692//9427 4693//9427 4756//9427
f 4757//9428 4756//9428 4693//9428
f 4693//9429 4694//9429 4757//9429
f 4758//9430 4757//9430 4694//9430
f 4694//9431 4695//9431 4758//9431
f 4759//9432 4758//9432 4695//9432
f 4695//9433 4696//9433 4759//9433
f 4760//9434 4759//9434 4696//9434
f 4696//9435 4697//9435 4760//9435
f 4761//9436 4760//9436 4697//9436
f 4697//9437 4698//9437 4761//9437
f 4762//9438 4761//9438 4698//9438
f 4698//9439 4699//9439 4762//9439
f 4763//9440 4762//9440 4699//9440
f 4699//9441 4700//9441 4763//9441
f 4764//9442 4763//9442 4700//9442
f 4700//9443 4701//9443 4764//9443
f 4765//9444 4764//9444 4701//9444
f 4701//9445 4702//9445 4765//9445
f 4766//9446 4765//9446 4702//9446
f 4702//9447 4703//9447 4766//9447
f 4767//9448 4766//9448 4703//9448
f 4703//9449 4704//9449 4767//9449
f 4768//9450 4767//9450 4704//9450
f 4704//9451 4705//9451 4768//9451
f 4769//9452 4768//9452 4705//9452
f 4706//9453 4707//9453 4770//9453
f 4771//9454 4770//9454 4707//9454
f 4707//9455 4708//9455 4771//9455
f 4772//9456 4771//9456 4708//9456
f 4708//9457 4709//9457 4772//9457
f 4773//9458 4772//9458 4709//9458
f 4709//9459 4710//9459 4773//9459
f 4774//9460 4773//9460 4710//9460
f 4710//9461 4711//9461 4774//9461
f 4775//9462 4774//9462 4711//9462
f 4711//9463 4712//9463 4775//9463
f 4776//9464 4775//9464 4712//9464
f 4712//9465 4713//9465 4776//9465
f 4777//9466 4776//9466 4713//9466
f 4713//9467 4714//9467 4777//9467
f 4778//9468 4777//9468 4714//9468
f 4714//9469 4715//9469 4778//9469
f 4779//9470 4778//9470 4715//9470
f 4715//9471 4716//9471 4779//9471
f 4780//9472 4779//9472 4716//9472
f 4716//9473 4717//9473 4780//9473
f 4781//9474 4780//9474 4717//9474
f 4717//9475 4718//9475 4781//9475
f 4782//9476 4781//9476 4718//9476
f 4718//9477 4719//9477 4782//9477
f 4783//9478 4782//9478 4719//9478
f 4719//9479 4720//9479 4783//9479
f 4784//9480 4783//9480 4720//9480
f 4720//9481 4721//9481 4784//9481
f 4785//9482 4784//9482 4721//9482
f 4721//9483 4722//9483 4785//9483
f 4786//9484 4785//9484 4722//9484
f 4769//9485 4706//9485 4833//9485
f 4770//9486 4833//9486 4706//9486
f 4722//9487 4723//9487 4786//9487
f 4787//9488 4786//9488 4723//9488
f 4723//9489 4724//9489 4787//9489
f 4788//9490 4787//9490 4724//9490
f 4724//9491 4725//9491 4788//9491
f 4789//9492 4788//9492 4725//9492
f 4725//9493 4726//9493 4789//9493
f 4790//9494 4789//9494 4726//9494
f 4726//9495 4727//9495 4790//9495
f 4791//9496 4790//9496 4727//9496
f 4727//9497 4728//9497 4791//9497
f 4792//9498 4791//9498 4728//9498
f 4728//9499 4729//9499 4792//9499
f 4793//9500 4792//9500 4729//9500
f 4729//9501 4730//9501 4793//9501
f 4794//9502 4793//9502 4730//9502
f 4730//9503 4731//9503 4794//9503
f 4795//9504 4794//9504 4731//9504
f 4731//9505 4732//9505 4795//9505
f 4796//9506 4795//9506 4732//9506
f 4732//9507 4733//9507 4796//9507
f 4797//9508 4796//9508 4733//9508
f 4733//9509 4734//9509 4797//9509
f 4798//9510 4797//9510 4734//9510
f 4734//9511 4735//9511 4798//9511
f 4799//9512 4798//9512 4735//9512
f 4735//9513 4736//9513 4799//9513
f 4800//9514 4799//9514 4736//9514
f 4736//9515 4737//9515 4800//9515
f 4801//9516 4800//9516 4737//9516
f 4737//9517 4738//9517 4801//9517
f 4802//9518 4801//9518 4738//9518
f 4738//9519 4739//9519 4802//9519
f 4803//9520 4802//9520 4739//9520
f 4739//9521 4740//9521 4803//9521
f 4804//9522 4803//9522 4740//9522
f 4740//9523 4741//9523 4804//9523
f 4805//9524 4804//9524 4741//9524
f 4741//9525 4742//9525 4805//9525
f 4806//9526 4805//9526 4742//9526
f 4742//9527 4743//9527 4806//9527
f 4807//9528 4806//9528 4743//9528
f 4743//9529 4744//9529 4807//9529
f 4808//9530 4807//9530 4744//9530
f 4744//9531 4745//9531 4808//9531
f 4809//9532 4808//9532 4745//9532
f 4745//9533 4746//9533 4809//9533
f 4810//9534 4809//9534 4746//9534
f 4746//9535 4747//9535 4810//9535
f 4811//9536 4810//9536 4747//9536
f 4747//9537 4748//9537 4811//9537
f 4812//9538 4811//9538 4748//9538
f 4748//9539 4749//9539 4812//9539
f 4813//9540 4812//9540 4749//9540
f 4749//9541 4750//9541 4813//9541
f 4814//9542 4813//9542 4750//9542
f 4750//9543 4751//9543 4814//9543
f 4815//9544 4814//9544 4751//9544
f 4751//9545 4752//9545 4815//9545
f 4816//9546 4815//9546 4752//9546
f 4752//9547 4753//9547 4816//9547
f 4817//9548 4816//9548 4753//9548
f 4753//9549 4754//9549 4817//9549
f 4818//9550 4817//9550 4754//9550
f 4754//9551 4755//9551 4818//9551
f 4819//9552 4818//9552 4755//9552
f 4755//9553 4756//9553 4819//9553
f 4820//9554 4819//9554 4756//9554
f 4756//9555 4757//9555 4820//9555
f 4821//9556 4820//9556 4757//9556
f 4757//9557 4758//9557 4821//9557
f 4822//9558 4821//9558 4758//9558
f 4758//9559 4759//9559 4822//9559
f 4823//9560 4822//9560 4759//9560
f 4759//9561 4760//9561 4823//9561
f 4824//9562 4823//9562 4760//9562
f 4760//9563 4761//9563 4824//9563
f 4825//9564 4824//9564 4761//9564
f 4761//9565 4762//9565 4825//9565
f 4826//9566 4825//9566 4762//9566
f 4762//9567 4763//9567 4826//9567
f 4827//9568 4826//9568 4763//9568
f 4763//9569 4764//9569 4827//9569
f 4828//9570 4827//9570 4764//9570
f 4764//9571 4765//9571 4828//9571
f 4829//9572 4828//9572 4765//9572
f 4765//9573 4766//9573 4829//9573
f 4830//9574 4829//9574 4766//9574
f 4766//9575 4767//9575 4830//9575
f 4831//9576 4830//9576 4767//9576
f 4767//9577 4768//9577 4831//9577
f 4832//9578 4831//9578 4768//9578
f 4768//9579 4769//9579 4832//9579
f 4833//9580 4832//9580 4769//9580
f 4770//9581 4771//9581 4834//9581
f 4835//9582 4834//9582 4771//9582
f 4771//9583 4772//9583 4835//9583
f 4836//9584 4835//9584 4772//9584
f 4772//9585 4773//9585 4836//9585
f 4837//9586 4836//9586 4773//9586
f 4773//9587 4774//9587 4837//9587
f 4838//9588 4837//9588 4774//9588
f 4774//9589 4775//9589 4838//9589
f 4839//9590 4838//9590 4775//9590
f 4775//9591 4776//9591 4839//9591
f 4840//9592 4839//9592 4776//9592
f 4776//9593 4777//9593 4840//9593
f 4841//9594 4840//9594 4777//9594
f 4777//9595 4778//9595 4841//9595
f 4842//9596 4841//9596 4778//9596
f 4778//9597 4779//9597 4842//9597
f 4843//9598 4842//9598 4779//9598
f 4779//9599 4780//9599 4843//9599
f 4844//9600 4843//9600 4780//9600
f 4780//9601 4781//9601 4844//9601
f 4845//9602 4844//9602 4781//9602
f 4781//9603 4782//9603 4845//9603
f 4846//9604 4845//9604 4782//9604
f 4782//9605 4783//9605 4846//9605
f 4847//9606 4846//9606 4783//9606
f 4783//9607 4784//9607 4847//9607
f 4848//9608 4847//9608 4784//9608
f 4784//9609 4785//9609 4848//9609
f 4849//9610 4848//9610 4785//9610
f 4785//9611 4786//9611 4849//9611
f 4850//9612 4849//9612 4786//9612
f 4833//9613 4770//9613 4897//9613
f 4834//9614 4897//9614 4770//9614
f 4786//9615 4787//9615 4850//9615
f 4851//9616 4850//9616 4787//9616
f 4787//9617 4788//9617 4851//9617
f 4852//9618 4851//9618 4788//9618
f 4788//9619 4789//9619 4852//9619
f 4853//9620 4852//9620 4789//9620
f 4789//9621 4790//9621 4853//9621
f 4854//9622 4853//9622 4790//9622
f 4790//9623 4791//9623 4854//9623
f 4855//9624 4854//9624 4791//9624
f 4791//9625 4792//9625 4855//9625
f 4856//9626 4855//9626 4792//9626
f 4792//9627 4793//9627 4856//9627
f 4857//9628 4856//9628 4793//9628
f 4793//9629 4794//9629 4857//9629
f 4858//9630 4857//9630 4794//9630
f 4794//9631 4795//9631 4858//9631
f 4859//9632 4858//9632 4795//9632
f 4795//9633 4796//9633 4859//9633
f 4860//9634 4859//9634 4796//9634
f 4796//9635 4797//9635 4860//9635
f 4861//9636 4860//9636 4797//9636
f 4797//9637 4798//9637 4861//9637
f 4862//9638 4861//9638 4798//9638
f 4798//9639 4799//9639 4862//9639
f 4863//9640 4862//9640 4799//9640
f 4799//9641 4800//9641 4863//9641
f 4864//9642 4863//9642 4800//9642
f 4800//9643 4801//9643 4864//9643
f 4865//9644 4864//9644 4801//9644
f 4801//9645 4802//9645 4865//9645
f 4866//9646 4865//9646 4802//9646
f 4802//9647 4803//9647 4866//9647
f 4867//9648 4866//9648 4803//9648
f 4803//9649 4804//9649 4867//9649
f 4868//9650 4867//9650 4804//9650
f 4804//9651 4805//9651 4868//9651
f 4869//9652 4868//9652 4805//9652
f 4805//9653 4806//9653 4869//9653
f 4870//9654 4869//9654 4806//9654
f 4806//9655 4807//9655 4870//9655
f 4871//9656 4870//9656 4807//9656
f 4807//9657 4808//9657 4871//9657
f 4872//9658 4871//9658 4808//9658
f 4808//9659 4809//9659 4872//9659
f 4873//9660 4872//9660 4809//9660
f 4809//9661 4810//9661 4873//9661
f 4874//9662 4873//9662 4810//9662
f 4810//9663 4811//9663 4874//9663
f 4875//9664 4874//9664 4811//9664
f 4811//9665 4812//9665 4875//9665
f 4876//9666 4875//9666 4812//9666
f 4812//9667 4813//9667 4876//9667
f 4877//9668 4876//9668 4813//9668
f 4813//9669 4814//9669 4877//9669
f 4878//9670 4877//9670 4814//9670
f 4814//9671 4815//9671 4878//9671
f 4879//9672 4878//9672 4815//9672
f 4815//9673 4816//9673 4879//9673
f 4880//9674 4879//9674 4816//9674
f 4816//9675 4817//9675 4880//9675
f 4881//9676 4880//9676 4817//9676
f 4817//9677 4818//9677 4881//9677
f 4882//9678 4881//9678 4818//9678
f 4818//9679 4819//9679 4882//9679
f 4883//9680 4882//9680 4819//9680
f 4819//9681 4820//9681 4883//9681
f 4884//9682 4883//9682 4820//9682
f 4820//9683 4821//9683 4884//9683
f 4885//9684 4884//9684 4821//9684
f 4821//9685 4822//9685 4885//9685
f 4886//9686 4885//9686 4822//9686
f 4822//9687 4823//9687 4886//9687
f 4887//9688 4886//9688 4823//9688
f 4823//9689 4824//9689 4887//9689
f 4888//9690 4887//9690 4824//9690
f 4824//9691 4825//9691 4888//9691
f 4889//9692 4888//9692 4825//9692
f 4825//9693 4826//9693 4889//9693
f 4890//9694 4889//9694 4826//9694
f 4826//9695 4827//9695 4890//9695
f 4891//9696 4890//9696 4827//9696
f 4827//9697 4828//9697 4891//9697
f 4892//9698 4891//9698 4828//9698
f 4828//9699 4829//9699 4892//9699
f 4893//9700 4892//9700 4829//9700
f 4829//9701 4830//9701 4893//9701
f 4894//9702 4893//9702 4830//9702
f 4830//9703 4831//9703 4894//9703
f 4895//9704 4894//9704 4831//9704
f 4831//9705 4832//9705 4895//9705
f 4896//9706 4895//9706 4832//9706
f 4832//9707 4833//9707 4896//9707
f 4897//9708 4896//9708 4833//9708
f 4834//9709 4835//9709 4898//9709
f 4899//9710 4898//9710 4835//9710
f 4835//9711 4836//9711 4899//9711
f 4900//9712 4899//9712 4836//9712
f 4836//9713 4837//9713 4900//9713
f 4901//9714 4900//9714 4837//9714
f 4837//9715 4838//9715 4901//9715
f 4902//9716 4901//9716 4838//9716
f 4838//9717 4839//9717 4902//9717
f 4903//9718 4902//9718 4839//9718
f 4839//9719 4840//9719 4903//9719
f 4904//9720 4903//9720 4840//9720
f 4840//9721 4841//9721 4904//9721
f 4905//9722 4904//9722 4841//9722
f 4841//9723 4842//9723 4905//9723
f 4906//9724 4905//9724 4842//9724
f 4842//9725 4843//9725 4906//9725
f 4907//9726 4906//9726 4843//9726
f 4843//9727 4844//9727 4907//9727
f 4908//9728 4907//9728 4844//9728
f 4844//9729 4845//9729 4908//9729
f 4909//9730 4908//9730 4845//9730
f 4845//9731 4846//9731 4909//9731
f 4910//9732 4909//9732 4846//9732
f 4846//9733 4847//9733 4910//9733
f 4911//9734 4910//9734 4847//9734
f 4847//9735 4848//9735 4911//9735
f 4912//9736 4911//9736 4848//9736
f 4848//9737 4849//9737 4912//9737
f 4913//9738 4912//9738 4849//9738
f 4849//9739 4850//9739 4913//9739
f 4914//9740 4913//9740 4850//9740
f 4897//9741 4834//9741 4961//9741
f 4898//9742 4961//9742 4834//9742
f 4850//9743 4851//9743 4914//9743
f 4915//9744 4914//9744 4851//9744
f 4851//9745 4852//9745 4915//9745
f 4916//9746 4915//9746 4852//9746
f 4852//9747 4853//9747 4916//9747
f 4917//9748 4916//9748 4853//9748
f 4853//9749 4854//9749 4917//9749
f 4918//9750 4917//9750 4854//9750
f 4854//9751 4855//9751 4918//9751
f 4919//9752 4918//9752 4855//9752
f 4855//9753 4856//9753 4919//9753
f 4920//9754 4919//9754 4856//9754
f 4856//9755 4857//9755 4920//9755
f 4921//9756 4920//9756 4857//9756
f 4857//9757 4858//9757 4921//9757
f 4922//9758 4921//9758 4858//9758
f 4858//9759 4859//9759 4922//9759
f 4923//9760 4922//9760 4859//9760
f 4859//9761 4860//9761 4923//9761
f 4924//9762 4923//9762 4860//9762
f 4860//9763 4861//9763 4924//9763
f 4925//9764 4924//9764 4861//9764
f 4861//9765 4862//9765 4925//9765
f 4926//9766 4925//9766 4862//9766
f 4862//9767 4863//9767 4926//9767
f 4927//9768 4926//9768 4863//9768
f 4863//9769 4864//9769 4927//9769
f 4928//9770 4927//9770 4864//9770
f 4864//9771 4865//9771 4928//9771
f 4929//9772 4928//9772 4865//9772
f 4865//9773 4866//9773 4929//9773
f 4930//9774 4929//9774 4866//9774
f 4866//9775 4867//9775 4930//9775
f 4931//9776 4930//9776 4867//9776
f 4867//9777 4868//9777 4931//9777
f 4932//9778 4931//9778 4868//9778
f 4868//9779 4869//9779 4932//9779
f 4933//9780 4932//9780 4869//9780
f 4869//9781 4870//9781 4933//9781
f 4934//9782 4933//9782 4870//9782
f 4870//9783 4871//9783 4934//9783
f 4935//9784 4934//9784 4871//9784
f 4871//9785 4872//9785 4935//9785
f 4936//9786 4935//9786 4872//9786
f 4872//9787 4873//9787 4936//9787
f 4937//9788 4936//9788 4873//9788
f 4873//9789 4874//9789 4937//9789
f 4938//9790 4937//9790 4874//9790
f 4874//9791 4875//9791 4938//9791
f 4939//9792 4938//9792 4875//9792
f 4875//9793 4876//9793 4939//9793
f 4940//9794 4939//9794 4876//9794
f 4876//9795 4877//9795 4940//9795
f 4941//9796 4940//9796 4877//9796
f 4877//9797 4878//9797 4941//9797
f 4942//9798 4941//9798 4878//9798
f 4878//9799 4879//9799 4942//9799
f 4943//9800 4942//9800 4879//9800
f 4879//9801 4880//9801 4943//9801
f 4944//9802 4943//9802 4880//9802
f 4880//9803 4881//9803 4944//9803
f 4945//9804 4944//9804 4881//9804
f 4881//9805 4882//9805 4945//9805
f 4946//9806 4945//9806 4882//9806
f 4882//9807 4883//9807 4946//9807
f 4947//9808 4946//9808 4883//9808
f 4883//9809 4884//9809 4947//9809
f 4948//9810 4947//9810 4884//9810
f 4884//9811 4885//9811 4948//9811
f 4949//9812 4948//9812 4885//9812
f 4885//9813 4886//9813 4949//9813
f 4950//9814 4949//9814 4886//9814
f 4886//9815 4887//9815 4950//9815
f 4951//9816 4950//9816 4887//9816
f 4887//9817 4888//9817 4951//9817
f 4952//9818 4951//9818 4888//9818
f 4888//9819 4889//9819 4952//9819
f 4953//9820 4952//9820 4889//9820
f 4889//9821 4890//9821 4953//9821
f 4954//9822 4953//9822 4890//9822
f 4890//9823 4891//9823 4954//9823
f 4955//9824 4954//9824 4891//9824
f 4891//9825 4892//9825 4955//9825
f 4956//9826 4955//9826 4892//9826
f 4892//9827 4893//9827 4956//9827
f 4957//9828 4956//9828 4893//9828
f 4893//9829 4894//9829 4957//9829
f 4958//9830 4957//9830 4894//9830
f 4894//9831 4895//9831 4958//9831
f 4959//9832 4958//9832 4895//9832
f 4895//9833 4896//9833 4959//9833
f 4960//9834 4959//9834 4896//9834
f 4896//9835 4897//9835 4960//9835
f 4961//9836 4960//9836 4897//9836
f 4898//9837 4899//9837 4962//9837
f 4963//9838 4962//9838 4899//9838
f 4899//9839 4900//9839 4963//9839
f 4964//9840 4963//9840 4900//9840
f 4900//9841 4901//9841 4964//9841
f 4965//9842 4964//9842 4901//9842
f 4901//9843 4902//9843 4965//9843
f 4966//9844 4965//9844 4902//9844
f 4902//9845 4903//9845 4966//9845
f 4967//9846 4966//9846 4903//9846
f 4903//9847 4904//9847 4967//9847
f 4968//9848 4967//9848 4904//9848
f 4904//9849 4905//9849 4968//9849
f 4969//9850 4968//9850 4905//9850
f 4905//9851 4906//9851 4969//9851
f 4970//9852 4969//9852 4906//9852
f 4906//9853 4907//9853 4970//9853
f 4971//9854 4970//9854 4907//9854
f 4907//9855 4908//9855 4971//9855
f 4972//9856 4971//9856 4908//9856
f 4908//9857 4909//9857 4972//9857
f 4973//9858 4972//9858 4909//9858
f 4909//9859 4910//9859 4973//9859
f 4974//9860 4973//9860 4910//9860
f 4910//9861 4911//9861 4974//9861
f 4975//9862 4974//9862 4911//9862
f 4911//9863 4912//9863 4975//9863
f 4976//9864 4975//9864 4912//9864
f 4912//9865 4913//9865 4976//9865
f 4977//9866 4976//9866 4913//9866
f 4913//9867 4914//9867 4977//9867
f 4978//9868 4977//9868 4914//9868
f 4961//9869 4898//9869 5025//9869
f 4962//9870 5025//9870 4898//9870
f 4914//9871 4915//9871 4978//9871
f 4979//9872 4978//9872 4915//9872
f 4915//9873 4916//9873 4979//9873
f 4980//9874 4979//9874 4916//9874
f 4916//9875 4917//9875 4980//9875
f 4981//9876 4980//9876 4917//9876
f 4917//9877 4918//9877 4981//9877
f 4982//9878 4981//9878 4918//9878
f 4918//9879 4919//9879 4982//9879
f 4983//9880 4982//9880 4919//9880
f 4919//9881 4920//9881 4983//9881
f 4984//9882 4983//9882 4920//9882
f 4920//9883 4921//9883 4984//9883
f 4985//9884 4984//9884 4921//9884
f 4921//9885 4922//9885 4985//9885
f 4986//9886 4985//9886 4922//9886
f 4922//9887 4923//9887 4986//9887
f 4987//9888 4986//9888 4923//9888
f 4923//9889 4924//9889 4987//9889
f 4988//9890 4987//9890 4924//9890
f 4924//9891 4925//9891 4988//9891
f 4989//9892 4988//9892 4925//9892
f 4925//9893 4926//9893 4989//9893
f 4990//9894 4989//9894 4926//9894
f 4926//9895 4927//9895 4990//9895
f 4991//9896 4990//9896 4927//9896
f 4927//9897 4928//9897 4991//9897
f 4992//9898 4991//9898 4928//9898
f 4928//9899 4929//9899 4992//9899
f 4993//9900 4992//9900 4929//9900
f 4929//9901 4930//9901 4993//9901
f 4994//9902 4993//9902 4930//9902
f 4930//9903 4931//9903 4994//9903
f 4995//9904 4994//9904 4931//9904
f 4931//9905 4932//9905 4995//9905
f 4996//9906 4995//9906 4932//9906
f 4932//9907 4933//9907 4996//9907
f 4997//9908 4996//9908 4933//9908
f 4933//9909 4934//9909 4997//9909
f 4998//9910 4997//9910 4934//9910
f 4934//9911 4935//9911 4998//9911
f 4999//9912 4998//9912 4935//9912
f 4935//9913 4936//9913 4999//9913
f 5000//9914 4999//9914 4936//9914
f 4936//9915 4937//9915 5000//9915
f 5001//9916 5000//9916 4937//9916
f 4937//9917 4938//9917 5001//9917
f 5002//9918 5001//9918 4938//9918
f 4938//9919 4939//9919 5002//9919
f 5003//9920 5002//9920 4939//9920
f 4939//9921 4940//9921 5003//9921
f 5004//9922 5003//9922 4940//9922
f 4940//9923 4941//9923 5004//9923
f 5005//9924 5004//9924 4941//9924
f 4941//9925 4942//9925 5005//9925
f 5006//9926 5005//9926 4942//9926
f 4942//9927 4943//9927 5006//9927
f 5007//9928 5006//9928 4943//9928
f 4943//9929 4944//9929 5007//9929
f 5008//9930 5007//9930 4944//9930
f 4944//9931 4945//9931 5008//9931
f 5009//9932 5008//9932 4945//9932
f 4945//9933 4946//9933 5009//9933
f 5010//9934 5009//9934 4946//9934
f 4946//9935 4947//9935 5010//9935
f 5011//9936 5010//9936 4947//9936
f 4947//9937 4948//9937 5011//9937
f 5012//9938 5011//9938 4948//9938
f 4948//9939 4949//9939 5012//9939
f 5013//9940 5012//9940 4949//9940
f 4949//9941 4950//9941 5013//9941
f 5014//9942 5013//9942 4950//9942
f 4950//9943 4951//9943 5014//9943
f 5015//9944 5014//9944 4951//9944
f 4951//9945 4952//9945 5015//9945
f 5016//9946 5015//9946 4952//9946
f 4952//9947 4953//9947 5016//9947
f 5017//9948 5016//9948 4953//9948
f 4953//9949 4954//9949 5017//9949
f 5018//9950 5017//9950 4954//9950
f 4954//9951 4955//9951 5018//9951
f 5019//9952 5018//9952 4955//9952
f 4955//9953 4956//9953 5019//9953
f 5020//9954 5019//9954 4956//9954
f 4956//9955 4957//9955 5020//9955
f 5021//9956 5020//9956 4957//9956
f 4957//9957 4958//9957 5021//9957
f 5022//9958 5021//9958 4958//9958
f 4958//9959 4959//9959 5022//9959
f 5023//9960 5022//9960 4959//9960
f 4959//9961 4960//9961 5023//9961
f 5024//9962 5023//9962 4960//9962
f 4960//9963 4961//9963 5024//9963
f 5025//9964 5024//9964 4961//9964
f 4962//9965 4963//9965 5026//9965
f 5027//9966 5026//9966 4963//9966
f 4963//9967 4964//9967 5027//9967
f 5028//9968 5027//9968 4964//9968
f 4964//9969 4965//9969 5028//9969
f 5029//9970 5028//9970 4965//9970
f 4965//9971 4966//9971 5029//9971
f 5030//9972 5029//9972 4966//9972
f 4966//9973 4967//9973 5030//9973
f 5031//9974 5030//9974 4967//9974
f 4967//9975 4968//9975 5031//9975
f 5032//9976 5031//9976 4968//9976
f 4968//9977 4969//9977 5032//9977
f 5033//9978 5032//9978 4969//9978
f 4969//9979 4970//9979 5033//9979
f 5034//9980 5033//9980 4970//9980
f 4970//9981 4971//9981 5034//9981
f 5035//9982 5034//9982 4971//9982
f 4971//9983 4972//9983 5035//9983
f 5036//9984 5035//9984 4972//9984
f 4972//9985 4973//9985 5036//9985
f 5037//9986 5036//9986 4973//9986
f 4973//9987 4974//9987 5037//9987
f 5038//9988 5037//9988 4974//9988
f 4974//9989 4975//9989 5038//9989
f 5039//9990 5038//9990 4975//9990
f 4975//9991 4976//9991 5039//9991
f 5040//9992 5039//9992 4976//9992
f 4976//9993 4977//9993 5040//9993
f 5041//9994 5040//9994 4977//9994
f 4977//9995 4978//9995 5041//9995
f 5042//9996 5041//9996 4978//9996
f 5025//9997 4962//9997 5089//9997
f 5026//9998 5089//9998 4962//9998
f 4978//9999 4979//9999 5042//9999
f 5043//10000 5042//10000 4979//10000
f 4979//10001 4980//10001 5043//10001
f 5044//10002 5043//10002 4980//10002
f 4980//10003 4981//10003 5044//10003
f 5045//10004 5044//10004 4981//10004
f 4981//10005 4982//10005 5045//10005
f 5046//10006 5045//10006 4982//10006
f 4982//10007 4983//10007 5046//10007
f 5047//10008 5046//10008 4983//10008
f 4983//10009 4984//10009 5047//10009
f 5048//10010 5047//10010 4984//10010
f 4984//10011 4985//10011 5048//10011
f 5049//10012 5048//10012 4985//10012
f 4985//10013 4986//10013 5049//10013
f 5050//10014 5049//10014 4986//10014
f 4986//10015 4987//10015 5050//10015
f 5051//10016 5050//10016 4987//10016
f 4987//10017 4988//10017 5051//10017
f 5052//10018 5051//10018 4988//10018
f 4988//10019 4989//10019 5052//10019
f 5053//10020 5052//10020 4989//10020
f 4989//10021 4990//10021 5053//10021
f 5054//10022 5053//10022 4990//10022
f 4990//10023 4991//10023 5054//10023
f 5055//10024 5054//10024 4991//10024
f 4991//10025 4992//10025 5055//10025
f 5056//10026 5055//10026 4992//10026
f 4992//10027 4993//10027 5056//10027
f 5057//10028 5056//10028 4993//10028
f 4993//10029 4994//10029 5057//10029
f 5058//10030 5057//10030 4994//10030
f 4994//10031 4995//10031 5058//10031
f 5059//10032 5058//10032 4995//10032
f 4995//10033 4996//10033 5059//10033
f 5060//10034 5059//10034 4996//10034
f 4996//10035 4997//10035 5060//10035
f 5061//10036 5060//10036 4997//10036
f 4997//10037 4998//10037 5061//10037
f 5062//10038 5061//10038 4998//10038
f 4998//10039 4999//10039 5062//10039
f 5063//10040 5062//10040 4999//10040
f 4999//10041 5000//10041 5063//10041
f 5064//10042 5063//10042 5000//10042
f 5000//10043 5001//10043 5064//10043
f 5065//10044 5064//10044 5001//10044
f 5001//10045 5002//10045 5065//10045
f 5066//10046 5065//10046 5002//10046
f 5002//10047 5003//10047 5066//10047
f 5067//10048 5066//10048 5003//10048
f 5003//10049 5004//10049 5067//10049
f 5068//10050 5067//10050 5004//10050
f 5004//10051 5005//10051 5068//10051
f 5069//10052 5068//10052 5005//10052
f 5005//10053 5006//10053 5069//10053
f 5070//10054 5069//10054 5006//10054
f 5006//10055 5007//10055 5070//10055
f 5071//10056 5070//10056 5007//10056
f 5007//10057 5008//10057 5071//10057
f 5072//10058 5071//10058 5008//10058
f 5008//10059 5009//10059 5072//10059
f 5073//10060 5072//10060 5009//10060
f 5009//10061 5010//10061 5073//10061
f 5074//10062 5073//10062 5010//10062
f 5010//10063 5011//10063 5074//10063
f 5075//10064 5074//10064 5011//10064
f 5011//10065 5012//10065 5075//10065
f 5076//10066 5075//10066 5012//10066
f 5012//10067 5013//10067 5076//10067
f 5077//10068 5076//10068 5013//10068
f 5013//10069 5014//10069 5077//10069
f 5078//10070 5077//10070 5014//10070
f 5014//10071 5015//10071 5078//10071
f 5079//10072 5078//10072 5015//10072
f 5015//10073 5016//10073 5079//10073
f 5080//10074 5079//10074 5016//10074
f 5016//10075 5017//10075 5080//10075
f 5081//10076 5080//10076 5017//10076
f 5017//10077 5018//10077 5081//10077
f 5082//10078 5081//10078 5018//10078
f 5018//10079 5019//10079 5082//10079
f 5083//10080 5082//10080 5019//10080
f 5019//10081 5020//10081 5083//10081
f 5084//10082 5083//10082 5020//10082
f 5020//10083 5021//10083 5084//10083
f 5085//10084 5084//10084 5021//10084
f 5021//10085 5022//10085 5085//10085
f 5086//10086 5085//10086 5022//10086
f 5022//10087 5023//10087 5086//10087
f 5087//10088 5086//10088 5023//10088
f 5023//10089 5024//10089 5087//10089
f 5088//10090 5087//10090 5024//10090
f 5024//10091 5025//10091 5088//10091
f 5089//10092 5088//10092 5025//10092
f 5026//10093 5027//10093 5090//10093
f 5091//10094 5090//10094 5027//10094
f 5027//10095 5028//10095 5091//10095
f 5092//10096 5091//10096 5028//10096
f 5028//10097 5029//10097 5092//10097
f 5093//10098 5092//10098 5029//10098
f 5029//10099 5030//10099 5093//10099
f 5094//10100 5093//10100 5030//10100
f 5030//10101 5031//10101 5094//10101
f 5095//10102 5094//10102 5031//10102
f 5031//10103 5032//10103 5095//10103
f 5096//10104 5095//10104 5032//10104
f 5032//10105 5033//10105 5096//10105
f 5097//10106 5096//10106 5033//10106
f 5033//10107 5034//10107 5097//10107
f 5098//10108 5097//10108 5034//10108
f 5034//10109 5035//10109 5098//10109
f 5099//10110 5098//10110 5035//10110
f 5035//10111 5036//10111 5099//10111
f 5100//10112 5099//10112 5036//10112
f 5036//10113 5037//10113 5100//10113
f 5101//10114 5100//10114 5037//10114
f 5037//10115 5038//10115 5101//10115
f 5102//10116 5101//10116 5038//10116
f 5038//10117 5039//10117 5102//10117
f 5103//10118 5102//10118 5039//10118
f 5039//10119 5040//10119 5103//10119
f 5104//10120 5103//10120 5040//10120
f 5040//10121 5041//10121 5104//10121
f 5105//10122 5104//10122 5041//10122
f 5041//10123 5042//10123 5105//10123
f 5106//10124 5105//10124 5042//10124
f 5089//10125 5026//10125 5153//10125
f 5090//10126 5153//10126 5026//10126
f 5042//10127 5043//10127 5106//10127
f 5107//10128 5106//10128 5043//10128
f 5043//10129 5044//10129 5107//10129
f 5108//10130 5107//10130 5044//10130
f 5044//10131 5045//10131 5108//10131
f 5109//10132 5108//10132 5045//10132
f 5045//10133 5046//10133 5109//10133
f 5110//10134 5109//10134 5046//10134
f 5046//10135 5047//10135 5110//10135
f 5111//10136 5110//10136 5047//10136
f 5047//10137 5048//10137 5111//10137
f 5112//10138 5111//10138 5048//10138
f 5048//10139 5049//10139 5112//10139
f 5113//10140 5112//10140 5049//10140
f 5049//10141 5050//10141 5113//10141
f 5114//10142 5113//10142 5050//10142
f 5050//10143 5051//10143 5114//10143
f 5115//10144 5114//10144 5051//10144
f 5051//10145 5052//10145 5115//10145
f 5116//10146 5115//10146 5052//10146
f 5052//10147 5053//10147 5116//10147
f 5117//10148 5116//10148 5053//10148
f 5053//10149 5054//10149 5117//10149
f 5118//10150 5117//10150 5054//10150
f 5054//10151 5055//10151 5118//10151
f 5119//10152 5118//10152 5055//10152
f 5055//10153 5056//10153 5119//10153
f 5120//10154 5119//10154 5056//10154
f 5056//10155 5057//10155 5120//10155
f 5121//10156 5120//10156 5057//10156
f 5057//10157 5058//10157 5121//10157
f 5122//10158 5121//10158 5058//10158
f 5058//10159 5059//10159 5122//10159
f 5123//10160 5122//10160 5059//10160
f 5059//10161 5060//10161 5123//10161
f 5124//10162 5123//10162 5060//10162
f 5060//10163 5061//10163 5124//10163
f 5125//10164 5124//10164 5061//10164
f 5061//10165 5062//10165 5125//10165
f 5126//10166 5125//10166 5062//10166
f 5062//10167 5063//10167 5126//10167
f 5127//10168 5126//10168 5063//10168
f 5063//10169 5064//10169 5127//10169
f 5128//10170 5127//10170 5064//10170
f 5064//10171 5065//10171 5128//10171
f 5129//10172 5128//10172 5065//10172
f 5065//10173 5066//10173 5129//10173
f 5130//10174 5129//10174 5066//10174
f 5066//10175 5067//10175 5130//10175
f 5131//10176 5130//10176 5067//10176
f 5067//10177 5068//10177 5131//10177
f 5132//10178 5131//10178 5068//10178
f 5068//10179 5069//10179 5132//10179
f 5133//10180 5132//10180 5069//10180
f 5069//10181 5070//10181 5133//10181
f 5134//10182 5133//10182 5070//10182
f 5070//10183 5071//10183 5134//10183
f 5135//10184 5134//10184 5071//10184
f 5071//10185 5072//10185 5135//10185
f 5136//10186 5135//10186 5072//10186
f 5072//10187 5073//10187 5136//10187
f 5137//10188 5136//10188 5073//10188
f 5073//10189 5074//10189 5137//10189
f 5138//10190 5137//10190 5074//10190
f 5074//10191 5075//10191 5138//10191
f 5139//10192 5138//10192 5075//10192
f 5075//10193 5076//10193 5139//10193
f 5140//10194 5139//10194 5076//10194
f 5076//10195 5077//10195 5140//10195
f 5141//10196 5140//10196 5077//10196
f 5077//10197 5078//10197 5141//10197
f 5142//10198 5141//10198 5078//10198
f 5078//10199 5079//10199 5142//10199
f 5143//10200 5142//10200 5079//10200
f 5079//10201 5080//10201 5143//10201
f 5144//10202 5143//10202 5080//10202
f 5080//10203 5081//10203 5144//10203
f 5145//10204 5144//10204 5081//10204
f 5081//10205 5082//10205 5145//10205
f 5146//10206 5145//10206 5082//10206
f 5082//10207 5083//10207 5146//10207
f 5147//10208 5146//10208 5083//10208
f 5083//10209 5084//10209 5147//10209
f 5148//10210 5147//10210 5084//10210
f 5084//10211 5085//10211 5148//10211
f 5149//10212 5148//10212 5085//10212
f 5085//10213 5086//10213 5149//10213
f 5150//10214 5149//10214 5086//10214
f 5086//10215 5087//10215 5150//10215
f 5151//10216 5150//10216 5087//10216
f 5087//10217 5088//10217 5151//10217
f 5152//10218 5151//10218 5088//10218
f 5088//10219 5089//10219 5152//10219
f 5153//10220 5152//10220 5089//10220
f 5090//10221 5091//10221 5154//10221
f 5155//10222 5154//10222 5091//10222
f 5091//10223 5092//10223 5155//10223
f 5156//10224 5155//10224 5092//10224
f 5092//10225 5093//10225 5156//10225
f 5157//10226 5156//10226 5093//10226
f 5093//10227 5094//10227 5157//10227
f 5158//10228 5157//10228 5094//10228
f 5094//10229 5095//10229 5158//10229
f 5159//10230 5158//10230 5095//10230
f 5095//10231 5096//10231 5159//10231
f 5160//10232 5159//10232 5096//10232
f 5096//10233 5097//10233 5160//10233
f 5161//10234 5160//10234 5097//10234
f 5097//10235 5098//10235 5161//10235
f 5162//10236 5161//10236 5098//10236
f 5098//10237 5099//10237 5162//10237
f 5163//10238 5162//10238 5099//10238
f 5099//10239 5100//10239 5163//10239
f 5164//10240 5163//10240 5100//10240
f 5100//10241 5101//10241 5164//10241
f 5165//10242 5164//10242 5101//10242
f 5101//10243 5102//10243 5165//10243
f 5166//10244 5165//10244 5102//10244
f 5102//10245 5103//10245 5166//10245
f 5167//10246 5166//10246 5103//10246
f 5103//10247 5104//10247 5167//10247
f 5168//10248 5167//10248 5104//10248
f 5104//10249 5105//10249 5168//10249
f 5169//10250 5168//10250 5105//10250
f 5105//10251 5106//10251 5169//10251
f 5170//10252 5169//10252 5106//10252
f 5153//10253 5090//10253 5217//10253
f 5154//10254 5217//10254 5090//10254
f 5106//10255 5107//10255 5170//10255
f 5171//10256 5170//10256 5107//10256
f 5107//10257 5108//10257 5171//10257
f 5172//10258 5171//10258 5108//10258
f 5108//10259 5109//10259 5172//10259
f 5173//10260 5172//10260 5109//10260
f 5109//10261 5110//10261 5173//10261
f 5174//10262 5173//10262 5110//10262
f 5110//10263 5111//10263 5174//10263
f 5175//10264 5174//10264 5111//10264
f 5111//10265 5112//10265 5175//10265
f 5176//10266 5175//10266 5112//10266
f 5112//10267 5113//10267 5176//10267
f 5177//10268 5176//10268 5113//10268
f 5113//10269 5114//10269 5177//10269
f 5178//10270 5177//10270 5114//10270
f 5114//10271 5115//10271 5178//10271
f 5179//10272 5178//10272 5115//10272
f 5115//10273 5116//10273 5179//10273
f 5180//10274 5179//10274 5116//10274
f 5116//10275 5117//10275 5180//10275
f 5181//10276 5180//10276 5117//10276
f 5117//10277 5118//10277 5181//10277
f 5182//10278 5181//10278 5118//10278
f 5118//10279 5119//10279 5182//10279
f 5183//10280 5182//10280 5119//10280
f 5119//10281 5120//10281 5183//10281
f 5184//10282 5183//10282 5120//10282
f 5120//10283 5121//10283 5184//10283
f 5185//10284 5184//10284 5121//10284
f 5121//10285 5122//10285 5185//10285
f 5186//10286 5185//10286 5122//10286
f 5122//10287 5123//10287 5186//10287
f 5187//10288 5186//10288 5123//10288
f 5123//10289 5124//10289 5187//10289
f 5188//10290 5187//10290 5124//10290
f 5124//10291 5125//10291 5188//10291
f 5189//10292 5188//10292 5125//10292
f 5125//10293 5126//10293 5189//10293
f 5190//10294 5189//10294 5126//10294
f 5126//10295 5127//10295 5190//10295
f 5191//10296 5190//10296 5127//10296
f 5127//10297 5128//10297 5191//10297
f 5192//10298 5191//10298 5128//10298
f 5128//10299 5129//10299 5192//10299
f 5193//10300 5192//10300 5129//10300
f 5129//10301 5130//10301 5193//10301
f 5194//10302 5193//10302 5130//10302
f 5130//10303 5131//10303 5194//10303
f 5195//10304 5194//10304 5131//10304
f 5131//10305 5132//10305 5195//10305
f 5196//10306 5195//10306 5132//10306
f 5132//10307 5133//10307 5196//10307
f 5197//10308 5196//10308 5133//10308
f 5133//10309 5134//10309 5197//10309
f 5198//10310 5197//10310 5134//10310
f 5134//10311 5135//10311 5198//10311
f 5199//10312 5198//10312 5135//10312
f 5135//10313 5136//10313 5199//10313
f 5200//10314 5199//10314 5136//10314
f 5136//10315 5137//10315 5200//10315
f 5201//10316 5200//10316 5137//10316
f 5137//10317 5138//10317 5201//10317
f 5202//10318 5201//10318 5138//10318
f 5138//10319 5139//10319 5202//10319
f 5203//10320 5202//10320 5139//10320
f 5139//10321 5140//10321 5203//10321
f 5204//10322 5203//10322 5140//10322
f 5140//10323 5141//10323 5204//10323
f 5205//10324 5204//10324 5141//10324
f 5141//10325 5142//10325 5205//10325
f 5206//10326 5205//10326 5142//10326
f 5142//10327 5143//10327 5206//10327
f 5207//10328 5206//10328 5143//10328
f 5143//10329 5144//10329 5207//10329
f 5208//10330 5207//10330 5144//10330
f 5144//10331 5145//10331 5208//10331
f 5209//10332 5208//10332 5145//10332
f 5145//10333 5146//10333 5209//10333
f 5210//10334 5209//10334 5146//10334
f 5146//10335 5147//10335 5210//10335
f 5211//10336 5210//10336 5147//10336
f 5147//10337 5148//10337 5211//10337
f 5212//10338 5211//10338 5148//10338
f 5148//10339 5149//10339 5212//10339
f 5213//10340 5212//10340 5149//10340
f 5149//10341 5150//10341 5213//10341
f 5214//10342 5213//10342 5150//10342
f 5150//10343 5151//10343 5214//10343
f 5215//10344 5214//10344 5151//10344
f 5151//10345 5152//10345 5215//10345
f 5216//10346 5215//10346 5152//10346
f 5152//10347 5153//10347 5216//10347
f 5217//10348 5216//10348 5153//10348
f 5154//10349 5155//10349 5218//10349
f 5219//10350 5218//10350 5155//10350
f 5155//10351 5156//10351 5219//10351
f 5220//10352 5219//10352 5156//10352
f 5156//10353 5157//10353 5220//10353
f 5221//10354 5220//10354 5157//10354
f 5157//10355 5158//10355 5221//10355
f 5222//10356 5221//10356 5158//10356
f 5158//10357 5159//10357 5222//10357
f 5223//10358 5222//10358 5159//10358
f 5159//10359 5160//10359 5223//10359
f 5224//10360 5223//10360 5160//10360
f 5160//10361 5161//10361 5224//10361
f 5225//10362 5224//10362 5161//10362
f 5161//10363 5162//10363 5225//10363
f 5226//10364 5225//10364 5162//10364
f 5162//10365 5163//10365 5226//10365
f 5227//10366 5226//10366 5163//10366
f 5163//10367 5164//10367 5227//10367
f 5228//10368 5227//10368 5164//10368
f 5164//10369 5165//10369 5228//10369
f 5229//10370 5228//10370 5165//10370
f 5165//10371 5166//10371 5229//10371
f 5230//10372 5229//10372 5166//10372
f 5166//10373 5167//10373 5230//10373
f 5231//10374 5230//10374 5167//10374
f 5167//10375 5168//10375 5231//10375
f 5232//10376 5231//10376 5168//10376
f 5168//10377 5169//10377 5232//10377
f 5233//10378 5232//10378 5169//10378
f 5169//10379 5170//10379 5233//10379
f 5234//10380 5233//10380 5170//10380
f 5217//10381 5154//10381 5281//10381
f 5218//10382 5281//10382 5154//10382
f 5170//10383 5171//10383 5234//10383
f 5235//10384 5234//10384 5171//10384
f 5171//10385 5172//10385 5235//10385
f 5236//10386 5235//10386 5172//10386
f 5172//10387 5173//10387 5236//10387
f 5237//10388 5236//10388 5173//10388
f 5173//10389 5174//10389 5237//10389
f 5238//10390 5237//10390 5174//10390
f 5174//10391 5175//10391 5238//10391
f 5239//10392 5238//10392 5175//10392
f 5175//10393 5176//10393 5239//10393
f 5240//10394 5239//10394 5176//10394
f 5176//10395 5177//10395 5240//10395
f 5241//10396 5240//10396 5177//10396
f 5177//10397 5178//10397 5241//10397
f 5242//10398 5241//10398 5178//10398
f 5178//10399 5179//10399 5242//10399
f 5243//10400 5242//10400 5179//10400
f 5179//10401 5180//10401 5243//10401
f 5244//10402 5243//10402 5180//10402
f 5180//10403 5181//10403 5244//10403
f 5245//10404 5244//10404 5181//10404
f 5181//10405 5182//10405 5245//10405
f 5246//10406 5245//10406 5182//10406
f 5182//10407 5183//10407 5246//10407
f 5247//10408 5246//10408 5183//10408
f 5183//10409 5184//10409 5247//10409
f 5248//10410 5247//10410 5184//10410
f 5184//10411 5185//10411 5248//10411
f 5249//10412 5248//10412 5185//10412
f 5185//10413 5186//10413 5249//10413
f 5250//10414 5249//10414 5186//10414
f 5186//10415 5187//10415 5250//10415
f 5251//10416 5250//10416 5187//10416
f 5187//10417 5188//10417 5251//10417
f 5252//10418 5251//10418 5188//10418
f 5188//10419 5189//10419 5252//10419
f 5253//10420 5252//10420 5189//10420
f 5189//10421 5190//10421 5253//10421
f 5254//10422 5253//10422 5190//10422
f 5190//10423 5191//10423 5254//10423
f 5255//10424 5254//10424 5191//10424
f 5191//10425 5192//10425 5255//10425
f 5256//10426 5255//10426 5192//10426
f 5192//10427 5193//10427 5256//10427
f 5257//10428 5256//10428 5193//10428
f 5193//10429 5194//10429 5257//10429
f 5258//10430 5257//10430 5194//10430
f 5194//10431 5195//10431 5258//10431
f 5259//10432 5258//10432 5195//10432
f 5195//10433 5196//10433 5259//10433
f 5260//10434 5259//10434 5196//10434
f 5196//10435 5197//10435 5260//10435
f 5261//10436 5260//10436 5197//10436
f 5197//10437 5198//10437 5261//10437
f 5262//10438 5261//10438 5198//10438
f 5198//10439 5199//10439 5262//10439
f 5263//10440 5262//10440 5199//10440
f 5199//10441 5200//10441 5263//10441
f 5264//10442 5263//10442 5200//10442
f 5200//10443 5201//10443 5264//10443
f 5265//10444 5264//10444 5201//10444
f 5201//10445 5202//10445 5265//10445
f 5266//10446 5265//10446 5202//10446
f 5202//10447 5203//10447 5266//10447
f 5267//10448 5266//10448 5203//10448
f 5203//10449 5204//10449 5267//10449
f 5268//10450 5267//10450 5204//10450
f 5204//10451 5205//10451 5268//10451
f 5269//10452 5268//10452 5205//10452
f 5205//10453 5206//10453 5269//10453
f 5270//10454 5269//10454 5206//10454
f 5206//10455 5207//10455 5270//10455
f 5271//10456 5270//10456 5207//10456
f 5207//10457 5208//10457 5271//10457
f 5272//10458 5271//10458 5208//10458
f 5208//10459 5209//10459 5272//10459
f 5273//10460 5272//10460 5209//10460
f 5209//10461 5210//10461 5273//10461
f 5274//10462 5273//10462 5210//10462
f 5210//10463 5211//10463 5274//10463
f 5275//10464 5274//10464 5211//10464
f 5211//10465 5212//10465 5275//10465
f 5276//10466 5275//10466 5212//10466
f 5212//10467 5213//10467 5276//10467
f 5277//10468 5276//10468 5213//10468
f 5213//10469 5214//10469 5277//10469
f 5278//10470 5277//10470 5214//10470
f 5214//10471 5215//10471 5278//10471
f 5279//10472 5278//10472 5215//10472
f 5215//10473 5216//10473 5279//10473
f 5280//10474 5279//10474 5216//10474
f 5216//10475 5217//10475 5280//10475
f 5281//10476 5280//10476 5217//10476
f 5218//10477 5219//10477 5282//10477
f 5283//10478 5282//10478 5219//10478
f 5219//10479 5220//10479 5283//10479
f 5284//10480 5283//10480 5220//10480
f 5220//10481 5221//10481 5284//10481
f 5285//10482 5284//10482 5221//10482
f 5221//10483 5222//10483 5285//10483
f 5286//10484 5285//10484 5222//10484
f 5222//10485 5223//10485 5286//10485
f 5287//10486 5286//10486 5223//10486
f 5223//10487 5224//10487 5287//10487
f 5288//10488 5287//10488 5224//10488
f 5224//10489 5225//10489 5288//10489
f 5289//10490 5288//10490 5225//10490
f 5225//10491 5226//10491 5289//10491
f 5290//10492 5289//10492 5226//10492
f 5226//10493 5227//10493 5290//10493
f 5291//10494 5290//10494 5227//10494
f 5227//10495 5228//10495 5291//10495
f 5292//10496 5291//10496 5228//10496
f 5228//10497 5229//10497 5292//10497
f 5293//10498 5292//10498 5229//10498
f 5229//10499 5230//10499 5293//10499
f 5294//10500 5293//10500 5230//10500
f 5230//10501 5231//10501 5294//10501
f 5295//10502 5294//10502 5231//10502
f 5231//10503 5232//10503 5295//10503
f 5296//10504 5295//10504 5232//10504
f 5232//10505 5233//10505 5296//10505
f 5297//10506 5296//10506 5233//10506
f 5233//10507 5234//10507 5297//10507
f 5298//10508 5297//10508 5234//10508
f 5281//10509 5218//10509 5345//10509
f 5282//10510 5345//10510 5218//10510
f 5234//10511 5235//10511 5298//10511
f 5299//10512 5298//10512 5235//10512
f 5235//10513 5236//10513 5299//10513
f 5300//10514 5299//10514 5236//10514
f 5236//10515 5237//10515 5300//10515
f 5301//10516 5300//10516 5237//10516
f 5237//10517 5238//10517 5301//10517
f 5302//10518 5301//10518 5238//10518
f 5238//10519 5239//10519 5302//10519
f 5303//10520 5302//10520 5239//10520
f 5239//10521 5240//10521 5303//10521
f 5304//10522 5303//10522 5240//10522
f 5240//10523 5241//10523 5304//10523
f 5305//10524 5304//10524 5241//10524
f 5241//10525 5242//10525 5305//10525
f 5306//10526 5305//10526 5242//10526
f 5242//10527 5243//10527 5306//10527
f 5307//10528 5306//10528 5243//10528
f 5243//10529 5244//10529 5307//10529
f 5308//10530 5307//10530 5244//10530
f 5244//10531 5245//10531 5308//10531
f 5309//10532 5308//10532 5245//10532
f 5245//10533 5246//10533 5309//10533
f 5310//10534 5309//10534 5246//10534
f 5246//10535 5247//10535 5310//10535
f 5311//10536 5310//10536 5247//10536
f 5247//10537 5248//10537 5311//10537
f 5312//10538 5311//10538 5248//10538
f 5248//10539 5249//10539 5312//10539
f 5313//10540 5312//10540 5249//10540
f 5249//10541 5250//10541 5313//10541
f 5314//10542 5313//10542 5250//10542
f 5250//10543 5251//10543 5314//10543
f 5315//10544 5314//10544 5251//10544
f 5251//10545 5252//10545 5315//10545
f 5316//10546 5315//10546 5252//10546
f 5252//10547 5253//10547 5316//10547
f 5317//10548 5316//10548 5253//10548
f 5253//10549 5254//10549 5317//10549
f 5318//10550 5317//10550 5254//10550
f 5254//10551 5255//10551 5318//10551
f 5319//10552 5318//10552 5255//10552
f 5255//10553 5256//10553 5319//10553
f 5320//10554 5319//10554 5256//10554
f 5256//10555 5257//10555 5320//10555
f 5321//10556 5320//10556 5257//10556
f 5257//10557 5258//10557 5321//10557
f 5322//10558 5321//10558 5258//10558
f 5258//10559 5259//10559 5322//10559
f 5323//10560 5322//10560 5259//10560
f 5259//10561 5260//10561 5323//10561
f 5324//10562 5323//10562 5260//10562
f 5260//10563 5261//10563 5324//10563
f 5325//10564 5324//10564 5261//10564
f 5261//10565 5262//10565 5325//10565
f 5326//10566 5325//10566 5262//10566
f 5262//10567 5263//10567 5326//10567
f 5327//10568 5326//10568 5263//10568
f 5263//10569 5264//10569 5327//10569
f 5328//10570 5327//10570 5264//10570
f 5264//10571 5265//10571 5328//10571
f 5329//10572 5328//10572 5265//10572
f 5265//10573 5266//10573 5329//10573
f 5330//10574 5329//10574 5266//10574
f 5266//10575 5267//10575 5330//10575
f 5331//10576 5330//10576 5267//10576
f 5267//10577 5268//10577 5331//10577
f 5332//10578 5331//10578 5268//10578
f 5268//10579 5269//10579 5332//10579
f 5333//10580 5332//10580 5269//10580
f 5269//10581 5270//10581 5333//10581
f 5334//10582 5333//10582 5270//10582
f 5270//10583 5271//10583 5334//10583
f 5335//10584 5334//10584 5271//10584
f 5271//10585 5272//10585 5335//10585
f 5336//10586 5335//10586 5272//10586
f 5272//10587 5273//10587 5336//10587
f 5337//10588 5336//10588 5273//10588
f 5273//10589 5274//10589 5337//10589
f 5338//10590 5337//10590 5274//10590
f 5274//10591 5275//10591 5338//10591
f 5339//10592 5338//10592 5275//10592
f 5275//10593 5276//10593 5339//10593
f 5340//10594 5339//10594 5276//10594
f 5276//10595 5277//10595 5340//10595
f 5341//10596 5340//10596 5277//10596
f 5277//10597 5278//10597 5341//10597
f 5342//10598 5341//10598 5278//10598
f 5278//10599 5279//10599 5342//10599
f 5343//10600 5342//10600 5279//10600
f 5279//10601 5280//10601 5343//10601
f 5344//10602 5343//10602 5280//10602
f 5280//10603 5281//10603 5344//10603
f 5345//10604 5344//10604 5281//10604
f 5282//10605 5283//10605 5346//10605
f 5347//10606 5346//10606 5283//10606
f 5283//10607 5284//10607 5347//10607
f 5348//10608 5347//10608 5284//10608
f 5284//10609 5285//10609 5348//10609
f 5349//10610 5348//10610 5285//10610
f 5285//10611 5286//10611 5349//10611
f 5350//10612 5349//10612 5286//10612
f 5286//10613 5287//10613 5350//10613
f 5351//10614 5350//10614 5287//10614
f 5287//10615 5288//10615 5351//10615
f 5352//10616 5351//10616 5288//10616
f 5288//10617 5289//10617 5352//10617
f 5353//10618 5352//10618 5289//10618
f 5289//10619 5290//10619 5353//10619
f 5354//10620 5353//10620 5290//10620
f 5290//10621 5291//10621 5354//10621
f 5355//10622 5354//10622 5291//10622
f 5291//10623 5292//10623 5355//10623
f 5356//10624 5355//10624 5292//10624
f 5292//10625 5293//10625 5356//10625
f 5357//10626 5356//10626 5293//10626
f 5293//10627 5294//10627 5357//10627
f 5358//10628 5357//10628 5294//10628
f 5294//10629 5295//10629 5358//10629
f 5359//10630 5358//10630 5295//10630
f 5295//10631 5296//10631 5359//10631
f 5360//10632 5359//10632 5296//10632
f 5296//10633 5297//10633 5360//10633
f 5361//10634 5360//10634 5297//10634
f 5297//10635 5298//10635 5361//10635
f 5362//10636 5361//10636 5298//10636
f 5345//10637 5282//10637 5409//10637
f 5346//10638 5409//10638 5282//10638
f 5298//10639 5299//10639 5362//10639
f 5363//10640 5362//10640 5299//10640
f 5299//10641 5300//10641 5363//10641
f 5364//10642 5363//10642 5300//10642
f 5300//10643 5301//10643 5364//10643
f 5365//10644 5364//10644 5301//10644
f 5301//10645 5302//10645 5365//10645
f 5366//10646 5365//10646 5302//10646
f 5302//10647 5303//10647 5366//10647
f 5367//10648 5366//10648 5303//10648
f 5303//10649 5304//10649 5367//10649
f 5368//10650 5367//10650 5304//10650
f 5304//10651 5305//10651 5368//10651
f 5369//10652 5368//10652 5305//10652
f 5305//10653 5306//10653 5369//10653
f 5370//10654 5369//10654 5306//10654
f 5306//10655 5307//10655 5370//10655
f 5371//10656 5370//10656 5307//10656
f 5307//10657 5308//10657 5371//10657
f 5372//10658 5371//10658 5308//10658
f 5308//10659 5309//10659 5372//10659
f 5373//10660 5372//10660 5309//10660
f 5309//10661 5310//10661 5373//10661
f 5374//10662 5373//10662 5310//10662
f 5310//10663 5311//10663 5374//10663
f 5375//10664 5374//10664 5311//10664
f 5311//10665 5312//10665 5375//10665
f 5376//10666 5375//10666 5312//10666
f 5312//10667 5313//10667 5376//10667
f 5377//10668 5376//10668 5313//10668
f 5313//10669 5314//10669 5377//10669
f 5378//10670 5377//10670 5314//10670
f 5314//10671 5315//10671 5378//10671
f 5379//10672 5378//10672 5315//10672
f 5315//10673 5316//10673 5379//10673
f 5380//10674 5379//10674 5316//10674
f 5316//10675 5317//10675 5380//10675
f 5381//10676 5380//10676 5317//10676
f 5317//10677 5318//10677 5381//10677
f 5382//10678 5381//10678 5318//10678
f 5318//10679 5319//10679 5382//10679
f 5383//10680 5382//10680 5319//10680
f 5319//10681 5320//10681 5383//10681
f 5384//10682 5383//10682 5320//10682
f 5320//10683 5321//10683 5384//10683
f 5385//10684 5384//10684 5321//10684
f 5321//10685 5322//10685 5385//10685
f 5386//10686 5385//10686 5322//10686
f 5322//10687 5323//10687 5386//10687
f 5387//10688 5386//10688 5323//10688
f 5323//10689 5324//10689 5387//10689
f 5388//10690 5387//10690 5324//10690
f 5324//10691 5325//10691 5388//10691
f 5389//10692 5388//10692 5325//10692
f 5325//10693 5326//10693 5389//10693
f 5390//10694 5389//10694 5326//10694
f 5326//10695 5327//10695 5390//10695
f 5391//10696 5390//10696 5327//10696
f 5327//10697 5328//10697 5391//10697
f 5392//10698 5391//10698 5328//10698
f 5328//10699 5329//10699 5392//10699
f 5393//10700 5392//10700 5329//10700
f 5329//10701 5330//10701 5393//10701
f 5394//10702 5393//10702 5330//10702
f 5330//10703 5331//10703 5394//10703
f 5395//10704 5394//10704 5331//10704
f 5331//10705 5332//10705 5395//10705
f 5396//10706 5395//10706 5332//10706
f 5332//10707 5333//10707 5396//10707
f 5397//10708 5396//10708 5333//10708
f 5333//10709 5334//10709 5397//10709
f 5398//10710 5397//10710 5334//10710
f 5334//10711 5335//10711 5398//10711
f 5399//10712 5398//10712 5335//10712
f 5335//10713 5336//10713 5399//10713
f 5400//10714 5399//10714 5336//10714
f 5336//10715 5337//10715 5400//10715
f 5401//10716 5400//10716 5337//10716
f 5337//10717 5338//10717 5401//10717
f 5402//10718 5401//10718 5338//10718
f 5338//10719 5339//10719 5402//10719
f 5403//10720 5402//10720 5339//10720
f 5339//10721 5340//10721 5403//10721
f 5404//10722 5403//10722 5340//10722
f 5340//10723 5341//10723 5404//10723
f 5405//10724 5404//10724 5341//10724
f 5341//10725 5342//10725 5405//10725
f 5406//10726 5405//10726 5342//10726
f 5342//10727 5343//10727 5406//10727
f 5407//10728 5406//10728 5343//10728
f 5343//10729 5344//10729 5407//10729
f 5408//10730 5407//10730 5344//10730
f 5344//10731 5345//10731 5408//10731
f 5409//10732 5408//10732 5345//10732
f 5346//10733 5347//10733 5410//10733
f 5411//10734 5410//10734 5347//10734
f 5347//10735 5348//10735 5411//10735
f 5412//10736 5411//10736 5348//10736
f 5348//10737 5349//10737 5412//10737
f 5413//10738 5412//10738 5349//10738
f 5349//10739 5350//10739 5413//10739
f 5414//10740 5413//10740 5350//10740
f 5350//10741 5351//10741 5414//10741
f 5415//10742 5414//10742 5351//10742
f 5351//10743 5352//10743 5415//10743
f 5416//10744 5415//10744 5352//10744
f 5352//10745 5353//10745 5416//10745
f 5417//10746 5416//10746 5353//10746
f 5353//10747 5354//10747 5417//10747
f 5418//10748 5417//10748 5354//10748
f 5354//10749 5355//10749 5418//10749
f 5419//10750 5418//10750 5355//10750
f 5355//10751 5356//10751 5419//10751
f 5420//10752 5419//10752 5356//10752
f 5356//10753 5357//10753 5420//10753
f 5421//10754 5420//10754 5357//10754
f 5357//10755 5358//10755 5421//10755
f 5422//10756 5421//10756 5358//10756
f 5358//10757 5359//10757 5422//10757
f 5423//10758 5422//10758 5359//10758
f 5359//10759 5360//10759 5423//10759
f 5424//10760 5423//10760 5360//10760
f 5360//10761 5361//10761 5424//10761
f 5425//10762 5424//10762 5361//10762
f 5361//10763 5362//10763 5425//10763
f 5426//10764 5425//10764 5362//10764
f 5409//10765 5346//10765 5473//10765
f 5410//10766 5473//10766 5346//10766
f 5362//10767 5363//10767 5426//10767
f 5427//10768 5426//10768 5363//10768
f 5363//10769 5364//10769 5427//10769
f 5428//10770 5427//10770 5364//10770
f 5364//10771 5365//10771 5428//10771
f 5429//10772 5428//10772 5365//10772
f 5365//10773 5366//10773 5429//10773
f 5430//10774 5429//10774 5366//10774
f 5366//10775 5367//10775 5430//10775
f 5431//10776 5430//10776 5367//10776
f 5367//10777 5368//10777 5431//10777
f 5432//10778 5431//10778 5368//10778
f 5368//10779 5369//10779 5432//10779
f 5433//10780 5432//10780 5369//10780
f 5369//10781 5370//10781 5433//10781
f 5434//10782 5433//10782 5370//10782
f 5370//10783 5371//10783 5434//10783
f 5435//10784 5434//10784 5371//10784
f 5371//10785 5372//10785 5435//10785
f 5436//10786 5435//10786 5372//10786
f 5372//10787 5373//10787 5436//10787
f 5437//10788 5436//10788 5373//10788
f 5373//10789 5374//10789 5437//10789
f 5438//10790 5437//10790 5374//10790
f 5374//10791 5375//10791 5438//10791
f 5439//10792 5438//10792 5375//10792
f 5375//10793 5376//10793 5439//10793
f 5440//10794 5439//10794 5376//10794
f 5376//10795 5377//10795 5440//10795
f 5441//10796 5440//10796 5377//10796
f 5377//10797 5378//10797 5441//10797
f 5442//10798 5441//10798 5378//10798
f 5378//10799 5379//10799 5442//10799
f 5443//10800 5442//10800 5379//10800
f 5379//10801 5380//10801 5443//10801
f 5444//10802 5443//10802 5380//10802
f 5380//10803 5381//10803 5444//10803
f 5445//10804 5444//10804 5381//10804
f 5381//10805 5382//10805 5445//10805
f 5446//10806 5445//10806 5382//10806
f 5382//10807 5383//10807 5446//10807
f 5447//10808 5446//10808 5383//10808
f 5383//10809 5384//10809 5447//10809
f 5448//10810 5447//10810 5384//10810
f 5384//10811 5385//10811 5448//10811
f 5449//10812 5448//10812 5385//10812
f 5385//10813 5386//10813 5449//10813
f 5450//10814 5449//10814 5386//10814
f 5386//10815 5387//10815 5450//10815
f 5451//10816 5450//10816 5387//10816
f 5387//10817 5388//10817 5451//10817
f 5452//10818 5451//10818 5388//10818
f 5388//10819 5389//10819 5452//10819
f 5453//10820 5452//10820 5389//10820
f 5389//10821 5390//10821 5453//10821
f 5454//10822 5453//10822 5390//10822
f 5390//10823 5391//10823 5454//10823
f 5455//10824 5454//10824 5391//10824
f 5391//10825 5392//10825 5455//10825
f 5456//10826 5455//10826 5392//10826
f 5392//10827 5393//10827 5456//10827
f 5457//10828 5456//10828 5393//10828
f 5393//10829 5394//10829 5457//10829
f 5458//10830 5457//10830 5394//10830
f 5394//10831 5395//10831 5458//10831
f 5459//10832 5458//10832 5395//10832
f 5395//10833 5396//10833 5459//10833
f 5460//10834 5459//10834 5396//10834
f 5396//10835 5397//10835 5460//10835
f 5461//10836 5460//10836 5397//10836
f 5397//10837 5398//10837 5461//10837
f 5462//10838 5461//10838 5398//10838
f 5398//10839 5399//10839 5462//10839
f 5463//10840 5462//10840 5399//10840
f 5399//10841 5400//10841 5463//10841
f 5464//10842 5463//10842 5400//10842
f 5400//10843 5401//10843 5464//10843
f 5465//10844 5464//10844 5401//10844
f 5401//10845 5402//10845 5465//10845
f 5466//10846 5465//10846 5402//10846
f 5402//10847 5403//10847 5466//10847
f 5467//10848 5466//10848 5403//10848
f 5403//10849 5404//10849 5467//10849
f 5468//10850 5467//10850 5404//10850
f 5404//10851 5405//10851 5468//10851
f 5469//10852 5468//10852 5405//10852
f 5405//10853 5406//10853 5469//10853
f 5470//10854 5469//10854 5406//10854
f 5406//10855 5407//10855 5470//10855
f 5471//10856 5470//10856 5407//10856
f 5407//10857 5408//10857 5471//10857
f 5472//10858 5471//10858 5408//10858
f 5408//10859 5409//10859 5472//10859
f 5473//10860 5472//10860 5409//10860
f 5410//10861 5411//10861 5474//10861
f 5475//10862 5474//10862 5411//10862
f 5411//10863 5412//10863 5475//10863
f 5476//10864 5475//10864 5412//10864
f 5412//10865 5413//10865 5476//10865
f 5477//10866 5476//10866 5413//10866
f 5413//10867 5414//10867 5477//10867
f 5478//10868 5477//10868 5414//10868
f 5414//10869 5415//10869 5478//10869
f 5479//10870 5478//10870 5415//10870
f 5415//10871 5416//10871 5479//10871
f 5480//10872 5479//10872 5416//10872
f 5416//10873 5417//10873 5480//10873
f 5481//10874 5480//10874 5417//10874
f 5417//10875 5418//10875 5481//10875
f 5482//10876 5481//10876 5418//10876
f 5418//10877 5419//10877 5482//10877
f 5483//10878 5482//10878 5419//10878
f 5419//10879 5420//10879 5483//10879
f 5484//10880 5483//10880 5420//10880
f 5420//10881 5421//10881 5484//10881
f 5485//10882 5484//10882 5421//10882
f 5421//10883 5422//10883 5485//10883
f 5486//10884 5485//10884 5422//10884
f 5422//10885 5423//10885 5486//10885
f 5487//10886 5486//10886 5423//10886
f 5423//10887 5424//10887 5487//10887
f 5488//10888 5487//10888 5424//10888
f 5424//10889 5425//10889 5488//10889
f 5489//10890 5488//10890 5425//10890
f 5425//10891 5426//10891 5489//10891
f 5490//10892 5489//10892 5426//10892
f 5537//10893 5473//10893 5474//10893
f 5410//10894 5474//10894 5473//10894
f 5427//10895 5491//10895 5426//10895
f 5490//10896 5426//10896 5491//10896
f 5427//10897 5428//10897 5491//10897
f 5492//10898 5491//10898 5428//10898
f 5428//10899 5429//10899 5492//10899
f 5493//10900 5492//10900 5429//10900
f 5429//10901 5430//10901 5493//10901
f 5494//10902 5493//10902 5430//10902
f 5430//10903 5431//10903 5494//10903
f 5495//10904 5494//10904 5431//10904
f 5431//10905 5432//10905 5495//10905
f 5496//10906 5495//10906 5432//10906
f 5432//10907 5433//10907 5496//10907
f 5497//10908 5496//10908 5433//10908
f 5433//10909 5434//10909 5497//10909
f 5498//10910 5497//10910 5434//10910
f 5434//10911 5435//10911 5498//10911
f 5499//10912 5498//10912 5435//10912
f 5435//10913 5436//10913 5499//10913
f 5500//10914 5499//10914 5436//10914
f 5436//10915 5437//10915 5500//10915
f 5501//10916 5500//10916 5437//10916
f 5437//10917 5438//10917 5501//10917
f 5502//10918 5501//10918 5438//10918
f 5438//10919 5439//10919 5502//10919
f 5503//10920 5502//10920 5439//10920
f 5439//10921 5440//10921 5503//10921
f 5504//10922 5503//10922 5440//10922
f 5440//10923 5441//10923 5504//10923
f 5505//10924 5504//10924 5441//10924
f 5441//10925 5442//10925 5505//10925
f 5506//10926 5505//10926 5442//10926
f 5443//10927 5507//10927 5442//10927
f 5506//10928 5442//10928 5507//10928
f 5443//10929 5444//10929 5507//10929
f 5508//10930 5507//10930 5444//10930
f 5444//10931 5445//10931 5508//10931
f 5509//10932 5508//10932 5445//10932
f 5445//10933 5446//10933 5509//10933
f 5510//10934 5509//10934 5446//10934
f 5446//10935 5447//10935 5510//10935
f 5511//10936 5510//10936 5447//10936
f 5447//10937 5448//10937 5511//10937
f 5512//10938 5511//10938 5448//10938
f 5448//10939 5449//10939 5512//10939
f 5513//10940 5512//10940 5449//10940
f 5449//10941 5450//10941 5513//10941
f 5514//10942 5513//10942 5450//10942
f 5450//10943 5451//10943 5514//10943
f 5515//10944 5514//10944 5451//10944
f 5451//10945 5452//10945 5515//10945
f 5516//10946 5515//10946 5452//10946
f 5452//10947 5453//10947 5516//10947
f 5517//10948 5516//10948 5453//10948
f 5453//10949 5454//10949 5517//10949
f 5518//10950 5517//10950 5454//10950
f 5454//10951 5455//10951 5518//10951
f 5519//10952 5518//10952 5455//10952
f 5455//10953 5456//10953 5519//10953
f 5520//10954 5519//10954 5456//10954
f 5456//10955 5457//10955 5520//10955
f 5521//10956 5520//10956 5457//10956
f 5457//10957 5458//10957 5521//10957
f 5522//10958 5521//10958 5458//10958
f 5459//10959 5523//10959 5458//10959
f 5522//10960 5458//10960 5523//10960
f 5459//10961 5460//10961 5523//10961
f 5524//10962 5523//10962 5460//10962
f 5460//10963 5461//10963 5524//10963
f 5525//10964 5524//10964 5461//10964
f 5461//10965 5462//10965 5525//10965
f 5526//10966 5525//10966 5462//10966
f 5462//10967 5463//10967 5526//10967
f 5527//10968 5526//10968 5463//10968
f 5463//10969 5464//10969 5527//10969
f 5528//10970 5527//10970 5464//10970
f 5464//10971 5465//10971 5528//10971
f 5529//10972 5528//10972 5465//10972
f 5465//10973 5466//10973 5529//10973
f 5530//10974 5529//10974 5466//10974
f 5466//10975 5467//10975 5530//10975
f 5531//10976 5530//10976 5467//10976
f 5467//10977 5468//10977 5531//10977
f 5532//10978 5531//10978 5468//10978
f 5468//10979 5469//10979 5532//10979
f 5533//10980 5532//10980 5469//10980
f 5469//10981 5470//10981 5533//10981
f 5534//10982 5533//10982 5470//10982
f 5470//10983 5471//10983 5534//10983
f 5535//10984 5534//10984 5471//10984
f 5471//10985 5472//10985 5535//10985
f 5536//10986 5535//10986 5472//10986
f 5472//10987 5473//10987 5536//10987
f 5537//10988 5536//10988 5473//10988
f 5474//10989 5475//10989 5538//10989
f 5539//10990 5538//10990 5475//10990
f 5475//10991 5476//10991 5539//10991
f 5540//10992 5539//10992 5476//10992
f 5476//10993 5477//10993 5540//10993
f 5541//10994 5540//10994 5477//10994
f 5477//10995 5478//10995 5541//10995
f 5542//10996 5541//10996 5478//10996
f 5478//10997 5479//10997 5542//10997
f 5543//10998 5542//10998 5479//10998
f 5479//10999 5480//10999 5543//10999
f 5544//11000 5543//11000 5480//11000
f 5480//11001 5481//11001 5544//11001
f 5545//11002 5544//11002 5481//11002
f 5481//11003 5482//11003 5545//11003
f 5546//11004 5545//11004 5482//11004
f 5482//11005 5483//11005 5546//11005
f 5547//11006 5546//11006 5483//11006
f 5483//11007 5484//11007 5547//11007
f 5548//11008 5547//11008 5484//11008
f 5484//11009 5485//11009 5548//11009
f 5549//11010 5548//11010 5485//11010
f 5485//11011 5486//11011 5549//11011
f 5550//11012 5549//11012 5486//11012
f 5486//11013 5487//11013 5550//11013
f 5551//11014 5550//11014 5487//11014
f 5487//11015 5488//11015 5551//11015
f 5552//11016 5551//11016 5488//11016
f 5488//11017 5489//11017 5552//11017
f 5553//11018 5552//11018 5489//11018
f 5489//11019 5490//11019 5553//11019
f 5554//11020 5553//11020 5490//11020
f 5601//11021 5537//11021 5538//11021
f 5474//11022 5538//11022 5537//11022
f 5491//11023 5555//11023 5490//11023
f 5554//11024 5490//11024 5555//11024
f 5491//11025 5492//11025 5555//11025
f 5556//11026 5555//11026 5492//11026
f 5492//11027 5493//11027 5556//11027
f 5557//11028 5556//11028 5493//11028
f 5493//11029 5494//11029 5557//11029
f 5558//11030 5557//11030 5494//11030
f 5494//11031 5495//11031 5558//11031
f 5559//11032 5558//11032 5495//11032
f 5495//11033 5496//11033 5559//11033
f 5560//11034 5559//11034 5496//11034
f 5496//11035 5497//11035 5560//11035
f 5561//11036 5560//11036 5497//11036
f 5497//11037 5498//11037 5561//11037
f 5562//11038 5561//11038 5498//11038
f 5498//11039 5499//11039 5562//11039
f 5563//11040 5562//11040 5499//11040
f 5499//11041 5500//11041 5563//11041
f 5564//11042 5563//11042 5500//11042
f 5500//11043 5501//11043 5564//11043
f 5565//11044 5564//11044 5501//11044
f 5501//11045 5502//11045 5565//11045
f 5566//11046 5565//11046 5502//11046
f 5502//11047 5503//11047 5566//11047
f 5567//11048 5566//11048 5503//11048
f 5503//11049 5504//11049 5567//11049
f 5568//11050 5567//11050 5504//11050
f 5504//11051 5505//11051 5568//11051
f 5569//11052 5568//11052 5505//11052
f 5505//11053 5506//11053 5569//11053
f 5570//11054 5569//11054 5506//11054
f 5507//11055 5571//11055 5506//11055
f 5570//11056 5506//11056 5571//11056
f 5507//11057 5508//11057 5571//11057
f 5572//11058 5571//11058 5508//11058
f 5508//11059 5509//11059 5572//11059
f 5573//11060 5572//11060 5509//11060
f 5509//11061 5510//11061 5573//11061
f 5574//11062 5573//11062 5510//11062
f 5510//11063 5511//11063 5574//11063
f 5575//11064 5574//11064 5511//11064
f 5511//11065 5512//11065 5575//11065
f 5576//11066 5575//11066 5512//11066
f 5512//11067 5513//11067 5576//11067
f 5577//11068 5576//11068 5513//11068
f 5513//11069 5514//11069 5577//11069
f 5578//11070 5577//11070 5514//11070
f 5514//11071 5515//11071 5578//11071
f 5579//11072 5578//11072 5515//11072
f 5515//11073 5516//11073 5579//11073
f 5580//11074 5579//11074 5516//11074
f 5516//11075 5517//11075 5580//11075
f 5581//11076 5580//11076 5517//11076
f 5517//11077 5518//11077 5581//11077
f 5582//11078 5581//11078 5518//11078
f 5518//11079 5519//11079 5582//11079
f 5583//11080 5582//11080 5519//11080
f 5519//11081 5520//11081 5583//11081
f 5584//11082 5583//11082 5520//11082
f 5520//11083 5521//11083 5584//11083
f 5585//11084 5584//11084 5521//11084
f 5521//11085 5522//11085 5585//11085
f 5586//11086 5585//11086 5522//11086
f 5523//11087 5587//11087 5522//11087
f 5586//11088 5522//11088 5587//11088
f 5523//11089 5524//11089 5587//11089
f 5588//11090 5587//11090 5524//11090
f 5524//11091 5525//11091 5588//11091
f 5589//11092 5588//11092 5525//11092
f 5525//11093 5526//11093 5589//11093
f 5590//11094 5589//11094 5526//11094
f 5526//11095 5527//11095 5590//11095
f 5591//11096 5590//11096 5527//11096
f 5527//11097 5528//11097 5591//11097
f 5592//11098 5591//11098 5528//11098
f 5528//11099 5529//11099 5592//11099
f 5593//11100 5592//11100 5529//11100
f 5529//11101 5530//11101 5593//11101
f 5594//11102 5593//11102 5530//11102
f 5530//11103 5531//11103 5594//11103
f 5595//11104 5594//11104 5531//11104
f 5531//11105 5532//11105 5595//11105
f 5596//11106 5595//11106 5532//11106
f 5532//11107 5533//11107 5596//11107
f 5597//11108 5596//11108 5533//11108
f 5533//11109 5534//11109 5597//11109
f 5598//11110 5597//11110 5534//11110
f 5534//11111 5535//11111 5598//11111
f 5599//11112 5598//11112 5535//11112
f 5535//11113 5536//11113 5599//11113
f 5600//11114 5599//11114 5536//11114
f 5536//11115 5537//11115 5600//11115
f 5601//11116 5600//11116 5537//11116
f 5538//11117 5539//11117 5602//11117
f 5603//11118 5602//11118 5539//11118
f 5539//11119 5540//11119 5603//11119
f 5604//11120 5603//11120 5540//11120
f 5540//11121 5541//11121 5604//11121
f 5605//11122 5604//11122 5541//11122
f 5541//11123 5542//11123 5605//11123
f 5606//11124 5605//11124 5542//11124
f 5542//11125 5543//11125 5606//11125
f 5607//11126 5606//11126 5543//11126
f 5543//11127 5544//11127 5607//11127
f 5608//11128 5607//11128 5544//11128
f 5544//11129 5545//11129 5608//11129
f 5609//11130 5608//11130 5545//11130
f 5545//11131 5546//11131 5609//11131
f 5610//11132 5609//11132 5546//11132
f 5546//11133 5547//11133 5610//11133
f 5611//11134 5610//11134 5547//11134
f 5547//11135 5548//11135 5611//11135
f 5612//11136 5611//11136 5548//11136
f 5548//11137 5549//11137 5612//11137
f 5613//11138 5612//11138 5549//11138
f 5549//11139 5550//11139 5613//11139
f 5614//11140 5613//11140 5550//11140
f 5550//11141 5551//11141 5614//11141
f 5615//11142 5614//11142 5551//11142
f 5551//11143 5552//11143 5615//11143
f 5616//11144 5615//11144 5552//11144
f 5552//11145 5553//11145 5616//11145
f 5617//11146 5616//11146 5553//11146
f 5553//11147 5554//11147 5617//11147
f 5618//11148 5617//11148 5554//11148
f 5665//11149 5601//11149 5602//11149
f 5538//11150 5602//11150 5601//11150
f 5555//11151 5619//11151 5554//11151
f 5618//11152 5554//11152 5619//11152
f 5555//11153 5556//11153 5619//11153
f 5620//11154 5619//11154 5556//11154
f 5556//11155 5557//11155 5620//11155
f 5621//11156 5620//11156 5557//11156
f 5557//11157 5558//11157 5621//11157
f 5622//11158 5621//11158 5558//11158
f 5558//11159 5559//11159 5622//11159
f 5623//11160 5622//11160 5559//11160
f 5559//11161 5560//11161 5623//11161
f 5624//11162 5623//11162 5560//11162
f 5560//11163 5561//11163 5624//11163
f 5625//11164 5624//11164 5561//11164
f 5561//11165 5562//11165 5625//11165
f 5626//11166 5625//11166 5562//11166
f 5562//11167 5563//11167 5626//11167
f 5627//11168 5626//11168 5563//11168
f 5563//11169 5564//11169 5627//11169
f 5628//11170 5627//11170 5564//11170
f 5564//11171 5565//11171 5628//11171
f 5629//11172 5628//11172 5565//11172
f 5565//11173 5566//11173 5629//11173
f 5630//11174 5629//11174 5566//11174
f 5566//11175 5567//11175 5630//11175
f 5631//11176 5630//11176 5567//11176
f 5567//11177 5568//11177 5631//11177
f 5632//11178 5631//11178 5568//11178
f 5568//11179 5569//11179 5632//11179
f 5633//11180 5632//11180 5569//11180
f 5569//11181 5570//11181 5633//11181
f 5634//11182 5633//11182 5570//11182
f 5571//11183 5635//11183 5570//11183
f 5634//11184 5570//11184 5635//11184
f 5571//11185 5572//11185 5635//11185
f 5636//11186 5635//11186 5572//11186
f 5572//11187 5573//11187 5636//11187
f 5637//11188 5636//11188 5573//11188
f 5573//11189 5574//11189 5637//11189
f 5638//11190 5637//11190 5574//11190
f 5574//11191 5575//11191 5638//11191
f 5639//11192 5638//11192 5575//11192
f 5575//11193 5576//11193 5639//11193
f 5640//11194 5639//11194 5576//11194
f 5576//11195 5577//11195 5640//11195
f 5641//11196 5640//11196 5577//11196
f 5577//11197 5578//11197 5641//11197
f 5642//11198 5641//11198 5578//11198
f 5578//11199 5579//11199 5642//11199
f 5643//11200 5642//11200 5579//11200
f 5579//11201 5580//11201 5643//11201
f 5644//11202 5643//11202 5580//11202
f 5580//11203 5581//11203 5644//11203
f 5645//11204 5644//11204 5581//11204
f 5581//11205 5582//11205 5645//11205
f 5646//11206 5645//11206 5582//11206
f 5582//11207 5583//11207 5646//11207
f 5647//11208 5646//11208 5583//11208
f 5583//11209 5584//11209 5647//11209
f 5648//11210 5647//11210 5584//11210
f 5584//11211 5585//11211 5648//11211
f 5649//11212 5648//11212 5585//11212
f 5585//11213 5586//11213 5649//11213
f 5650//11214 5649//11214 5586//11214
f 5587//11215 5651//11215 5586//11215
f 5650//11216 5586//11216 5651//11216
f 5587//11217 5588//11217 5651//11217
f 5652//11218 5651//11218 5588//11218
f 5588//11219 5589//11219 5652//11219
f 5653//11220 5652//11220 5589//11220
f 5589//11221 5590//11221 5653//11221
f 5654//11222 5653//11222 5590//11222
f 5590//11223 5591//11223 5654//11223
f 5655//11224 5654//11224 5591//11224
f 5591//11225 5592//11225 5655//11225
f 5656//11226 5655//11226 5592//11226
f 5592//11227 5593//11227 5656//11227
f 5657//11228 5656//11228 5593//11228
f 5593//11229 5594//11229 5657//11229
f 5658//11230 5657//11230 5594//11230
f 5594//11231 5595//11231 5658//11231
f 5659//11232 5658//11232 5595//11232
f 5595//11233 5596//11233 5659//11233
f 5660//11234 5659//11234 5596//11234
f 5596//11235 5597//11235 5660//11235
f 5661//11236 5660//11236 5597//11236
f 5597//11237 5598//11237 5661//11237
f 5662//11238 5661//11238 5598//11238
f 5598//11239 5599//11239 5662//11239
f 5663//11240 5662//11240 5599//11240
f 5599//11241 5600//11241 5663//11241
f 5664//11242 5663//11242 5600//11242
f 5600//11243 5601//11243 5664//11243
f 5665//11244 5664//11244 5601//11244
f 5602//11245 5603//11245 5666//11245
f 5667//11246 5666//11246 5603//11246
f 5603//11247 5604//11247 5667//11247
f 5668//11248 5667//11248 5604//11248
f 5604//11249 5605//11249 5668//11249
f 5669//11250 5668//11250 5605//11250
f 5605//11251 5606//11251 5669//11251
f 5670//11252 5669//11252 5606//11252
f 5606//11253 5607//11253 5670//11253
f 5671//11254 5670//11254 5607//11254
f 5607//11255 5608//11255 5671//11255
f 5672//11256 5671//11256 5608//11256
f 5608//11257 5609//11257 5672//11257
f 5673//11258 5672//11258 5609//11258
f 5609//11259 5610//11259 5673//11259
f 5674//11260 5673//11260 5610//11260
f 5610//11261 5611//11261 5674//11261
f 5675//11262 5674//11262 5611//11262
f 5611//11263 5612//11263 5675//11263
f 5676//11264 5675//11264 5612//11264
f 5612//11265 5613//11265 5676//11265
f 5677//11266 5676//11266 5613//11266
f 5613//11267 5614//11267 5677//11267
f 5678//11268 5677//11268 5614//11268
f 5614//11269 5615//11269 5678//11269
f 5679//11270 5678//11270 5615//11270
f 5615//11271 5616//11271 5679//11271
f 5680//11272 5679//11272 5616//11272
f 5616//11273 5617//11273 5680//11273
f 5681//11274 5680//11274 5617//11274
f 5617//11275 5618//11275 5681//11275
f 5682//11276 5681//11276 5618//11276
f 5729//11277 5665//11277 5666//11277
f 5602//11278 5666//11278 5665//11278
f 5619//11279 5683//11279 5618//11279
f 5682//11280 5618//11280 5683//11280
f 5619//11281 5620//11281 5683//11281
f 5684//11282 5683//11282 5620//11282
f 5620//11283 5621//11283 5684//11283
f 5685//11284 5684//11284 5621//11284
f 5621//11285 5622//11285 5685//11285
f 5686//11286 5685//11286 5622//11286
f 5622//11287 5623//11287 5686//11287
f 5687//11288 5686//11288 5623//11288
f 5623//11289 5624//11289 5687//11289
f 5688//11290 5687//11290 5624//11290
f 5624//11291 5625//11291 5688//11291
f 5689//11292 5688//11292 5625//11292
f 5625//11293 5626//11293 5689//11293
f 5690//11294 5689//11294 5626//11294
f 5626//11295 5627//11295 5690//11295
f 5691//11296 5690//11296 5627//11296
f 5627//11297 5628//11297 5691//11297
f 5692//11298 5691//11298 5628//11298
f 5628//11299 5629//11299 5692//11299
f 5693//11300 5692//11300 5629//11300
f 5629//11301 5630//11301 5693//11301
f 5694//11302 5693//11302 5630//11302
f 5630//11303 5631//11303 5694//11303
f 5695//11304 5694//11304 5631//11304
f 5631//11305 5632//11305 5695//11305
f 5696//11306 5695//11306 5632//11306
f 5632//11307 5633//11307 5696//11307
f 5697//11308 5696//11308 5633//11308
f 5633//11309 5634//11309 5697//11309
f 5698//11310 5697//11310 5634//11310
f 5635//11311 5699//11311 5634//11311
f 5698//11312 5634//11312 5699//11312
f 5635//11313 5636//11313 5699//11313
f 5700//11314 5699//11314 5636//11314
f 5636//11315 5637//11315 5700//11315
f 5701//11316 5700//11316 5637//11316
f 5637//11317 5638//11317 5701//11317
f 5702//11318 5701//11318 5638//11318
f 5638//11319 5639//11319 5702//11319
f 5703//11320 5702//11320 5639//11320
f 5639//11321 5640//11321 5703//11321
f 5704//11322 5703//11322 5640//11322
f 5640//11323 5641//11323 5704//11323
f 5705//11324 5704//11324 5641//11324
f 5641//11325 5642//11325 5705//11325
f 5706//11326 5705//11326 5642//11326
f 5642//11327 5643//11327 5706//11327
f 5707//11328 5706//11328 5643//11328
f 5643//11329 5644//11329 5707//11329
f 5708//11330 5707//11330 5644//11330
f 5644//11331 5645//11331 5708//11331
f 5709//11332 5708//11332 5645//11332
f 5645//11333 5646//11333 5709//11333
f 5710//11334 5709//11334 5646//11334
f 5646//11335 5647//11335 5710//11335
f 5711//11336 5710//11336 5647//11336
f 5647//11337 5648//11337 5711//11337
f 5712//11338 5711//11338 5648//11338
f 5648//11339 5649//11339 5712//11339
f 5713//11340 5712//11340 5649//11340
f 5649//11341 5650//11341 5713//11341
f 5714//11342 5713//11342 5650//11342
f 5651//11343 5715//11343 5650//11343
f 5714//11344 5650//11344 5715//11344
f 5651//11345 5652//11345 5715//11345
f 5716//11346 5715//11346 5652//11346
f 5652//11347 5653//11347 5716//11347
f 5717//11348 5716//11348 5653//11348
f 5653//11349 5654//11349 5717//11349
f 5718//11350 5717//11350 5654//11350
f 5654//11351 5655//11351 5718//11351
f 5719//11352 5718//11352 5655//11352
f 5655//11353 5656//11353 5719//11353
f 5720//11354 5719//11354 5656//11354
f 5656//11355 5657//11355 5720//11355
f 5721//11356 5720//11356 5657//11356
f 5657//11357 5658//11357 5721//11357
f 5722//11358 5721//11358 5658//11358
f 5658//11359 5659//11359 5722//11359
f 5723//11360 5722//11360 5659//11360
f 5659//11361 5660//11361 5723//11361
f 5724//11362 5723//11362 5660//11362
f 5660//11363 5661//11363 5724//11363
f 5725//11364 5724//11364 5661//11364
f 5661//11365 5662//11365 5725//11365
f 5726//11366 5725//11366 5662//11366
f 5662//11367 5663//11367 5726//11367
f 5727//11368 5726//11368 5663//11368
f 5663//11369 5664//11369 5727//11369
f 5728//11370 5727//11370 5664//11370
f 5664//11371 5665//11371 5728//11371
f 5729//11372 5728//11372 5665//11372
f 5666//11373 5667//11373 5730//11373
f 5731//11374 5730//11374 5667//11374
f 5667//11375 5668//11375 5731//11375
f 5732//11376 5731//11376 5668//11376
f 5668//11377 5669//11377 5732//11377
f 5733//11378 5732//11378 5669//11378
f 5669//11379 5670//11379 5733//11379
f 5734//11380 5733//11380 5670//11380
f 5670//11381 5671//11381 5734//11381
f 5735//11382 5734//11382 5671//11382
f 5671//11383 5672//11383 5735//11383
f 5736//11384 5735//11384 5672//11384
f 5672//11385 5673//11385 5736//11385
f 5737//11386 5736//11386 5673//11386
f 5673//11387 5674//11387 5737//11387
f 5738//11388 5737//11388 5674//11388
f 5674//11389 5675//11389 5738//11389
f 5739//11390 5738//11390 5675//11390
f 5675//11391 5676//11391 5739//11391
f 5740//11392 5739//11392 5676//11392
f 5676//11393 5677//11393 5740//11393
f 5741//11394 5740//11394 5677//11394
f 5677//11395 5678//11395 5741//11395
f 5742//11396 5741//11396 5678//11396
f 5678//11397 5679//11397 5742//11397
f 5743//11398 5742//11398 5679//11398
f 5679//11399 5680//11399 5743//11399
f 5744//11400 5743//11400 5680//11400
f 5680//11401 5681//11401 5744//11401
f 5745//11402 5744//11402 5681//11402
f 5681//11403 5682//11403 5745//11403
f 5746//11404 5745//11404 5682//11404
f 5793//11405 5729//11405 5730//11405
f 5666//11406 5730//11406 5729//11406
f 5683//11407 5747//11407 5682//11407
f 5746//11408 5682//11408 5747//11408
f 5683//11409 5684//11409 5747//11409
f 5748//11410 5747//11410 5684//11410
f 5684//11411 5685//11411 5748//11411
f 5749//11412 5748//11412 5685//11412
f 5685//11413 5686//11413 5749//11413
f 5750//11414 5749//11414 5686//11414
f 5686//11415 5687//11415 5750//11415
f 5751//11416 5750//11416 5687//11416
f 5687//11417 5688//11417 5751//11417
f 5752//11418 5751//11418 5688//11418
f 5688//11419 5689//11419 5752//11419
f 5753//11420 5752//11420 5689//11420
f 5689//11421 5690//11421 5753//11421
f 5754//11422 5753//11422 5690//11422
f 5690//11423 5691//11423 5754//11423
f 5755//11424 5754//11424 5691//11424
f 5691//11425 5692//11425 5755//11425
f 5756//11426 5755//11426 5692//11426
f 5692//11427 5693//11427 5756//11427
f 5757//11428 5756//11428 5693//11428
f 5693//11429 5694//11429 5757//11429
f 5758//11430 5757//11430 5694//11430
f 5694//11431 5695//11431 5758//11431
f 5759//11432 5758//11432 5695//11432
f 5695//11433 5696//11433 5759//11433
f 5760//11434 5759//11434 5696//11434
f 5696//11435 5697//11435 5760//11435
f 5761//11436 5760//11436 5697//11436
f 5697//11437 5698//11437 5761//11437
f 5762//11438 5761//11438 5698//11438
f 5699//11439 5763//11439 5698//11439
f 5762//11440 5698//11440 5763//11440
f 5699//11441 5700//11441 5763//11441
f 5764//11442 5763//11442 5700//11442
f 5700//11443 5701//11443 5764//11443
f 5765//11444 5764//11444 5701//11444
f 5701//11445 5702//11445 5765//11445
f 5766//11446 5765//11446 5702//11446
f 5702//11447 5703//11447 5766//11447
f 5767//11448 5766//11448 5703//11448
f 5703//11449 5704//11449 5767//11449
f 5768//11450 5767//11450 5704//11450
f 5704//11451 5705//11451 5768//11451
f 5769//11452 5768//11452 5705//11452
f 5705//11453 5706//11453 5769//11453
f 5770//11454 5769//11454 5706//11454
f 5706//11455 5707//11455 5770//11455
f 5771//11456 5770//11456 5707//11456
f 5707//11457 5708//11457 5771//11457
f 5772//11458 5771//11458 5708//11458
f 5708//11459 5709//11459 5772//11459
f 5773//11460 5772//11460 5709//11460
f 5709//11461 5710//11461 5773//11461
f 5774//11462 5773//11462 5710//11462
f 5710//11463 5711//11463 5774//11463
f 5775//11464 5774//11464 5711//11464
f 5711//11465 5712//11465 5775//11465
f 5776//11466 5775//11466 5712//11466
f 5712//11467 5713//11467 5776//11467
f 5777//11468 5776//11468 5713//11468
f 5713//11469 5714//11469 5777//11469
f 5778//11470 5777//11470 5714//11470
f 5715//11471 5779//11471 5714//11471
f 5778//11472 5714//11472 5779//11472
f 5715//11473 5716//11473 5779//11473
f 5780//11474 5779//11474 5716//11474
f 5716//11475 5717//11475 5780//11475
f 5781//11476 5780//11476 5717//11476
f 5717//11477 5718//11477 5781//11477
f 5782//11478 5781//11478 5718//11478
f 5718//11479 5719//11479 5782//11479
f 5783//11480 5782//11480 5719//11480
f 5719//11481 5720//11481 5783//11481
f 5784//11482 5783//11482 5720//11482
f 5720//11483 5721//11483 5784//11483
f 5785//11484 5784//11484 5721//11484
f 5721//11485 5722//11485 5785//11485
f 5786//11486 5785//11486 5722//11486
f 5722//11487 5723//11487 5786//11487
f 5787//11488 5786//11488 5723//11488
f 5723//11489 5724//11489 5787//11489
f 5788//11490 5787//11490 5724//11490
f 5724//11491 5725//11491 5788//11491
f 5789//11492 5788//11492 5725//11492
f 5725//11493 5726//11493 5789//11493
f 5790//11494 5789//11494 5726//11494
f 5726//11495 5727//11495 5790//11495
f 5791//11496 5790//11496 5727//11496
f 5727//11497 5728//11497 5791//11497
f 5792//11498 5791//11498 5728//11498
f 5728//11499 5729//11499 5792//11499
f 5793//11500 5792//11500 5729//11500
f 5730//11501 5731//11501 5794//11501
f 5795//11502 5794//11502 5731//11502
f 5731//11503 5732//11503 5795//11503
f 5796//11504 5795//11504 5732//11504
f 5732//11505 5733//11505 5796//11505
f 5797//11506 5796//11506 5733//11506
f 5733//11507 5734//11507 5797//11507
f 5798//11508 5797//11508 5734//11508
f 5734//11509 5735//11509 5798//11509
f 5799//11510 5798//11510 5735//11510
f 5735//11511 5736//11511 5799//11511
f 5800//11512 5799//11512 5736//11512
f 5736//11513 5737//11513 5800//11513
f 5801//11514 5800//11514 5737//11514
f 5737//11515 5738//11515 5801//11515
f 5802//11516 5801//11516 5738//11516
f 5738//11517 5739//11517 5802//11517
f 5803//11518 5802//11518 5739//11518
f 5739//11519 5740//11519 5803//11519
f 5804//11520 5803//11520 5740//11520
f 5740//11521 5741//11521 5804//11521
f 5805//11522 5804//11522 5741//11522
f 5741//11523 5742//11523 5805//11523
f 5806//11524 5805//11524 5742//11524
f 5742//11525 5743//11525 5806//11525
f 5807//11526 5806//11526 5743//11526
f 5743//11527 5744//11527 5807//11527
f 5808//11528 5807//11528 5744//11528
f 5744//11529 5745//11529 5808//11529
f 5809//11530 5808//11530 5745//11530
f 5745//11531 5746//11531 5809//11531
f 5810//11532 5809//11532 5746//11532
f 5857//11533 5793//11533 5794//11533
f 5730//11534 5794//11534 5793//11534
f 5747//11535 5811//11535 5746//11535
f 5810//11536 5746//11536 5811//11536
f 5747//11537 5748//11537 5811//11537
f 5812//11538 5811//11538 5748//11538
f 5748//11539 5749//11539 5812//11539
f 5813//11540 5812//11540 5749//11540
f 5749//11541 5750//11541 5813//11541
f 5814//11542 5813//11542 5750//11542
f 5750//11543 5751//11543 5814//11543
f 5815//11544 5814//11544 5751//11544
f 5751//11545 5752//11545 5815//11545
f 5816//11546 5815//11546 5752//11546
f 5752//11547 5753//11547 5816//11547
f 5817//11548 5816//11548 5753//11548
f 5753//11549 5754//11549 5817//11549
f 5818//11550 5817//11550 5754//11550
f 5754//11551 5755//11551 5818//11551
f 5819//11552 5818//11552 5755//11552
f 5755//11553 5756//11553 5819//11553
f 5820//11554 5819//11554 5756//11554
f 5756//11555 5757//11555 5820//11555
f 5821//11556 5820//11556 5757//11556
f 5757//11557 5758//11557 5821//11557
f 5822//11558 5821//11558 5758//11558
f 5758//11559 5759//11559 5822//11559
f 5823//11560 5822//11560 5759//11560
f 5759//11561 5760//11561 5823//11561
f 5824//11562 5823//11562 5760//11562
f 5760//11563 5761//11563 5824//11563
f 5825//11564 5824//11564 5761//11564
f 5761//11565 5762//11565 5825//11565
f 5826//11566 5825//11566 5762//11566
f 5763//11567 5827//11567 5762//11567
f 5826//11568 5762//11568 5827//11568
f 5763//11569 5764//11569 5827//11569
f 5828//11570 5827//11570 5764//11570
f 5764//11571 5765//11571 5828//11571
f 5829//11572 5828//11572 5765//11572
f 5765//11573 5766//11573 5829//11573
f 5830//11574 5829//11574 5766//11574
f 5766//11575 5767//11575 5830//11575
f 5831//11576 5830//11576 5767//11576
f 5767//11577 5768//11577 5831//11577
f 5832//11578 5831//11578 5768//11578
f 5768//11579 5769//11579 5832//11579
f 5833//11580 5832//11580 5769//11580
f 5769//11581 5770//11581 5833//11581
f 5834//11582 5833//11582 5770//11582
f 5770//11583 5771//11583 5834//11583
f 5835//11584 5834//11584 5771//11584
f 5771//11585 5772//11585 5835//11585
f 5836//11586 5835//11586 5772//11586
f 5772//11587 5773//11587 5836//11587
f 5837//11588 5836//11588 5773//11588
f 5773//11589 5774//11589 5837//11589
f 5838//11590 5837//11590 5774//11590
f 5774//11591 5775//11591 5838//11591
f 5839//11592 5838//11592 5775//11592
f 5775//11593 5776//11593 5839//11593
f 5840//11594 5839//11594 5776//11594
f 5776//11595 5777//11595 5840//11595
f 5841//11596 5840//11596 5777//11596
f 5777//11597 5778//11597 5841//11597
f 5842//11598 5841//11598 5778//11598
f 5779//11599 5843//11599 5778//11599
f 5842//11600 5778//11600 5843//11600
f 5779//11601 5780//11601 5843//11601
f 5844//11602 5843//11602 5780//11602
f 5780//11603 5781//11603 5844//11603
f 5845//11604 5844//11604 5781//11604
f 5781//11605 5782//11605 5845//11605
f 5846//11606 5845//11606 5782//11606
f 5782//11607 5783//11607 5846//11607
f 5847//11608 5846//11608 5783//11608
f 5783//11609 5784//11609 5847//11609
f 5848//11610 5847//11610 5784//11610
f 5784//11611 5785//11611 5848//11611
f 5849//11612 5848//11612 5785//11612
f 5785//11613 5786//11613 5849//11613
f 5850//11614 5849//11614 5786//11614
f 5786//11615 5787//11615 5850//11615
f 5851//11616 5850//11616 5787//11616
f 5787//11617 5788//11617 5851//11617
f 5852//11618 5851//11618 5788//11618
f 5788//11619 5789//11619 5852//11619
f 5853//11620 5852//11620 5789//11620
f 5789//11621 5790//11621 5853//11621
f 5854//11622 5853//11622 5790//11622
f 5790//11623 5791//11623 5854//11623
f 5855//11624 5854//11624 5791//11624
f 5791//11625 5792//11625 5855//11625
f 5856//11626 5855//11626 5792//11626
f 5792//11627 5793//11627 5856//11627
f 5857//11628 5856//11628 5793//11628
f 5794//11629 5795//11629 5858//11629
f 5859//11630 5858//11630 5795//11630
f 5795//11631 5796//11631 5859//11631
f 5860//11632 5859//11632 5796//11632
f 5796//11633 5797//11633 5860//11633
f 5861//11634 5860//11634 5797//11634
f 5797//11635 5798//11635 5861//11635
f 5862//11636 5861//11636 5798//11636
f 5798//11637 5799//11637 5862//11637
f 5863//11638 5862//11638 5799//11638
f 5799//11639 5800//11639 5863//11639
f 5864//11640 5863//11640 5800//11640
f 5800//11641 5801//11641 5864//11641
f 5865//11642 5864//11642 5801//11642
f 5801//11643 5802//11643 5865//11643
f 5866//11644 5865//11644 5802//11644
f 5802//11645 5803//11645 5866//11645
f 5867//11646 5866//11646 5803//11646
f 5803//11647 5804//11647 5867//11647
f 5868//11648 5867//11648 5804//11648
f 5804//11649 5805//11649 5868//11649
f 5869//11650 5868//11650 5805//11650
f 5805//11651 5806//11651 5869//11651
f 5870//11652 5869//11652 5806//11652
f 5806//11653 5807//11653 5870//11653
f 5871//11654 5870//11654 5807//11654
f 5807//11655 5808//11655 5871//11655
f 5872//11656 5871//11656 5808//11656
f 5808//11657 5809//11657 5872//11657
f 5873//11658 5872//11658 5809//11658
f 5809//11659 5810//11659 5873//11659
f 5874//11660 5873//11660 5810//11660
f 5921//11661 5857//11661 5858//11661
f 5794//11662 5858//11662 5857//11662
f 5811//11663 5875//11663 5810//11663
f 5874//11664 5810//11664 5875//11664
f 5811//11665 5812//11665 5875//11665
f 5876//11666 5875//11666 5812//11666
f 5812//11667 5813//11667 5876//11667
f 5877//11668 5876//11668 5813//11668
f 5813//11669 5814//11669 5877//11669
f 5878//11669 5877//11669 5814//11669
f 5814//11670 5815//11670 5878//11670
f 5879//11671 5878//11671 5815//11671
f 5815//11672 5816//11672 5879//11672
f 5880//11673 5879//11673 5816//11673
f 5816//11674 5817//11674 5880//11674
f 5881//11675 5880//11675 5817//11675
f 5817//11676 5818//11676 5881//11676
f 5882//11677 5881//11677 5818//11677
f 5818//11678 5819//11678 5882//11678
f 5883//11679 5882//11679 5819//11679
f 5819//11680 5820//11680 5883//11680
f 5884//11681 5883//11681 5820//11681
f 5820//11682 5821//11682 5884//11682
f 5885//11683 5884//11683 5821//11683
f 5821//11684 5822//11684 5885//11684
f 5886//11685 5885//11685 5822//11685
f 5822//11686 5823//11686 5886//11686
f 5887//11687 5886//11687 5823//11687
f 5823//11688 5824//11688 5887//11688
f 5888//11689 5887//11689 5824//11689
f 5824//11690 5825//11690 5888//11690
f 5889//11691 5888//11691 5825//11691
f 5825//11692 5826//11692 5889//11692
f 5890//11693 5889//11693 5826//11693
f 5827//11694 5891//11694 5826//11694
f 5890//11695 5826//11695 5891//11695
f 5827//11696 5828//11696 5891//11696
f 5892//11697 5891//11697 5828//11697
f 5828//11698 5829//11698 5892//11698
f 5893//11699 5892//11699 5829//11699
f 5829//11700 5830//11700 5893//11700
f 5894//11701 5893//11701 5830//11701
f 5830//11702 5831//11702 5894//11702
f 5895//11703 5894//11703 5831//11703
f 5831//11704 5832//11704 5895//11704
f 5896//11705 5895//11705 5832//11705
f 5832//11706 5833//11706 5896//11706
f 5897//11707 5896//11707 5833//11707
f 5833//11708 5834//11708 5897//11708
f 5898//11709 5897//11709 5834//11709
f 5834//11710 5835//11710 5898//11710
f 5899//11711 5898//11711 5835//11711
f 5835//11712 5836//11712 5899//11712
f 5900//11713 5899//11713 5836//11713
f 5836//11714 5837//11714 5900//11714
f 5901//11715 5900//11715 5837//11715
f 5837//11716 5838//11716 5901//11716
f 5902//11717 5901//11717 5838//11717
f 5838//11718 5839//11718 5902//11718
f 5903//11719 5902//11719 5839//11719
f 5839//11720 5840//11720 5903//11720
f 5904//11721 5903//11721 5840//11721
f 5840//11722 5841//11722 5904//11722
f 5905//11723 5904//11723 5841//11723
f 5841//11724 5842//11724 5905//11724
f 5906//11725 5905//11725 5842//11725
f 5843//11726 5907//11726 5842//11726
f 5906//11727 5842//11727 5907//11727
f 5843//11728 5844//11728 5907//11728
f 5908//11729 5907//11729 5844//11729
f 5844//11730 5845//11730 5908//11730
f 5909//11731 5908//11731 5845//11731
f 5845//11732 5846//11732 5909//11732
f 5910//11733 5909//11733 5846//11733
f 5846//11734 5847//11734 5910//11734
f 5911//11735 5910//11735 5847//11735
f 5847//11736 5848//11736 5911//11736
f 5912//11737 5911//11737 5848//11737
f 5848//11738 5849//11738 5912//11738
f 5913//11739 5912//11739 5849//11739
f 5849//11740 5850//11740 5913//11740
f 5914//11741 5913//11741 5850//11741
f 5850//11742 5851//11742 5914//11742
f 5915//11743 5914//11743 5851//11743
f 5851//11744 5852//11744 5915//11744
f 5916//11745 5915//11745 5852//11745
f 5852//11746 5853//11746 5916//11746
f 5917//11747 5916//11747 5853//11747
f 5853//11748 5854//11748 5917//11748
f 5918//11749 5917//11749 5854//11749
f 5854//11750 5855//11750 5918//11750
f 5919//11751 5918//11751 5855//11751
f 5855//11752 5856//11752 5919//11752
f 5920//11753 5919//11753 5856//11753
f 5856//11754 5857//11754 5920//11754
f 5921//11755 5920//11755 5857//11755
f 5858//11756 5859//11756 5922//11756
f 5923//11757 5922//11757 5859//11757
f 5859//11758 5860//11758 5923//11758
f 5924//11759 5923//11759 5860//11759
f 5860//11760 5861//11760 5924//11760
f 5925//11761 5924//11761 5861//11761
f 5861//11762 5862//11762 5925//11762
f 5926//11763 5925//11763 5862//11763
f 5862//11764 5863//11764 5926//11764
f 5927//11765 5926//11765 5863//11765
f 5863//11766 5864//11766 5927//11766
f 5928//11767 5927//11767 5864//11767
f 5864//11768 5865//11768 5928//11768
f 5929//11769 5928//11769 5865//11769
f 5865//11770 5866//11770 5929//11770
f 5930//11771 5929//11771 5866//11771
f 5866//11772 5867//11772 5930//11772
f 5931//11773 5930//11773 5867//11773
f 5867//11774 5868//11774 5931//11774
f 5932//11775 5931//11775 5868//11775
f 5868//11776 5869//11776 5932//11776
f 5933//11777 5932//11777 5869//11777
f 5869//11778 5870//11778 5933//11778
f 5934//11779 5933//11779 5870//11779
f 5870//11780 5871//11780 5934//11780
f 5935//11781 5934//11781 5871//11781
f 5871//11782 5872//11782 5935//11782
f 5936//11783 5935//11783 5872//11783
f 5872//11784 5873//11784 5936//11784
f 5937//11785 5936//11785 5873//11785
f 5873//11786 5874//11786 5937//11786
f 5938//11787 5937//11787 5874//11787
f 5985//11788 5921//11788 5922//11788
f 5858//11789 5922//11789 5921//11789
f 5875//11790 5939//11790 5874//11790
f 5938//11791 5874//11791 5939//11791
f 5875//11792 5876//11792 5939//11792
f 5940//11793 5939//11793 5876//11793
f 5876//11794 5877//11794 5940//11794
f 5941//11795 5940//11795 5877//11795
f 5877//11796 5878//11796 5941//11796
f 5942//11797 5941//11797 5878//11797
f 5878//11798 5879//11798 5942//11798
f 5943//11799 5942//11799 5879//11799
f 5879//11800 5880//11800 5943//11800
f 5944//11801 5943//11801 5880//11801
f 5880//11802 5881//11802 5944//11802
f 5945//11803 5944//11803 5881//11803
f 5881//11804 5882//11804 5945//11804
f 5946//11805 5945//11805 5882//11805
f 5882//11806 5883//11806 5946//11806
f 5947//11807 5946//11807 5883//11807
f 5883//11808 5884//11808 5947//11808
f 5948//11809 5947//11809 5884//11809
f 5884//11810 5885//11810 5948//11810
f 5949//11811 5948//11811 5885//11811
f 5885//11812 5886//11812 5949//11812
f 5950//11813 5949//11813 5886//11813
f 5886//11814 5887//11814 5950//11814
f 5951//11815 5950//11815 5887//11815
f 5887//11816 5888//11816 5951//11816
f 5952//11817 5951//11817 5888//11817
f 5888//11818 5889//11818 5952//11818
f 5953//11819 5952//11819 5889//11819
f 5889//11820 5890//11820 5953//11820
f 5954//11821 5953//11821 5890//11821
f 5891//11822 5955//11822 5890//11822
f 5954//11823 5890//11823 5955//11823
f 5891//11824 5892//11824 5955//11824
f 5956//11825 5955//11825 5892//11825
f 5892//11826 5893//11826 5956//11826
f 5957//11827 5956//11827 5893//11827
f 5893//11828 5894//11828 5957//11828
f 5958//11829 5957//11829 5894//11829
f 5894//11830 5895//11830 5958//11830
f 5959//11831 5958//11831 5895//11831
f 5895//11832 5896//11832 5959//11832
f 5960//11833 5959//11833 5896//11833
f 5896//11834 5897//11834 5960//11834
f 5961//11835 5960//11835 5897//11835
f 5897//11836 5898//11836 5961//11836
f 5962//11837 5961//11837 5898//11837
f 5898//11838 5899//11838 5962//11838
f 5963//11839 5962//11839 5899//11839
f 5899//11840 5900//11840 5963//11840
f 5964//11841 5963//11841 5900//11841
f 5900//11842 5901//11842 5964//11842
f 5965//11843 5964//11843 5901//11843
f 5901//11844 5902//11844 5965//11844
f 5966//11845 5965//11845 5902//11845
f 5902//11846 5903//11846 5966//11846
f 5967//11847 5966//11847 5903//11847
f 5903//11848 5904//11848 5967//11848
f 5968//11849 5967//11849 5904//11849
f 5904//11850 5905//11850 5968//11850
f 5969//11851 5968//11851 5905//11851
f 5905//11852 5906//11852 5969//11852
f 5970//11853 5969//11853 5906//11853
f 5907//11854 5971//11854 5906//11854
f 5970//11855 5906//11855 5971//11855
f 5907//11856 5908//11856 5971//11856
f 5972//11857 5971//11857 5908//11857
f 5908//11858 5909//11858 5972//11858
f 5973//11859 5972//11859 5909//11859
f 5909//11860 5910//11860 5973//11860
f 5974//11861 5973//11861 5910//11861
f 5910//11862 5911//11862 5974//11862
f 5975//11863 5974//11863 5911//11863
f 5911//11864 5912//11864 5975//11864
f 5976//11865 5975//11865 5912//11865
f 5912//11866 5913//11866 5976//11866
f 5977//11867 5976//11867 5913//11867
f 5913//11868 5914//11868 5977//11868
f 5978//11869 5977//11869 5914//11869
f 5914//11870 5915//11870 5978//11870
f 5979//11871 5978//11871 5915//11871
f 5915//11872 5916//11872 5979//11872
f 5980//11873 5979//11873 5916//11873
f 5916//11874 5917//11874 5980//11874
f 5981//11875 5980//11875 5917//11875
f 5917//11876 5918//11876 5981//11876
f 5982//11877 5981//11877 5918//11877
f 5918//11878 5919//11878 5982//11878
f 5983//11879 5982//11879 5919//11879
f 5919//11880 5920//11880 5983//11880
f 5984//11881 5983//11881 5920//11881
f 5920//11882 5921//11882 5984//11882
f 5985//11883 5984//11883 5921//11883
f 5922//11884 5923//11884 5986//11884
f 5987//11885 5986//11885 5923//11885
f 5923//11886 5924//11886 5987//11886
f 5988//11887 5987//11887 5924//11887
f 5924//11888 5925//11888 5988//11888
f 5989//11889 5988//11889 5925//11889
f 5925//11890 5926//11890 5989//11890
f 5990//11891 5989//11891 5926//11891
f 5926//11892 5927//11892 5990//11892
f 5991//11893 5990//11893 5927//11893
f 5927//11894 5928//11894 5991//11894
f 5992//11895 5991//11895 5928//11895
f 5928//11896 5929//11896 5992//11896
f 5993//11897 5992//11897 5929//11897
f 5929//11898 5930//11898 5993//11898
f 5994//11899 5993//11899 5930//11899
f 5930//11900 5931//11900 5994//11900
f 5995//11901 5994//11901 5931//11901
f 5931//11902 5932//11902 5995//11902
f 5996//11903 5995//11903 5932//11903
f 5932//11904 5933//11904 5996//11904
f 5997//11905 5996//11905 5933//11905
f 5933//11906 5934//11906 5997//11906
f 5998//11907 5997//11907 5934//11907
f 5934//11908 5935//11908 5998//11908
f 5999//11909 5998//11909 5935//11909
f 5935//11910 5936//11910 5999//11910
f 6000//11911 5999//11911 5936//11911
f 5936//11912 5937//11912 6000//11912
f 6001//11913 6000//11913 5937//11913
f 5937//11914 5938//11914 6001//11914
f 6002//11915 6001//11915 5938//11915
f 6049//11916 5985//11916 5986//11916
f 5922//11917 5986//11917 5985//11917
f 5939//11918 6003//11918 5938//11918
f 6002//11919 5938//11919 6003//11919
f 5939//11920 5940//11920 6003//11920
f 6004//11921 6003//11921 5940//11921
f 5940//11922 5941//11922 6004//11922
f 6005//11923 6004//11923 5941//11923
f 5941//11924 5942//11924 6005//11924
f 6006//11925 6005//11925 5942//11925
f 5942//11926 5943//11926 6006//11926
f 6007//11927 6006//11927 5943//11927
f 5943//11928 5944//11928 6007//11928
f 6008//11929 6007//11929 5944//11929
f 5944//11930 5945//11930 6008//11930
f 6009//11931 6008//11931 5945//11931
f 5945//11931 5946//11931 6009//11931
f 6010//11932 6009//11932 5946//11932
f 5946//11933 5947//11933 6010//11933
f 6011//11934 6010//11934 5947//11934
f 5947//11935 5948//11935 6011//11935
f 6012//11936 6011//11936 5948//11936
f 5948//11937 5949//11937 6012//11937
f 6013//11938 6012//11938 5949//11938
f 5949//11939 5950//11939 6013//11939
f 6014//11940 6013//11940 5950//11940
f 5950//11941 5951//11941 6014//11941
f 6015//11942 6014//11942 5951//11942
f 5951//11943 5952//11943 6015//11943
f 6016//11944 6015//11944 5952//11944
f 5952//11945 5953//11945 6016//11945
f 6017//11946 6016//11946 5953//11946
f 5953//11947 5954//11947 6017//11947
f 6018//11948 6017//11948 5954//11948
f 5955//11949 6019//11949 5954//11949
f 6018//11950 5954//11950 6019//11950
f 5955//11951 5956//11951 6019//11951
f 6020//11952 6019//11952 5956//11952
f 5956//11953 5957//11953 6020//11953
f 6021//11954 6020//11954 5957//11954
f 5957//11955 5958//11955 6021//11955
f 6022//11956 6021//11956 5958//11956
f 5958//11957 5959//11957 6022//11957
f 6023//11958 6022//11958 5959//11958
f 5959//11959 5960//11959 6023//11959
f 6024//11960 6023//11960 5960//11960
f 5960//11961 5961//11961 6024//11961
f 6025//11962 6024//11962 5961//11962
f 5961//11963 5962//11963 6025//11963
f 6026//11964 6025//11964 5962//11964
f 5962//11965 5963//11965 6026//11965
f 6027//11966 6026//11966 5963//11966
f 5963//11967 5964//11967 6027//11967
f 6028//11968 6027//11968 5964//11968
f 5964//11969 5965//11969 6028//11969
f 6029//11970 6028//11970 5965//11970
f 5965//11971 5966//11971 6029//11971
f 6030//11972 6029//11972 5966//11972
f 5966//11973 5967//11973 6030//11973
f 6031//11974 6030//11974 5967//11974
f 5967//11975 5968//11975 6031//11975
f 6032//11976 6031//11976 5968//11976
f 5968//11977 5969//11977 6032//11977
f 6033//11978 6032//11978 5969//11978
f 5969//11979 5970//11979 6033//11979
f 6034//11980 6033//11980 5970//11980
f 5971//11981 6035//11981 5970//11981
f 6034//11982 5970//11982 6035//11982
f 5971//11983 5972//11983 6035//11983
f 6036//11984 6035//11984 5972//11984
f 5972//11985 5973//11985 6036//11985
f 6037//11986 6036//11986 5973//11986
f 5973//11987 5974//11987 6037//11987
f 6038//11988 6037//11988 5974//11988
f 5974//11989 5975//11989 6038//11989
f 6039//11990 6038//11990 5975//11990
f 5975//11991 5976//11991 6039//11991
f 6040//11992 6039//11992 5976//11992
f 5976//11993 5977//11993 6040//11993
f 6041//11994 6040//11994 5977//11994
f 5977//11995 5978//11995 6041//11995
f 6042//11996 6041//11996 5978//11996
f 5978//11997 5979//11997 6042//11997
f 6043//11998 6042//11998 5979//11998
f 5979//11873 5980//11873 6043//11873
f 6044//11999 6043//11999 5980//11999
f 5980//12000 5981//12000 6044//12000
f 6045//12001 6044//12001 5981//12001
f 5981//12002 5982//12002 6045//12002
f 6046//12003 6045//12003 5982//12003
f 5982//12004 5983//12004 6046//12004
f 6047//12005 6046//12005 5983//12005
f 5983//12006 5984//12006 6047//12006
f 6048//12007 6047//12007 5984//12007
f 5984//12008 5985//12008 6048//12008
f 6049//12009 6048//12009 5985//12009
f 6067//12010 6068//12010 6050//12010
f 6051//12011 6050//12011 6068//12011
f 6500//12011 6339//12011 6051//12011
f 6050//12012 6051//12012 6339//12012
f 6068//12013 6069//12013 6051//12013
f 6052//12014 6051//12014 6069//12014
f 6499//12015 6500//12015 6052//12015
f 6051//12011 6052//12011 6500//12011
f 6069//12016 6070//12016 6052//12016
f 6053//12017 6052//12017 6070//12017
f 6498//12018 6499//12018 6053//12018
f 6052//12019 6053//12019 6499//12019
f 6070//12020 6071//12020 6053//12020
f 6054//12021 6053//12021 6071//12021
f 6497//12022 6498//12022 6054//12022
f 6053//12023 6054//12023 6498//12023
f 6071//12024 6072//12024 6054//12024
f 6055//12025 6054//12025 6072//12025
f 6496//12026 6497//12026 6055//12026
f 6054//12027 6055//12027 6497//12027
f 6072//12028 6073//12028 6055//12028
f 6056//12029 6055//12029 6073//12029
f 6495//12030 6496//12030 6056//12030
f 6055//12031 6056//12031 6496//12031
f 6073//12032 6074//12032 6056//12032
f 6057//12033 6056//12033 6074//12033
f 6494//12034 6495//12034 6057//12034
f 6056//12035 6057//12035 6495//12035
f 6074//12036 6075//12036 6057//12036
f 6058//12037 6057//12037 6075//12037
f 6493//12038 6494//12038 6058//12038
f 6057//12039 6058//12039 6494//12039
f 6075//12040 6076//12040 6058//12040
f 6059//12041 6058//12041 6076//12041
f 6492//12042 6493//12042 6059//12042
f 6058//12043 6059//12043 6493//12043
f 6076//12044 6077//12044 6059//12044
f 6060//12045 6059//12045 6077//12045
f 6491//12046 6492//12046 6060//12046
f 6059//12047 6060//12047 6492//12047
f 6077//12048 6078//12048 6060//12048
f 6061//12049 6060//12049 6078//12049
f 6490//12050 6491//12050 6061//12050
f 6060//12051 6061//12051 6491//12051
f 6078//12052 6079//12052 6061//12052
f 6062//12053 6061//12053 6079//12053
f 6489//12054 6490//12054 6062//12054
f 6061//12055 6062//12055 6490//12055
f 6079//12056 6080//12056 6062//12056
f 6063//12057 6062//12057 6080//12057
f 6488//12058 6489//12058 6063//12058
f 6062//12059 6063//12059 6489//12059
f 6080//12060 6081//12060 6063//12060
f 6064//12061 6063//12061 6081//12061
f 6487//12062 6488//12062 6064//12062
f 6063//12063 6064//12063 6488//12063
f 6081//12064 6082//12064 6064//12064
f 6065//12065 6064//12065 6082//12065
f 6486//12066 6487//12066 6065//12066
f 6064//12067 6065//12067 6487//12067
f 6082//12068 6083//12068 6065//12068
f 6066//12069 6065//12069 6083//12069
f 6453//12070 6486//12070 6066//12070
f 6065//12071 6066//12071 6486//12071
f 6084//12072 6085//12072 6067//12072
f 6068//12073 6067//12073 6085//12073
f 6085//12074 6086//12074 6068//12074
f 6069//12075 6068//12075 6086//12075
f 6086//12076 6087//12076 6069//12076
f 6070//12077 6069//12077 6087//12077
f 6087//12078 6088//12078 6070//12078
f 6071//12079 6070//12079 6088//12079
f 6088//12080 6089//12080 6071//12080
f 6072//12080 6071//12080 6089//12080
f 6089//12081 6090//12081 6072//12081
f 6073//12082 6072//12082 6090//12082
f 6090//12083 6091//12083 6073//12083
f 6074//12084 6073//12084 6091//12084
f 6091//12085 6092//12085 6074//12085
f 6075//12086 6074//12086 6092//12086
f 6092//12087 6093//12087 6075//12087
f 6076//12088 6075//12088 6093//12088
f 6093//12089 6094//12089 6076//12089
f 6077//12090 6076//12090 6094//12090
f 6094//12091 6095//12091 6077//12091
f 6078//12092 6077//12092 6095//12092
f 6095//12093 6096//12093 6078//12093
f 6079//12094 6078//12094 6096//12094
f 6096//12095 6097//12095 6079//12095
f 6080//12096 6079//12096 6097//12096
f 6097//12097 6098//12097 6080//12097
f 6081//12098 6080//12098 6098//12098
f 6098//12099 6099//12099 6081//12099
f 6082//12100 6081//12100 6099//12100
f 6099//12101 6100//12101 6082//12101
f 6083//12102 6082//12102 6100//12102
f 6101//12103 6102//12103 6084//12103
f 6085//12104 6084//12104 6102//12104
f 6102//12105 6103//12105 6085//12105
f 6086//12076 6085//12076 6103//12076
f 6103//12076 6104//12076 6086//12076
f 6087//12076 6086//12076 6104//12076
f 6104//12076 6105//12076 6087//12076
f 6088//12106 6087//12106 6105//12106
f 6105//12107 6106//12107 6088//12107
f 6089//12108 6088//12108 6106//12108
f 6106//12109 6107//12109 6089//12109
f 6090//12110 6089//12110 6107//12110
f 6107//12085 6108//12085 6090//12085
f 6091//12111 6090//12111 6108//12111
f 6108//12112 6109//12112 6091//12112
f 6092//12113 6091//12113 6109//12113
f 6109//12114 6110//12114 6092//12114
f 6093//12115 6092//12115 6110//12115
f 6110//12116 6111//12116 6093//12116
f 6094//12117 6093//12117 6111//12117
f 6111//12118 6112//12118 6094//12118
f 6095//12119 6094//12119 6112//12119
f 6112//12120 6113//12120 6095//12120
f 6096//12121 6095//12121 6113//12121
f 6113//12122 6114//12122 6096//12122
f 6097//12123 6096//12123 6114//12123
f 6114//12124 6115//12124 6097//12124
f 6098//12125 6097//12125 6115//12125
f 6115//12126 6116//12126 6098//12126
f 6099//12127 6098//12127 6116//12127
f 6116//12128 6117//12128 6099//12128
f 6100//12129 6099//12129 6117//12129
f 6118//12130 6119//12130 6101//12130
f 6102//12131 6101//12131 6119//12131
f 6119//12132 6120//12132 6102//12132
f 6103//12133 6102//12133 6120//12133
f 6120//12134 6121//12134 6103//12134
f 6104//12135 6103//12135 6121//12135
f 6121//12136 6122//12136 6104//12136
f 6105//12137 6104//12137 6122//12137
f 6122//12138 6123//12138 6105//12138
f 6106//12139 6105//12139 6123//12139
f 6123//12140 6124//12140 6106//12140
f 6107//12141 6106//12141 6124//12141
f 6124//12142 6125//12142 6107//12142
f 6108//12143 6107//12143 6125//12143
f 6125//12144 6126//12144 6108//12144
f 6109//12145 6108//12145 6126//12145
f 6126//12146 6127//12146 6109//12146
f 6110//12147 6109//12147 6127//12147
f 6127//12148 6128//12148 6110//12148
f 6111//12149 6110//12149 6128//12149
f 6128//12149 6129//12149 6111//12149
f 6112//12150 6111//12150 6129//12150
f 6129//12151 6130//12151 6112//12151
f 6113//12152 6112//12152 6130//12152
f 6130//12153 6131//12153 6113//12153
f 6114//12154 6113//12154 6131//12154
f 6131//12155 6132//12155 6114//12155
f 6115//12156 6114//12156 6132//12156
f 6132//12157 6133//12157 6115//12157
f 6116//12158 6115//12158 6133//12158
f 6133//12159 6134//12159 6116//12159
f 6117//12160 6116//12160 6134//12160
f 6135//12161 6136//12161 6118//12161
f 6119//12162 6118//12162 6136//12162
f 6136//12163 6137//12163 6119//12163
f 6120//12164 6119//12164 6137//12164
f 6137//12165 6138//12165 6120//12165
f 6121//12166 6120//12166 6138//12166
f 6138//12167 6139//12167 6121//12167
f 6122//12168 6121//12168 6139//12168
f 6139//12169 6140//12169 6122//12169
f 6123//12170 6122//12170 6140//12170
f 6140//12171 6141//12171 6123//12171
f 6124//12172 6123//12172 6141//12172
f 6141//12173 6142//12173 6124//12173
f 6125//12174 6124//12174 6142//12174
f 6142//12146 6143//12146 6125//12146
f 6126//12146 6125//12146 6143//12146
f 6143//12146 6144//12146 6126//12146
f 6127//12146 6126//12146 6144//12146
f 6144//12175 6145//12175 6127//12175
f 6128//12176 6127//12176 6145//12176
f 6145//12177 6146//12177 6128//12177
f 6129//12178 6128//12178 6146//12178
f 6146//12179 6147//12179 6129//12179
f 6130//12180 6129//12180 6147//12180
f 6147//12181 6148//12181 6130//12181
f 6131//12182 6130//12182 6148//12182
f 6148//12183 6149//12183 6131//12183
f 6132//12184 6131//12184 6149//12184
f 6149//12185 6150//12185 6132//12185
f 6133//12186 6132//12186 6150//12186
f 6150//12187 6151//12187 6133//12187
f 6134//12188 6133//12188 6151//12188
f 6152//12189 6153//12189 6135//12189
f 6136//12190 6135//12190 6153//12190
f 6153//12191 6154//12191 6136//12191
f 6137//12192 6136//12192 6154//12192
f 6154//12193 6155//12193 6137//12193
f 6138//12194 6137//12194 6155//12194
f 6155//12195 6156//12195 6138//12195
f 6139//12195 6138//12195 6156//12195
f 6156//12196 6157//12196 6139//12196
f 6140//12197 6139//12197 6157//12197
f 6157//12198 6158//12198 6140//12198
f 6141//12199 6140//12199 6158//12199
f 6158//12200 6159//12200 6141//12200
f 6142//12201 6141//12201 6159//12201
f 6159//12202 6160//12202 6142//12202
f 6143//12203 6142//12203 6160//12203
f 6160//12204 6161//12204 6143//12204
f 6144//12146 6143//12146 6161//12146
f 6161//12205 6162//12205 6144//12205
f 6145//12206 6144//12206 6162//12206
f 6162//12207 6163//12207 6145//12207
f 6146//12208 6145//12208 6163//12208
f 6163//12209 6164//12209 6146//12209
f 6147//12210 6146//12210 6164//12210
f 6164//12211 6165//12211 6147//12211
f 6148//12212 6147//12212 6165//12212
f 6165//12213 6166//12213 6148//12213
f 6149//12214 6148//12214 6166//12214
f 6166//12215 6167//12215 6149//12215
f 6150//12216 6149//12216 6167//12216
f 6167//12217 6168//12217 6150//12217
f 6151//12218 6150//12218 6168//12218
f 6169//12219 6170//12219 6152//12219
f 6153//12220 6152//12220 6170//12220
f 6170//12221 6171//12221 6153//12221
f 6154//12222 6153//12222 6171//12222
f 6171//12223 6172//12223 6154//12223
f 6155//12224 6154//12224 6172//12224
f 6172//12225 6173//12225 6155//12225
f 6156//12226 6155//12226 6173//12226
f 6173//12227 6174//12227 6156//12227
f 6157//12228 6156//12228 6174//12228
f 6174//12229 6175//12229 6157//12229
f 6158//12230 6157//12230 6175//12230
f 6175//12231 6176//12231 6158//12231
f 6159//12232 6158//12232 6176//12232
f 6176//12233 6177//12233 6159//12233
f 6160//12234 6159//12234 6177//12234
f 6177//12235 6178//12235 6160//12235
f 6161//12236 6160//12236 6178//12236
f 6178//12237 6179//12237 6161//12237
f 6162//12238 6161//12238 6179//12238
f 6179//12239 6180//12239 6162//12239
f 6163//12240 6162//12240 6180//12240
f 6180//12241 6181//12241 6163//12241
f 6164//12242 6163//12242 6181//12242
f 6181//12243 6182//12243 6164//12243
f 6165//12243 6164//12243 6182//12243
f 6182//12244 6183//12244 6165//12244
f 6166//12245 6165//12245 6183//12245
f 6183//12246 6184//12246 6166//12246
f 6167//12247 6166//12247 6184//12247
f 6184//12248 6185//12248 6167//12248
f 6168//12249 6167//12249 6185//12249
f 6186//12250 6187//12250 6169//12250
f 6170//12251 6169//12251 6187//12251
f 6187//12252 6188//12252 6170//12252
f 6171//12253 6170//12253 6188//12253
f 6188//12254 6189//12254 6171//12254
f 6172//12255 6171//12255 6189//12255
f 6189//12256 6190//12256 6172//12256
f 6173//12257 6172//12257 6190//12257
f 6190//12258 6191//12258 6173//12258
f 6174//12259 6173//12259 6191//12259
f 6191//12260 6192//12260 6174//12260
f 6175//12261 6174//12261 6192//12261
f 6192//12262 6193//12262 6175//12262
f 6176//12263 6175//12263 6193//12263
f 6193//12264 6194//12264 6176//12264
f 6177//12265 6176//12265 6194//12265
f 6194//12266 6195//12266 6177//12266
f 6178//12267 6177//12267 6195//12267
f 6195//12268 6196//12268 6178//12268
f 6179//12269 6178//12269 6196//12269
f 6196//12270 6197//12270 6179//12270
f 6180//12271 6179//12271 6197//12271
f 6197//12272 6198//12272 6180//12272
f 6181//12273 6180//12273 6198//12273
f 6198//12274 6199//12274 6181//12274
f 6182//12275 6181//12275 6199//12275
f 6199//12276 6200//12276 6182//12276
f 6183//12277 6182//12277 6200//12277
f 6200//12278 6201//12278 6183//12278
f 6184//12279 6183//12279 6201//12279
f 6201//12280 6202//12280 6184//12280
f 6185//12281 6184//12281 6202//12281
f 6203//12282 6204//12282 6186//12282
f 6187//12283 6186//12283 6204//12283
f 6204//12252 6205//12252 6187//12252
f 6188//12252 6187//12252 6205//12252
f 6205//12284 6206//12284 6188//12284
f 6189//12285 6188//12285 6206//12285
f 6206//12286 6207//12286 6189//12286
f 6190//12287 6189//12287 6207//12287
f 6207//12288 6208//12288 6190//12288
f 6191//12289 6190//12289 6208//12289
f 6208//12290 6209//12290 6191//12290
f 6192//12291 6191//12291 6209//12291
f 6209//12292 6210//12292 6192//12292
f 6193//12293 6192//12293 6210//12293
f 6210//12294 6211//12294 6193//12294
f 6194//12295 6193//12295 6211//12295
f 6211//12296 6212//12296 6194//12296
f 6195//12297 6194//12297 6212//12297
f 6212//12298 6213//12298 6195//12298
f 6196//12299 6195//12299 6213//12299
f 6213//12270 6214//12270 6196//12270
f 6197//12270 6196//12270 6214//12270
f 6214//12270 6215//12270 6197//12270
f 6198//12272 6197//12272 6215//12272
f 6215//12300 6216//12300 6198//12300
f 6199//12301 6198//12301 6216//12301
f 6216//12302 6217//12302 6199//12302
f 6200//12303 6199//12303 6217//12303
f 6217//12304 6218//12304 6200//12304
f 6201//12305 6200//12305 6218//12305
f 6218//12306 6219//12306 6201//12306
f 6202//12307 6201//12307 6219//12307
f 6220//12308 6221//12308 6203//12308
f 6204//12309 6203//12309 6221//12309
f 6221//12310 6222//12310 6204//12310
f 6205//12311 6204//12311 6222//12311
f 6222//12312 6223//12312 6205//12312
f 6206//12313 6205//12313 6223//12313
f 6223//12314 6224//12314 6206//12314
f 6207//12315 6206//12315 6224//12315
f 6224//12316 6225//12316 6207//12316
f 6208//12317 6207//12317 6225//12317
f 6225//12318 6226//12318 6208//12318
f 6209//12319 6208//12319 6226//12319
f 6226//12320 6227//12320 6209//12320
f 6210//12321 6209//12321 6227//12321
f 6227//12322 6228//12322 6210//12322
f 6211//12323 6210//12323 6228//12323
f 6228//12324 6229//12324 6211//12324
f 6212//12325 6211//12325 6229//12325
f 6229//12326 6230//12326 6212//12326
f 6213//12327 6212//12327 6230//12327
f 6230//12270 6231//12270 6213//12270
f 6214//12328 6213//12328 6231//12328
f 6231//12329 6232//12329 6214//12329
f 6215//12270 6214//12270 6232//12270
f 6232//12330 6233//12330 6215//12330
f 6216//12331 6215//12331 6233//12331
f 6233//12332 6234//12332 6216//12332
f 6217//12333 6216//12333 6234//12333
f 6234//12334 6235//12334 6217//12334
f 6218//12335 6217//12335 6235//12335
f 6235//12336 6236//12336 6218//12336
f 6219//12337 6218//12337 6236//12337
f 6237//12338 6238//12338 6220//12338
f 6221//12339 6220//12339 6238//12339
f 6238//12340 6239//12340 6221//12340
f 6222//12341 6221//12341 6239//12341
f 6239//12342 6240//12342 6222//12342
f 6223//12343 6222//12343 6240//12343
f 6240//12344 6241//12344 6223//12344
f 6224//12345 6223//12345 6241//12345
f 6241//12346 6242//12346 6224//12346
f 6225//12346 6224//12346 6242//12346
f 6242//12347 6243//12347 6225//12347
f 6226//12348 6225//12348 6243//12348
f 6243//12349 6244//12349 6226//12349
f 6227//12350 6226//12350 6244//12350
f 6244//12322 6245//12322 6227//12322
f 6228//12322 6227//12322 6245//12322
f 6245//12322 6246//12322 6228//12322
f 6229//12351 6228//12351 6246//12351
f 6246//12352 6247//12352 6229//12352
f 6230//12353 6229//12353 6247//12353
f 6247//12354 6248//12354 6230//12354
f 6231//12355 6230//12355 6248//12355
f 6248//12356 6249//12356 6231//12356
f 6232//12357 6231//12357 6249//12357
f 6249//12358 6250//12358 6232//12358
f 6233//12359 6232//12359 6250//12359
f 6250//12360 6251//12360 6233//12360
f 6234//12361 6233//12361 6251//12361
f 6251//12362 6252//12362 6234//12362
f 6235//12363 6234//12363 6252//12363
f 6252//12364 6253//12364 6235//12364
f 6236//12365 6235//12365 6253//12365
f 6254//12366 6255//12366 6237//12366
f 6238//12367 6237//12367 6255//12367
f 6255//12368 6256//12368 6238//12368
f 6239//12369 6238//12369 6256//12369
f 6256//12369 6257//12369 6239//12369
f 6240//12370 6239//12370 6257//12370
f 6257//12371 6258//12371 6240//12371
f 6241//12372 6240//12372 6258//12372
f 6258//12373 6259//12373 6241//12373
f 6242//12374 6241//12374 6259//12374
f 6259//12375 6260//12375 6242//12375
f 6243//12376 6242//12376 6260//12376
f 6260//12377 6261//12377 6243//12377
f 6244//12378 6243//12378 6261//12378
f 6261//12379 6262//12379 6244//12379
f 6245//12380 6244//12380 6262//12380
f 6262//12381 6263//12381 6245//12381
f 6246//12382 6245//12382 6263//12382
f 6263//12383 6264//12383 6246//12383
f 6247//12384 6246//12384 6264//12384
f 6264//12385 6265//12385 6247//12385
f 6248//12386 6247//12386 6265//12386
f 6265//12387 6266//12387 6248//12387
f 6249//12388 6248//12388 6266//12388
f 6266//12389 6267//12389 6249//12389
f 6250//12390 6249//12390 6267//12390
f 6267//12391 6268//12391 6250//12391
f 6251//12392 6250//12392 6268//12392
f 6268//12393 6269//12393 6251//12393
f 6252//12362 6251//12362 6269//12362
f 6269//12394 6270//12394 6252//12394
f 6253//12395 6252//12395 6270//12395
f 6271//12396 6272//12396 6254//12396
f 6255//12397 6254//12397 6272//12397
f 6272//12398 6273//12398 6255//12398
f 6256//12398 6255//12398 6273//12398
f 6273//12399 6274//12399 6256//12399
f 6257//12400 6256//12400 6274//12400
f 6274//12401 6275//12401 6257//12401
f 6258//12402 6257//12402 6275//12402
f 6275//12403 6276//12403 6258//12403
f 6259//12404 6258//12404 6276//12404
f 6276//12405 6277//12405 6259//12405
f 6260//12406 6259//12406 6277//12406
f 6277//12407 6278//12407 6260//12407
f 6261//12408 6260//12408 6278//12408
f 6278//12409 6279//12409 6261//12409
f 6262//12410 6261//12410 6279//12410
f 6279//12411 6280//12411 6262//12411
f 6263//12412 6262//12412 6280//12412
f 6280//12413 6281//12413 6263//12413
f 6264//12414 6263//12414 6281//12414
f 6281//12415 6282//12415 6264//12415
f 6265//12416 6264//12416 6282//12416
f 6282//12417 6283//12417 6265//12417
f 6266//12387 6265//12387 6283//12387
f 6283//12418 6284//12418 6266//12418
f 6267//12419 6266//12419 6284//12419
f 6284//12420 6285//12420 6267//12420
f 6268//12391 6267//12391 6285//12391
f 6285//12421 6286//12421 6268//12421
f 6269//12422 6268//12422 6286//12422
f 6286//12423 6287//12423 6269//12423
f 6270//12424 6269//12424 6287//12424
f 6288//12425 6289//12425 6271//12425
f 6272//12426 6271//12426 6289//12426
f 6289//12427 6290//12427 6272//12427
f 6273//12428 6272//12428 6290//12428
f 6290//12429 6291//12429 6273//12429
f 6274//12430 6273//12430 6291//12430
f 6291//12431 6292//12431 6274//12431
f 6275//12432 6274//12432 6292//12432
f 6292//12433 6293//12433 6275//12433
f 6276//12434 6275//12434 6293//12434
f 6293//12435 6294//12435 6276//12435
f 6277//12405 6276//12405 6294//12405
f 6294//12436 6295//12436 6277//12436
f 6278//12437 6277//12437 6295//12437
f 6295//12438 6296//12438 6278//12438
f 6279//12439 6278//12439 6296//12439
f 6296//12440 6297//12440 6279//12440
f 6280//12441 6279//12441 6297//12441
f 6297//12442 6298//12442 6280//12442
f 6281//12443 6280//12443 6298//12443
f 6298//12444 6299//12444 6281//12444
f 6282//12415 6281//12415 6299//12415
f 6299//12445 6300//12445 6282//12445
f 6283//12446 6282//12446 6300//12446
f 6300//12447 6301//12447 6283//12447
f 6284//12448 6283//12448 6301//12448
f 6301//12449 6302//12449 6284//12449
f 6285//12450 6284//12450 6302//12450
f 6302//12451 6303//12451 6285//12451
f 6286//12452 6285//12452 6303//12452
f 6303//12453 6304//12453 6286//12453
f 6287//12454 6286//12454 6304//12454
f 6305//12455 6306//12455 6288//12455
f 6289//12456 6288//12456 6306//12456
f 6306//12457 6307//12457 6289//12457
f 6290//12458 6289//12458 6307//12458
f 6307//12459 6308//12459 6290//12459
f 6291//12460 6290//12460 6308//12460
f 6308//12461 6309//12461 6291//12461
f 6292//12462 6291//12462 6309//12462
f 6309//12463 6310//12463 6292//12463
f 6293//12464 6292//12464 6310//12464
f 6310//12465 6311//12465 6293//12465
f 6294//12466 6293//12466 6311//12466
f 6311//12467 6312//12467 6294//12467
f 6295//12468 6294//12468 6312//12468
f 6312//12469 6313//12469 6295//12469
f 6296//12470 6295//12470 6313//12470
f 6313//12471 6314//12471 6296//12471
f 6297//12472 6296//12472 6314//12472
f 6314//12473 6315//12473 6297//12473
f 6298//12474 6297//12474 6315//12474
f 6315//12475 6316//12475 6298//12475
f 6299//12476 6298//12476 6316//12476
f 6316//12477 6317//12477 6299//12477
f 6300//12478 6299//12478 6317//12478
f 6317//12479 6318//12479 6300//12479
f 6301//12480 6300//12480 6318//12480
f 6318//12481 6319//12481 6301//12481
f 6302//12482 6301//12482 6319//12482
f 6319//12483 6320//12483 6302//12483
f 6303//12484 6302//12484 6320//12484
f 6320//12453 6321//12453 6303//12453
f 6304//12453 6303//12453 6321//12453
f 6322//12485 6323//12485 6305//12485
f 6306//12486 6305//12486 6323//12486
f 6323//12487 6324//12487 6306//12487
f 6307//12488 6306//12488 6324//12488
f 6324//12489 6325//12489 6307//12489
f 6308//12489 6307//12489 6325//12489
f 6325//12490 6326//12490 6308//12490
f 6309//12491 6308//12491 6326//12491
f 6326//12492 6327//12492 6309//12492
f 6310//12493 6309//12493 6327//12493
f 6327//12494 6328//12494 6310//12494
f 6311//12495 6310//12495 6328//12495
f 6328//12496 6329//12496 6311//12496
f 6312//12497 6311//12497 6329//12497
f 6329//12498 6330//12498 6312//12498
f 6313//12499 6312//12499 6330//12499
f 6330//12500 6331//12500 6313//12500
f 6314//12501 6313//12501 6331//12501
f 6331//12502 6332//12502 6314//12502
f 6315//12503 6314//12503 6332//12503
f 6332//12504 6333//12504 6315//12504
f 6316//12505 6315//12505 6333//12505
f 6333//12506 6334//12506 6316//12506
f 6317//12507 6316//12507 6334//12507
f 6334//12508 6335//12508 6317//12508
f 6318//12509 6317//12509 6335//12509
f 6335//12510 6336//12510 6318//12510
f 6319//12511 6318//12511 6336//12511
f 6336//12512 6337//12512 6319//12512
f 6320//12513 6319//12513 6337//12513
f 6337//12514 6338//12514 6320//12514
f 6321//12515 6320//12515 6338//12515
f 6355//12516 6390//12516 6322//12516
f 6323//12517 6322//12517 6390//12517
f 6390//12517 6391//12517 6323//12517
f 6324//12518 6323//12518 6391//12518
f 6391//12519 6392//12519 6324//12519
f 6325//12520 6324//12520 6392//12520
f 6392//12521 6393//12521 6325//12521
f 6326//12522 6325//12522 6393//12522
f 6393//12523 6394//12523 6326//12523
f 6327//12524 6326//12524 6394//12524
f 6394//12525 6395//12525 6327//12525
f 6328//12526 6327//12526 6395//12526
f 6395//12527 6396//12527 6328//12527
f 6329//12528 6328//12528 6396//12528
f 6396//12529 6397//12529 6329//12529
f 6330//12530 6329//12530 6397//12530
f 6397//12531 6398//12531 6330//12531
f 6331//12532 6330//12532 6398//12532
f 6398//12533 6399//12533 6331//12533
f 6332//12534 6331//12534 6399//12534
f 6399//12535 6400//12535 6332//12535
f 6333//12536 6332//12536 6400//12536
f 6400//12537 6401//12537 6333//12537
f 6334//12538 6333//12538 6401//12538
f 6401//12539 6402//12539 6334//12539
f 6335//12540 6334//12540 6402//12540
f 6402//12541 6403//12541 6335//12541
f 6336//12542 6335//12542 6403//12542
f 6403//12543 6404//12543 6336//12543
f 6337//12544 6336//12544 6404//12544
f 6404//12545 6405//12545 6337//12545
f 6338//12546 6337//12546 6405//12546
f 6354//12547 6355//12547 6305//12547
f 6322//12516 6305//12516 6355//12516
f 6353//12548 6354//12548 6288//12548
f 6305//12549 6288//12549 6354//12549
f 6352//12550 6353//12550 6271//12550
f 6288//12551 6271//12551 6353//12551
f 6351//12552 6352//12552 6254//12552
f 6271//12553 6254//12553 6352//12553
f 6350//12554 6351//12554 6237//12554
f 6254//12555 6237//12555 6351//12555
f 6349//12556 6350//12556 6220//12556
f 6237//12557 6220//12557 6350//12557
f 6348//12556 6349//12556 6203//12556
f 6220//12556 6203//12556 6349//12556
f 6347//12558 6348//12558 6186//12558
f 6203//12559 6186//12559 6348//12559
f 6346//12560 6347//12560 6169//12560
f 6186//12561 6169//12561 6347//12561
f 6345//12562 6346//12562 6152//12562
f 6169//12563 6152//12563 6346//12563
f 6344//12564 6345//12564 6135//12564
f 6152//12565 6135//12565 6345//12565
f 6343//12566 6344//12566 6118//12566
f 6135//12567 6118//12567 6344//12567
f 6342//12568 6343//12568 6101//12568
f 6118//12569 6101//12569 6343//12569
f 6341//12570 6342//12570 6084//12570
f 6101//12571 6084//12571 6342//12571
f 6340//12572 6341//12572 6067//12572
f 6084//12573 6067//12573 6341//12573
f 6339//12574 6340//12574 6050//12574
f 6067//12575 6050//12575 6340//12575
f 6405//12576 6438//12576 6338//12576
f 6321//12577 6338//12577 6438//12577
f 6438//12578 6439//12578 6321//12578
f 6304//12579 6321//12579 6439//12579
f 6439//12580 6440//12580 6304//12580
f 6287//12581 6304//12581 6440//12581
f 6440//12582 6441//12582 6287//12582
f 6270//12583 6287//12583 6441//12583
f 6441//12584 6442//12584 6270//12584
f 6253//12585 6270//12585 6442//12585
f 6442//12586 6443//12586 6253//12586
f 6236//12587 6253//12587 6443//12587
f 6443//12588 6444//12588 6236//12588
f 6219//12589 6236//12589 6444//12589
f 6444//12590 6445//12590 6219//12590
f 6202//12591 6219//12591 6445//12591
f 6445//12592 6446//12592 6202//12592
f 6185//12593 6202//12593 6446//12593
f 6446//12594 6447//12594 6185//12594
f 6168//12595 6185//12595 6447//12595
f 6447//12596 6448//12596 6168//12596
f 6151//12597 6168//12597 6448//12597
f 6448//12598 6449//12598 6151//12598
f 6134//12599 6151//12599 6449//12599
f 6449//12600 6450//12600 6134//12600
f 6117//12601 6134//12601 6450//12601
f 6450//12602 6451//12602 6117//12602
f 6100//12603 6117//12603 6451//12603
f 6451//12604 6452//12604 6100//12604
f 6083//12605 6100//12605 6452//12605
f 6452//12606 6453//12606 6083//12606
f 6066//12607 6083//12607 6453//12607
f 6356//12608 6357//12608 6339//12608
f 6340//12609 6339//12609 6357//12609
f 6357//12610 6358//12610 6340//12610
f 6341//12611 6340//12611 6358//12611
f 6358//12612 6359//12612 6341//12612
f 6342//12613 6341//12613 6359//12613
f 6359//12614 6360//12614 6342//12614
f 6343//12615 6342//12615 6360//12615
f 6360//12616 6361//12616 6343//12616
f 6344//12617 6343//12617 6361//12617
f 6361//12618 6362//12618 6344//12618
f 6345//12619 6344//12619 6362//12619
f 6362//12620 6363//12620 6345//12620
f 6346//12621 6345//12621 6363//12621
f 6363//12622 6364//12622 6346//12622
f 6347//12623 6346//12623 6364//12623
f 6364//12624 6365//12624 6347//12624
f 6348//12625 6347//12625 6365//12625
f 6365//12626 6366//12626 6348//12626
f 6349//12627 6348//12627 6366//12627
f 6366//12628 6367//12628 6349//12628
f 6350//12629 6349//12629 6367//12629
f 6367//12630 6368//12630 6350//12630
f 6351//12631 6350//12631 6368//12631
f 6368//12632 6369//12632 6351//12632
f 6352//12633 6351//12633 6369//12633
f 6369//12634 6370//12634 6352//12634
f 6353//12634 6352//12634 6370//12634
f 6370//12634 6371//12634 6353//12634
f 6354//12635 6353//12635 6371//12635
f 6371//12636 6372//12636 6354//12636
f 6355//12637 6354//12637 6372//12637
f 6373//12638 6374//12638 6356//12638
f 6357//12639 6356//12639 6374//12639
f 5986//12640 5987//12640 6373//12640
f 6374//12641 6373//12641 5987//12641
f 6374//12642 6375//12642 6357//12642
f 6358//12643 6357//12643 6375//12643
f 5987//12644 5988//12644 6374//12644
f 6375//12645 6374//12645 5988//12645
f 6375//12646 6376//12646 6358//12646
f 6359//12647 6358//12647 6376//12647
f 5988//12648 5989//12648 6375//12648
f 6376//12649 6375//12649 5989//12649
f 6376//12650 6377//12650 6359//12650
f 6360//12651 6359//12651 6377//12651
f 5989//12652 5990//12652 6376//12652
f 6377//12653 6376//12653 5990//12653
f 6377//12654 6378//12654 6360//12654
f 6361//12655 6360//12655 6378//12655
f 5990//12656 5991//12656 6377//12656
f 6378//12657 6377//12657 5991//12657
f 6378//12658 6379//12658 6361//12658
f 6362//12659 6361//12659 6379//12659
f 5991//12660 5992//12660 6378//12660
f 6379//12661 6378//12661 5992//12661
f 6379//12662 6380//12662 6362//12662
f 6363//12663 6362//12663 6380//12663
f 5992//12664 5993//12664 6379//12664
f 6380//12665 6379//12665 5993//12665
f 6380//12666 6381//12666 6363//12666
f 6364//12667 6363//12667 6381//12667
f 5993//12668 5994//12668 6380//12668
f 6381//12669 6380//12669 5994//12669
f 6381//12670 6382//12670 6364//12670
f 6365//12671 6364//12671 6382//12671
f 5994//12672 5995//12672 6381//12672
f 6382//12673 6381//12673 5995//12673
f 6382//12674 6383//12674 6365//12674
f 6366//12675 6365//12675 6383//12675
f 5995//12676 5996//12676 6382//12676
f 6383//12677 6382//12677 5996//12677
f 6383//12678 6384//12678 6366//12678
f 6367//12679 6366//12679 6384//12679
f 5996//12680 5997//12680 6383//12680
f 6384//12681 6383//12681 5997//12681
f 6384//12682 6385//12682 6367//12682
f 6368//12683 6367//12683 6385//12683
f 5997//12684 5998//12684 6384//12684
f 6385//12685 6384//12685 5998//12685
f 6385//12686 6386//12686 6368//12686
f 6369//12687 6368//12687 6386//12687
f 5998//12688 5999//12688 6385//12688
f 6386//12689 6385//12689 5999//12689
f 6386//12690 6387//12690 6369//12690
f 6370//12691 6369//12691 6387//12691
f 5999//12692 6000//12692 6386//12692
f 6387//12693 6386//12693 6000//12693
f 6387//12694 6388//12694 6370//12694
f 6371//12695 6370//12695 6388//12695
f 6000//12696 6001//12696 6387//12696
f 6388//12697 6387//12697 6001//12697
f 6388//12698 6389//12698 6371//12698
f 6372//12699 6371//12699 6389//12699
f 6001//12700 6002//12700 6388//12700
f 6389//12701 6388//12701 6002//12701
f 6530//12702 6049//12702 6373//12702
f 5986//12703 6373//12703 6049//12703
f 6515//12704 6530//12704 6356//12704
f 6373//12705 6356//12705 6530//12705
f 6500//12706 6515//12706 6339//12706
f 6356//12707 6339//12707 6515//12707
f 6003//12708 6422//12708 6002//12708
f 6389//12709 6002//12709 6422//12709
f 6422//12710 6406//12710 6389//12710
f 6372//12711 6389//12711 6406//12711
f 6406//12712 6390//12712 6372//12712
f 6355//12713 6372//12713 6390//12713
f 6406//12714 6407//12714 6390//12714
f 6391//12715 6390//12715 6407//12715
f 6407//12716 6408//12716 6391//12716
f 6392//12717 6391//12717 6408//12717
f 6408//12718 6409//12718 6392//12718
f 6393//12718 6392//12718 6409//12718
f 6409//12719 6410//12719 6393//12719
f 6394//12720 6393//12720 6410//12720
f 6410//12721 6411//12721 6394//12721
f 6395//12722 6394//12722 6411//12722
f 6411//12723 6412//12723 6395//12723
f 6396//12724 6395//12724 6412//12724
f 6412//12725 6413//12725 6396//12725
f 6397//12726 6396//12726 6413//12726
f 6413//12727 6414//12727 6397//12727
f 6398//12728 6397//12728 6414//12728
f 6414//12729 6415//12729 6398//12729
f 6399//12730 6398//12730 6415//12730
f 6415//12731 6416//12731 6399//12731
f 6400//12732 6399//12732 6416//12732
f 6416//12733 6417//12733 6400//12733
f 6401//12734 6400//12734 6417//12734
f 6417//12735 6418//12735 6401//12735
f 6402//12736 6401//12736 6418//12736
f 6418//12737 6419//12737 6402//12737
f 6403//12738 6402//12738 6419//12738
f 6419//12739 6420//12739 6403//12739
f 6404//12740 6403//12740 6420//12740
f 6420//12741 6421//12741 6404//12741
f 6405//12742 6404//12742 6421//12742
f 6422//12743 6423//12743 6406//12743
f 6407//12744 6406//12744 6423//12744
f 6003//12745 6004//12745 6422//12745
f 6423//12746 6422//12746 6004//12746
f 6423//12747 6424//12747 6407//12747
f 6408//12748 6407//12748 6424//12748
f 6004//12749 6005//12749 6423//12749
f 6424//12750 6423//12750 6005//12750
f 6424//12751 6425//12751 6408//12751
f 6409//12752 6408//12752 6425//12752
f 6005//12753 6006//12753 6424//12753
f 6425//12754 6424//12754 6006//12754
f 6425//12755 6426//12755 6409//12755
f 6410//12756 6409//12756 6426//12756
f 6006//12757 6007//12757 6425//12757
f 6426//12758 6425//12758 6007//12758
f 6426//12759 6427//12759 6410//12759
f 6411//12760 6410//12760 6427//12760
f 6007//12761 6008//12761 6426//12761
f 6427//12762 6426//12762 6008//12762
f 6427//12763 6428//12763 6411//12763
f 6412//12764 6411//12764 6428//12764
f 6008//12765 6009//12765 6427//12765
f 6428//12766 6427//12766 6009//12766
f 6428//12767 6429//12767 6412//12767
f 6413//12768 6412//12768 6429//12768
f 6009//12769 6010//12769 6428//12769
f 6429//12770 6428//12770 6010//12770
f 6429//12771 6430//12771 6413//12771
f 6414//12772 6413//12772 6430//12772
f 6010//12773 6011//12773 6429//12773
f 6430//12774 6429//12774 6011//12774
f 6430//12775 6431//12775 6414//12775
f 6415//12776 6414//12776 6431//12776
f 6011//12777 6012//12777 6430//12777
f 6431//12778 6430//12778 6012//12778
f 6431//12779 6432//12779 6415//12779
f 6416//12780 6415//12780 6432//12780
f 6012//12781 6013//12781 6431//12781
f 6432//12782 6431//12782 6013//12782
f 6432//12783 6433//12783 6416//12783
f 6417//12784 6416//12784 6433//12784
f 6013//12785 6014//12785 6432//12785
f 6433//12786 6432//12786 6014//12786
f 6433//12787 6434//12787 6417//12787
f 6418//12788 6417//12788 6434//12788
f 6014//12789 6015//12789 6433//12789
f 6434//12790 6433//12790 6015//12790
f 6434//12791 6435//12791 6418//12791
f 6419//12792 6418//12792 6435//12792
f 6015//12793 6016//12793 6434//12793
f 6435//12794 6434//12794 6016//12794
f 6435//12795 6436//12795 6419//12795
f 6420//12796 6419//12796 6436//12796
f 6016//12797 6017//12797 6435//12797
f 6436//12798 6435//12798 6017//12798
f 6436//12799 6437//12799 6420//12799
f 6421//12800 6420//12800 6437//12800
f 6017//12801 6018//12801 6436//12801
f 6437//12802 6436//12802 6018//12802
f 6019//12803 6470//12803 6018//12803
f 6437//12804 6018//12804 6470//12804
f 6470//12805 6454//12805 6437//12805
f 6421//12806 6437//12806 6454//12806
f 6454//12807 6438//12807 6421//12807
f 6405//12808 6421//12808 6438//12808
f 6454//12809 6455//12809 6438//12809
f 6439//12810 6438//12810 6455//12810
f 6455//12811 6456//12811 6439//12811
f 6440//12812 6439//12812 6456//12812
f 6456//12813 6457//12813 6440//12813
f 6441//12814 6440//12814 6457//12814
f 6457//12815 6458//12815 6441//12815
f 6442//12816 6441//12816 6458//12816
f 6458//12817 6459//12817 6442//12817
f 6443//12818 6442//12818 6459//12818
f 6459//12819 6460//12819 6443//12819
f 6444//12820 6443//12820 6460//12820
f 6460//12821 6461//12821 6444//12821
f 6445//12822 6444//12822 6461//12822
f 6461//12823 6462//12823 6445//12823
f 6446//12824 6445//12824 6462//12824
f 6462//12825 6463//12825 6446//12825
f 6447//12826 6446//12826 6463//12826
f 6463//12827 6464//12827 6447//12827
f 6448//12828 6447//12828 6464//12828
f 6464//12829 6465//12829 6448//12829
f 6449//12830 6448//12830 6465//12830
f 6465//12831 6466//12831 6449//12831
f 6450//12832 6449//12832 6466//12832
f 6466//12833 6467//12833 6450//12833
f 6451//12834 6450//12834 6467//12834
f 6467//12835 6468//12835 6451//12835
f 6452//12836 6451//12836 6468//12836
f 6468//12837 6469//12837 6452//12837
f 6453//12838 6452//12838 6469//12838
f 6470//12839 6471//12839 6454//12839
f 6455//12840 6454//12840 6471//12840
f 6019//12841 6020//12841 6470//12841
f 6471//12842 6470//12842 6020//12842
f 6471//12843 6472//12843 6455//12843
f 6456//12844 6455//12844 6472//12844
f 6020//12845 6021//12845 6471//12845
f 6472//12846 6471//12846 6021//12846
f 6472//12847 6473//12847 6456//12847
f 6457//12848 6456//12848 6473//12848
f 6021//12849 6022//12849 6472//12849
f 6473//12850 6472//12850 6022//12850
f 6473//12851 6474//12851 6457//12851
f 6458//12852 6457//12852 6474//12852
f 6022//12853 6023//12853 6473//12853
f 6474//12854 6473//12854 6023//12854
f 6474//12855 6475//12855 6458//12855
f 6459//12856 6458//12856 6475//12856
f 6023//12857 6024//12857 6474//12857
f 6475//12858 6474//12858 6024//12858
f 6475//12859 6476//12859 6459//12859
f 6460//12860 6459//12860 6476//12860
f 6024//12861 6025//12861 6475//12861
f 6476//12862 6475//12862 6025//12862
f 6476//12863 6477//12863 6460//12863
f 6461//12864 6460//12864 6477//12864
f 6025//12865 6026//12865 6476//12865
f 6477//12866 6476//12866 6026//12866
f 6477//12867 6478//12867 6461//12867
f 6462//12868 6461//12868 6478//12868
f 6026//12869 6027//12869 6477//12869
f 6478//12870 6477//12870 6027//12870
f 6478//12871 6479//12871 6462//12871
f 6463//12872 6462//12872 6479//12872
f 6027//12873 6028//12873 6478//12873
f 6479//12874 6478//12874 6028//12874
f 6479//12875 6480//12875 6463//12875
f 6464//12876 6463//12876 6480//12876
f 6028//12877 6029//12877 6479//12877
f 6480//12878 6479//12878 6029//12878
f 6480//12879 6481//12879 6464//12879
f 6465//12880 6464//12880 6481//12880
f 6029//12881 6030//12881 6480//12881
f 6481//12882 6480//12882 6030//12882
f 6481//12883 6482//12883 6465//12883
f 6466//12884 6465//12884 6482//12884
f 6030//12885 6031//12885 6481//12885
f 6482//12886 6481//12886 6031//12886
f 6482//12887 6483//12887 6466//12887
f 6467//12888 6466//12888 6483//12888
f 6031//12889 6032//12889 6482//12889
f 6483//12890 6482//12890 6032//12890
f 6483//12891 6484//12891 6467//12891
f 6468//12892 6467//12892 6484//12892
f 6032//12893 6033//12893 6483//12893
f 6484//12894 6483//12894 6033//12894
f 6484//12895 6485//12895 6468//12895
f 6469//12896 6468//12896 6485//12896
f 6033//12897 6034//12897 6484//12897
f 6485//12898 6484//12898 6034//12898
f 6501//12899 6486//12899 6469//12899
f 6453//12900 6469//12900 6486//12900
f 6035//12901 6516//12901 6034//12901
f 6485//12902 6034//12902 6516//12902
f 6516//12903 6501//12903 6485//12903
f 6469//12904 6485//12904 6501//12904
f 6501//12905 6502//12905 6486//12905
f 6487//12906 6486//12906 6502//12906
f 6502//12906 6503//12906 6487//12906
f 6488//12907 6487//12907 6503//12907
f 6503//12908 6504//12908 6488//12908
f 6489//12909 6488//12909 6504//12909
f 6504//12910 6505//12910 6489//12910
f 6490//12911 6489//12911 6505//12911
f 6505//12910 6506//12910 6490//12910
f 6491//12912 6490//12912 6506//12912
f 6506//12913 6507//12913 6491//12913
f 6492//12914 6491//12914 6507//12914
f 6507//12915 6508//12915 6492//12915
f 6493//12916 6492//12916 6508//12916
f 6508//12917 6509//12917 6493//12917
f 6494//12918 6493//12918 6509//12918
f 6509//12919 6510//12919 6494//12919
f 6495//12920 6494//12920 6510//12920
f 6510//12921 6511//12921 6495//12921
f 6496//12922 6495//12922 6511//12922
f 6511//12923 6512//12923 6496//12923
f 6497//12924 6496//12924 6512//12924
f 6512//12925 6513//12925 6497//12925
f 6498//12926 6497//12926 6513//12926
f 6513//12927 6514//12927 6498//12927
f 6499//12928 6498//12928 6514//12928
f 6514//12929 6515//12929 6499//12929
f 6500//12930 6499//12930 6515//12930
f 6516//12931 6517//12931 6501//12931
f 6502//12932 6501//12932 6517//12932
f 6035//12933 6036//12933 6516//12933
f 6517//12934 6516//12934 6036//12934
f 6517//12935 6518//12935 6502//12935
f 6503//12936 6502//12936 6518//12936
f 6036//12937 6037//12937 6517//12937
f 6518//12938 6517//12938 6037//12938
f 6518//12939 6519//12939 6503//12939
f 6504//12940 6503//12940 6519//12940
f 6037//12941 6038//12941 6518//12941
f 6519//12942 6518//12942 6038//12942
f 6519//12943 6520//12943 6504//12943
f 6505//12944 6504//12944 6520//12944
f 6038//12945 6039//12945 6519//12945
f 6520//12946 6519//12946 6039//12946
f 6520//12947 6521//12947 6505//12947
f 6506//12948 6505//12948 6521//12948
f 6039//12949 6040//12949 6520//12949
f 6521//12950 6520//12950 6040//12950
f 6521//12951 6522//12951 6506//12951
f 6507//12952 6506//12952 6522//12952
f 6040//12953 6041//12953 6521//12953
f 6522//12954 6521//12954 6041//12954
f 6522//12955 6523//12955 6507//12955
f 6508//12956 6507//12956 6523//12956
f 6041//12957 6042//12957 6522//12957
f 6523//12958 6522//12958 6042//12958
f 6523//12959 6524//12959 6508//12959
f 6509//12960 6508//12960 6524//12960
f 6042//12961 6043//12961 6523//12961
f 6524//12962 6523//12962 6043//12962
f 6524//12963 6525//12963 6509//12963
f 6510//12964 6509//12964 6525//12964
f 6043//12965 6044//12965 6524//12965
f 6525//12966 6524//12966 6044//12966
f 6525//12967 6526//12967 6510//12967
f 6511//12968 6510//12968 6526//12968
f 6044//12969 6045//12969 6525//12969
f 6526//12970 6525//12970 6045//12970
f 6526//12971 6527//12971 6511//12971
f 6512//12972 6511//12972 6527//12972
f 6045//12973 6046//12973 6526//12973
f 6527//12974 6526//12974 6046//12974
f 6527//12975 6528//12975 6512//12975
f 6513//12976 6512//12976 6528//12976
f 6046//12977 6047//12977 6527//12977
f 6528//12978 6527//12978 6047//12978
f 6528//12979 6529//12979 6513//12979
f 6514//12980 6513//12980 6529//12980
f 6047//12981 6048//12981 6528//12981
f 6529//12982 6528//12982 6048//12982
f 6529//12983 6530//12983 6514//12983
f 6515//12984 6514//12984 6530//12984
f 6048//12985 6049//12985 6529//12985
f 6530//12986 6529//12986 6049//12986
o 平面.001
v -5.000000 -5.000000 -5.140000
v 5.000000 -5.000000 -5.140000
v -5.000000 5.000000 -5.140000
v 5.000000 5.000000 -5.140000
vn -0.0000 -0.0000 1.0000
vt 1.000000 0.000000
vt 0.000000 1.000000
vt 0.000000 0.000000
vt 1.000000 1.000000
s 0
f 6532/1/12987 6533/2/12987 6531/3/12987
f 6532/1/12987 6534/4/12987 6533/2/12987
